risk_probability,risk_tier,recommended_action
0.6401951785363673,Critical,Escalate: evaluate alternate sourcing / expedite fees; alert downstream planning to adjust schedule or safety stock.
0.4954089913610623,High,Buyer follow-up call with supplier; evaluate expedite shipping quote.
0.5429019378357365,High,Buyer follow-up call with supplier; evaluate expedite shipping quote.
0.47392723383946095,High,Buyer follow-up call with supplier; evaluate expedite shipping quote.
0.4480581812223796,High,Buyer follow-up call with supplier; evaluate expedite shipping quote.
0.3794517082133284,High,Buyer follow-up call with supplier; evaluate expedite shipping quote.
0.29566975232852677,Medium,Automated supplier check-in email.
0.42282344817407846,High,Buyer follow-up call with supplier; evaluate expedite shipping quote.
0.5707422757248815,High,Buyer follow-up call with supplier; evaluate expedite shipping quote.
0.42789143363975846,High,Buyer follow-up call with supplier; evaluate expedite shipping quote.
0.43312243140460926,High,Buyer follow-up call with supplier; evaluate expedite shipping quote.
0.634542295227113,Critical,Escalate: evaluate alternate sourcing / expedite fees; alert downstream planning to adjust schedule or safety stock.
0.38139508207667905,High,Buyer follow-up call with supplier; evaluate expedite shipping quote.
0.34220032495721786,High,Buyer follow-up call with supplier; evaluate expedite shipping quote.
0.30168554247414947,High,Buyer follow-up call with supplier; evaluate expedite shipping quote.
0.6621163265172397,Critical,Escalate: evaluate alternate sourcing / expedite fees; alert downstream planning to adjust schedule or safety stock.
0.4016922368378164,High,Buyer follow-up call with supplier; evaluate expedite shipping quote.
0.4493590936822592,High,Buyer follow-up call with supplier; evaluate expedite shipping quote.
0.3942713449348449,High,Buyer follow-up call with supplier; evaluate expedite shipping quote.
0.5523933844674007,High,Buyer follow-up call with supplier; evaluate expedite shipping quote.
0.5512195402242008,High,Buyer follow-up call with supplier; evaluate expedite shipping quote.
0.6482951910396579,Critical,Escalate: evaluate alternate sourcing / expedite fees; alert downstream planning to adjust schedule or safety stock.
0.36850944882203196,High,Buyer follow-up call with supplier; evaluate expedite shipping quote.
0.4229779021202703,High,Buyer follow-up call with supplier; evaluate expedite shipping quote.
0.36998701812922885,High,Buyer follow-up call with supplier; evaluate expedite shipping quote.
0.5152806621159289,High,Buyer follow-up call with supplier; evaluate expedite shipping quote.
0.5735948207837442,High,Buyer follow-up call with supplier; evaluate expedite shipping quote.
0.4293269852915173,High,Buyer follow-up call with supplier; evaluate expedite shipping quote.
0.3041669059068006,High,Buyer follow-up call with supplier; evaluate expedite shipping quote.
0.4447127117923297,High,Buyer follow-up call with supplier; evaluate expedite shipping quote.
0.3160125892969278,High,Buyer follow-up call with supplier; evaluate expedite shipping quote.
0.5533040218199854,High,Buyer follow-up call with supplier; evaluate expedite shipping quote.
0.3571132855412129,High,Buyer follow-up call with supplier; evaluate expedite shipping quote.
0.5932024050372711,High,Buyer follow-up call with supplier; evaluate expedite shipping quote.
0.4482739975421247,High,Buyer follow-up call with supplier; evaluate expedite shipping quote.
0.29157686989092985,Medium,Automated supplier check-in email.
0.4635433831258838,High,Buyer follow-up call with supplier; evaluate expedite shipping quote.
0.628094927382703,Critical,Escalate: evaluate alternate sourcing / expedite fees; alert downstream planning to adjust schedule or safety stock.
0.4467561937822795,High,Buyer follow-up call with supplier; evaluate expedite shipping quote.
0.4403722407972138,High,Buyer follow-up call with supplier; evaluate expedite shipping quote.
0.5214986947256737,High,Buyer follow-up call with supplier; evaluate expedite shipping quote.
0.3002390484739617,High,Buyer follow-up call with supplier; evaluate expedite shipping quote.
0.35982303535977256,High,Buyer follow-up call with supplier; evaluate expedite shipping quote.
0.4057217956448187,High,Buyer follow-up call with supplier; evaluate expedite shipping quote.
0.5062585928771877,High,Buyer follow-up call with supplier; evaluate expedite shipping quote.
0.6044740408898791,Critical,Escalate: evaluate alternate sourcing / expedite fees; alert downstream planning to adjust schedule or safety stock.
0.2861616579335868,Medium,Automated supplier check-in email.
0.4291521354419813,High,Buyer follow-up call with supplier; evaluate expedite shipping quote.
0.3569123567209817,High,Buyer follow-up call with supplier; evaluate expedite shipping quote.
0.6117987430981342,Critical,Escalate: evaluate alternate sourcing / expedite fees; alert downstream planning to adjust schedule or safety stock.
0.6157150789649152,Critical,Escalate: evaluate alternate sourcing / expedite fees; alert downstream planning to adjust schedule or safety stock.
0.49795241522538747,High,Buyer follow-up call with supplier; evaluate expedite shipping quote.
0.6895020846909166,Critical,Escalate: evaluate alternate sourcing / expedite fees; alert downstream planning to adjust schedule or safety stock.
0.49800926583480853,High,Buyer follow-up call with supplier; evaluate expedite shipping quote.
0.28012331102628757,Medium,Automated supplier check-in email.
0.30991041610289477,High,Buyer follow-up call with supplier; evaluate expedite shipping quote.
0.4915257547348408,High,Buyer follow-up call with supplier; evaluate expedite shipping quote.
0.7131408455899143,Critical,Escalate: evaluate alternate sourcing / expedite fees; alert downstream planning to adjust schedule or safety stock.
0.4229825576807336,High,Buyer follow-up call with supplier; evaluate expedite shipping quote.
0.3312745349505108,High,Buyer follow-up call with supplier; evaluate expedite shipping quote.
0.30422675104722735,High,Buyer follow-up call with supplier; evaluate expedite shipping quote.
0.6103370830697739,Critical,Escalate: evaluate alternate sourcing / expedite fees; alert downstream planning to adjust schedule or safety stock.
0.28143825331249767,Medium,Automated supplier check-in email.
0.29386862066774544,Medium,Automated supplier check-in email.
0.37206537325050837,High,Buyer follow-up call with supplier; evaluate expedite shipping quote.
0.6341655708992422,Critical,Escalate: evaluate alternate sourcing / expedite fees; alert downstream planning to adjust schedule or safety stock.
0.49491609477552484,High,Buyer follow-up call with supplier; evaluate expedite shipping quote.
0.39924170946213017,High,Buyer follow-up call with supplier; evaluate expedite shipping quote.
0.3136831768559849,High,Buyer follow-up call with supplier; evaluate expedite shipping quote.
0.7097952987769484,Critical,Escalate: evaluate alternate sourcing / expedite fees; alert downstream planning to adjust schedule or safety stock.
0.4858389840903234,High,Buyer follow-up call with supplier; evaluate expedite shipping quote.
0.39504170064863886,High,Buyer follow-up call with supplier; evaluate expedite shipping quote.
0.30471769027545564,High,Buyer follow-up call with supplier; evaluate expedite shipping quote.
0.41006239028519725,High,Buyer follow-up call with supplier; evaluate expedite shipping quote.
0.6799565847212313,Critical,Escalate: evaluate alternate sourcing / expedite fees; alert downstream planning to adjust schedule or safety stock.
0.6317598909818943,Critical,Escalate: evaluate alternate sourcing / expedite fees; alert downstream planning to adjust schedule or safety stock.
0.556796749995205,High,Buyer follow-up call with supplier; evaluate expedite shipping quote.
0.5085386408822546,High,Buyer follow-up call with supplier; evaluate expedite shipping quote.
0.4009023406548806,High,Buyer follow-up call with supplier; evaluate expedite shipping quote.
0.5299392708126542,High,Buyer follow-up call with supplier; evaluate expedite shipping quote.
0.5755673464682981,High,Buyer follow-up call with supplier; evaluate expedite shipping quote.
0.41596944127816227,High,Buyer follow-up call with supplier; evaluate expedite shipping quote.
0.5167633874068972,High,Buyer follow-up call with supplier; evaluate expedite shipping quote.
0.42261286277917753,High,Buyer follow-up call with supplier; evaluate expedite shipping quote.
0.7944449145420784,Critical,Escalate: evaluate alternate sourcing / expedite fees; alert downstream planning to adjust schedule or safety stock.
0.4754774537819482,High,Buyer follow-up call with supplier; evaluate expedite shipping quote.
0.5071839438097108,High,Buyer follow-up call with supplier; evaluate expedite shipping quote.
0.43998626955398196,High,Buyer follow-up call with supplier; evaluate expedite shipping quote.
0.38059339347701615,High,Buyer follow-up call with supplier; evaluate expedite shipping quote.
0.377683603378769,High,Buyer follow-up call with supplier; evaluate expedite shipping quote.
0.49100592781061253,High,Buyer follow-up call with supplier; evaluate expedite shipping quote.
0.7126040767719228,Critical,Escalate: evaluate alternate sourcing / expedite fees; alert downstream planning to adjust schedule or safety stock.
0.3946622862925919,High,Buyer follow-up call with supplier; evaluate expedite shipping quote.
0.48950985092215765,High,Buyer follow-up call with supplier; evaluate expedite shipping quote.
0.3044280185917425,High,Buyer follow-up call with supplier; evaluate expedite shipping quote.
0.4197520710789448,High,Buyer follow-up call with supplier; evaluate expedite shipping quote.
0.42075455877182855,High,Buyer follow-up call with supplier; evaluate expedite shipping quote.
0.3790869280205198,High,Buyer follow-up call with supplier; evaluate expedite shipping quote.
0.540265034052949,High,Buyer follow-up call with supplier; evaluate expedite shipping quote.
0.6037987713300196,Critical,Escalate: evaluate alternate sourcing / expedite fees; alert downstream planning to adjust schedule or safety stock.
0.41628634382427765,High,Buyer follow-up call with supplier; evaluate expedite shipping quote.
0.6281431015167535,Critical,Escalate: evaluate alternate sourcing / expedite fees; alert downstream planning to adjust schedule or safety stock.
0.6547082429601074,Critical,Escalate: evaluate alternate sourcing / expedite fees; alert downstream planning to adjust schedule or safety stock.
0.620311301716906,Critical,Escalate: evaluate alternate sourcing / expedite fees; alert downstream planning to adjust schedule or safety stock.
0.42987057127725337,High,Buyer follow-up call with supplier; evaluate expedite shipping quote.
0.4001410329929263,High,Buyer follow-up call with supplier; evaluate expedite shipping quote.
0.6576035441742141,Critical,Escalate: evaluate alternate sourcing / expedite fees; alert downstream planning to adjust schedule or safety stock.
0.39394889301029296,High,Buyer follow-up call with supplier; evaluate expedite shipping quote.
0.47039522505238174,High,Buyer follow-up call with supplier; evaluate expedite shipping quote.
0.44679915549402643,High,Buyer follow-up call with supplier; evaluate expedite shipping quote.
0.2877818593446713,Medium,Automated supplier check-in email.
0.41938565957349233,High,Buyer follow-up call with supplier; evaluate expedite shipping quote.
0.40398240092583704,High,Buyer follow-up call with supplier; evaluate expedite shipping quote.
0.3038167772580382,High,Buyer follow-up call with supplier; evaluate expedite shipping quote.
0.4558511163556282,High,Buyer follow-up call with supplier; evaluate expedite shipping quote.
0.4372519813096217,High,Buyer follow-up call with supplier; evaluate expedite shipping quote.
0.639365482747612,Critical,Escalate: evaluate alternate sourcing / expedite fees; alert downstream planning to adjust schedule or safety stock.
0.44814796893268655,High,Buyer follow-up call with supplier; evaluate expedite shipping quote.
0.42563644240593324,High,Buyer follow-up call with supplier; evaluate expedite shipping quote.
0.7047360361692335,Critical,Escalate: evaluate alternate sourcing / expedite fees; alert downstream planning to adjust schedule or safety stock.
0.41849299700247256,High,Buyer follow-up call with supplier; evaluate expedite shipping quote.
0.5493122853458781,High,Buyer follow-up call with supplier; evaluate expedite shipping quote.
0.6942547313280845,Critical,Escalate: evaluate alternate sourcing / expedite fees; alert downstream planning to adjust schedule or safety stock.
0.4528303982180721,High,Buyer follow-up call with supplier; evaluate expedite shipping quote.
0.40855498627393994,High,Buyer follow-up call with supplier; evaluate expedite shipping quote.
0.5276748078063386,High,Buyer follow-up call with supplier; evaluate expedite shipping quote.
0.4532860581285834,High,Buyer follow-up call with supplier; evaluate expedite shipping quote.
0.36484239941314384,High,Buyer follow-up call with supplier; evaluate expedite shipping quote.
0.347947903026494,High,Buyer follow-up call with supplier; evaluate expedite shipping quote.
0.44313986759227586,High,Buyer follow-up call with supplier; evaluate expedite shipping quote.
0.5644539997989824,High,Buyer follow-up call with supplier; evaluate expedite shipping quote.
0.35591584841050805,High,Buyer follow-up call with supplier; evaluate expedite shipping quote.
0.6674427893606615,Critical,Escalate: evaluate alternate sourcing / expedite fees; alert downstream planning to adjust schedule or safety stock.
0.40237680649784846,High,Buyer follow-up call with supplier; evaluate expedite shipping quote.
0.4551128242546992,High,Buyer follow-up call with supplier; evaluate expedite shipping quote.
0.30781844396875613,High,Buyer follow-up call with supplier; evaluate expedite shipping quote.
0.4727613257208826,High,Buyer follow-up call with supplier; evaluate expedite shipping quote.
0.37013387847268886,High,Buyer follow-up call with supplier; evaluate expedite shipping quote.
0.6159380899237811,Critical,Escalate: evaluate alternate sourcing / expedite fees; alert downstream planning to adjust schedule or safety stock.
0.4243690483083259,High,Buyer follow-up call with supplier; evaluate expedite shipping quote.
0.40258821355479196,High,Buyer follow-up call with supplier; evaluate expedite shipping quote.
0.5579979386388839,High,Buyer follow-up call with supplier; evaluate expedite shipping quote.
0.455551129399495,High,Buyer follow-up call with supplier; evaluate expedite shipping quote.
0.6131402825327696,Critical,Escalate: evaluate alternate sourcing / expedite fees; alert downstream planning to adjust schedule or safety stock.
0.6577222967364985,Critical,Escalate: evaluate alternate sourcing / expedite fees; alert downstream planning to adjust schedule or safety stock.
0.6632292396951145,Critical,Escalate: evaluate alternate sourcing / expedite fees; alert downstream planning to adjust schedule or safety stock.
0.447206539102587,High,Buyer follow-up call with supplier; evaluate expedite shipping quote.
0.36005247894442904,High,Buyer follow-up call with supplier; evaluate expedite shipping quote.
0.47772121289059455,High,Buyer follow-up call with supplier; evaluate expedite shipping quote.
0.4903301335795158,High,Buyer follow-up call with supplier; evaluate expedite shipping quote.
0.38913075476888215,High,Buyer follow-up call with supplier; evaluate expedite shipping quote.
0.577446896248889,High,Buyer follow-up call with supplier; evaluate expedite shipping quote.
0.4054832061711047,High,Buyer follow-up call with supplier; evaluate expedite shipping quote.
0.3034999495877713,High,Buyer follow-up call with supplier; evaluate expedite shipping quote.
0.31712761635975956,High,Buyer follow-up call with supplier; evaluate expedite shipping quote.
0.5581378398806986,High,Buyer follow-up call with supplier; evaluate expedite shipping quote.
0.6370992151475728,Critical,Escalate: evaluate alternate sourcing / expedite fees; alert downstream planning to adjust schedule or safety stock.
0.5630464495587906,High,Buyer follow-up call with supplier; evaluate expedite shipping quote.
0.36557458734932496,High,Buyer follow-up call with supplier; evaluate expedite shipping quote.
0.3044882546531122,High,Buyer follow-up call with supplier; evaluate expedite shipping quote.
0.5420082419870096,High,Buyer follow-up call with supplier; evaluate expedite shipping quote.
0.4081436838526537,High,Buyer follow-up call with supplier; evaluate expedite shipping quote.
0.5172846546791124,High,Buyer follow-up call with supplier; evaluate expedite shipping quote.
0.7131408455899143,Critical,Escalate: evaluate alternate sourcing / expedite fees; alert downstream planning to adjust schedule or safety stock.
0.43499932797659974,High,Buyer follow-up call with supplier; evaluate expedite shipping quote.
0.38924846003523367,High,Buyer follow-up call with supplier; evaluate expedite shipping quote.
0.5012857741388301,High,Buyer follow-up call with supplier; evaluate expedite shipping quote.
0.4933707316956524,High,Buyer follow-up call with supplier; evaluate expedite shipping quote.
0.7100499282976076,Critical,Escalate: evaluate alternate sourcing / expedite fees; alert downstream planning to adjust schedule or safety stock.
0.511046140316535,High,Buyer follow-up call with supplier; evaluate expedite shipping quote.
0.4151467187356276,High,Buyer follow-up call with supplier; evaluate expedite shipping quote.
0.33254183310259566,High,Buyer follow-up call with supplier; evaluate expedite shipping quote.
0.3985757943975765,High,Buyer follow-up call with supplier; evaluate expedite shipping quote.
0.4534824146863723,High,Buyer follow-up call with supplier; evaluate expedite shipping quote.
0.39699162296283996,High,Buyer follow-up call with supplier; evaluate expedite shipping quote.
0.4153160993247635,High,Buyer follow-up call with supplier; evaluate expedite shipping quote.
0.3892049505870354,High,Buyer follow-up call with supplier; evaluate expedite shipping quote.
0.44105078019966026,High,Buyer follow-up call with supplier; evaluate expedite shipping quote.
0.6542108277697637,Critical,Escalate: evaluate alternate sourcing / expedite fees; alert downstream planning to adjust schedule or safety stock.
0.3005722730168736,High,Buyer follow-up call with supplier; evaluate expedite shipping quote.
0.5324256491416349,High,Buyer follow-up call with supplier; evaluate expedite shipping quote.
0.37775069848649073,High,Buyer follow-up call with supplier; evaluate expedite shipping quote.
0.3761557171087292,High,Buyer follow-up call with supplier; evaluate expedite shipping quote.
0.47673776998722167,High,Buyer follow-up call with supplier; evaluate expedite shipping quote.
0.526627663095729,High,Buyer follow-up call with supplier; evaluate expedite shipping quote.
0.45173273637202,High,Buyer follow-up call with supplier; evaluate expedite shipping quote.
0.4059303871736339,High,Buyer follow-up call with supplier; evaluate expedite shipping quote.
0.564346438180449,High,Buyer follow-up call with supplier; evaluate expedite shipping quote.
0.45927009850454376,High,Buyer follow-up call with supplier; evaluate expedite shipping quote.
0.2904771139919586,Medium,Automated supplier check-in email.
0.42413116353258506,High,Buyer follow-up call with supplier; evaluate expedite shipping quote.
0.3154903524966636,High,Buyer follow-up call with supplier; evaluate expedite shipping quote.
0.6129013259957262,Critical,Escalate: evaluate alternate sourcing / expedite fees; alert downstream planning to adjust schedule or safety stock.
0.5953332257436145,High,Buyer follow-up call with supplier; evaluate expedite shipping quote.
0.6131402825327696,Critical,Escalate: evaluate alternate sourcing / expedite fees; alert downstream planning to adjust schedule or safety stock.
0.4171651743799281,High,Buyer follow-up call with supplier; evaluate expedite shipping quote.
0.5068038160715088,High,Buyer follow-up call with supplier; evaluate expedite shipping quote.
0.3827735277288518,High,Buyer follow-up call with supplier; evaluate expedite shipping quote.
0.5782204314006528,High,Buyer follow-up call with supplier; evaluate expedite shipping quote.
0.40715466552059965,High,Buyer follow-up call with supplier; evaluate expedite shipping quote.
0.6058191363855541,Critical,Escalate: evaluate alternate sourcing / expedite fees; alert downstream planning to adjust schedule or safety stock.
0.6914205284672438,Critical,Escalate: evaluate alternate sourcing / expedite fees; alert downstream planning to adjust schedule or safety stock.
0.5515244620499894,High,Buyer follow-up call with supplier; evaluate expedite shipping quote.
0.704461323137946,Critical,Escalate: evaluate alternate sourcing / expedite fees; alert downstream planning to adjust schedule or safety stock.
0.42684676527677945,High,Buyer follow-up call with supplier; evaluate expedite shipping quote.
0.41207267865735536,High,Buyer follow-up call with supplier; evaluate expedite shipping quote.
0.34404051863951346,High,Buyer follow-up call with supplier; evaluate expedite shipping quote.
0.32350348433659853,High,Buyer follow-up call with supplier; evaluate expedite shipping quote.
0.6550962611023103,Critical,Escalate: evaluate alternate sourcing / expedite fees; alert downstream planning to adjust schedule or safety stock.
0.6750663363623065,Critical,Escalate: evaluate alternate sourcing / expedite fees; alert downstream planning to adjust schedule or safety stock.
0.38747706763443523,High,Buyer follow-up call with supplier; evaluate expedite shipping quote.
0.6810952692100116,Critical,Escalate: evaluate alternate sourcing / expedite fees; alert downstream planning to adjust schedule or safety stock.
0.3821608090876666,High,Buyer follow-up call with supplier; evaluate expedite shipping quote.
0.658154640580842,Critical,Escalate: evaluate alternate sourcing / expedite fees; alert downstream planning to adjust schedule or safety stock.
0.609830725842451,Critical,Escalate: evaluate alternate sourcing / expedite fees; alert downstream planning to adjust schedule or safety stock.
0.6529018370905394,Critical,Escalate: evaluate alternate sourcing / expedite fees; alert downstream planning to adjust schedule or safety stock.
0.29086990455121886,Medium,Automated supplier check-in email.
0.39107636804061824,High,Buyer follow-up call with supplier; evaluate expedite shipping quote.
0.6207023901071833,Critical,Escalate: evaluate alternate sourcing / expedite fees; alert downstream planning to adjust schedule or safety stock.
0.6451075762215808,Critical,Escalate: evaluate alternate sourcing / expedite fees; alert downstream planning to adjust schedule or safety stock.
0.414659500377779,High,Buyer follow-up call with supplier; evaluate expedite shipping quote.
0.5570728116673541,High,Buyer follow-up call with supplier; evaluate expedite shipping quote.
0.5143234125636111,High,Buyer follow-up call with supplier; evaluate expedite shipping quote.
0.4169373897484593,High,Buyer follow-up call with supplier; evaluate expedite shipping quote.
0.43603203395967033,High,Buyer follow-up call with supplier; evaluate expedite shipping quote.
0.7052867879565055,Critical,Escalate: evaluate alternate sourcing / expedite fees; alert downstream planning to adjust schedule or safety stock.
0.43924566091569617,High,Buyer follow-up call with supplier; evaluate expedite shipping quote.
0.6320226980498986,Critical,Escalate: evaluate alternate sourcing / expedite fees; alert downstream planning to adjust schedule or safety stock.
0.49112020259566364,High,Buyer follow-up call with supplier; evaluate expedite shipping quote.
0.5298954801596527,High,Buyer follow-up call with supplier; evaluate expedite shipping quote.
0.30253844089326587,High,Buyer follow-up call with supplier; evaluate expedite shipping quote.
0.7015255484419304,Critical,Escalate: evaluate alternate sourcing / expedite fees; alert downstream planning to adjust schedule or safety stock.
0.4280771262323594,High,Buyer follow-up call with supplier; evaluate expedite shipping quote.
0.6928843991023483,Critical,Escalate: evaluate alternate sourcing / expedite fees; alert downstream planning to adjust schedule or safety stock.
0.4854804988052318,High,Buyer follow-up call with supplier; evaluate expedite shipping quote.
0.7107187705315321,Critical,Escalate: evaluate alternate sourcing / expedite fees; alert downstream planning to adjust schedule or safety stock.
0.4504386453681696,High,Buyer follow-up call with supplier; evaluate expedite shipping quote.
0.577468745256583,High,Buyer follow-up call with supplier; evaluate expedite shipping quote.
0.6840748312850009,Critical,Escalate: evaluate alternate sourcing / expedite fees; alert downstream planning to adjust schedule or safety stock.
0.3220830899363291,High,Buyer follow-up call with supplier; evaluate expedite shipping quote.
0.41442622285614233,High,Buyer follow-up call with supplier; evaluate expedite shipping quote.
0.4471532736985786,High,Buyer follow-up call with supplier; evaluate expedite shipping quote.
0.3469527835116084,High,Buyer follow-up call with supplier; evaluate expedite shipping quote.
0.5542054562264919,High,Buyer follow-up call with supplier; evaluate expedite shipping quote.
0.31354286049827573,High,Buyer follow-up call with supplier; evaluate expedite shipping quote.
0.5447853906512192,High,Buyer follow-up call with supplier; evaluate expedite shipping quote.
0.6056290375395299,Critical,Escalate: evaluate alternate sourcing / expedite fees; alert downstream planning to adjust schedule or safety stock.
0.3971688903889057,High,Buyer follow-up call with supplier; evaluate expedite shipping quote.
0.3168413382962695,High,Buyer follow-up call with supplier; evaluate expedite shipping quote.
0.4199297333510061,High,Buyer follow-up call with supplier; evaluate expedite shipping quote.
0.38083989424058007,High,Buyer follow-up call with supplier; evaluate expedite shipping quote.
0.4227568394012708,High,Buyer follow-up call with supplier; evaluate expedite shipping quote.
0.44803074308328206,High,Buyer follow-up call with supplier; evaluate expedite shipping quote.
0.5830341000990222,High,Buyer follow-up call with supplier; evaluate expedite shipping quote.
0.5995569640735549,High,Buyer follow-up call with supplier; evaluate expedite shipping quote.
0.5071945624995582,High,Buyer follow-up call with supplier; evaluate expedite shipping quote.
0.43523618506124695,High,Buyer follow-up call with supplier; evaluate expedite shipping quote.
0.4427587266472511,High,Buyer follow-up call with supplier; evaluate expedite shipping quote.
0.29344473490767026,Medium,Automated supplier check-in email.
0.5108234223910105,High,Buyer follow-up call with supplier; evaluate expedite shipping quote.
0.6799457459410535,Critical,Escalate: evaluate alternate sourcing / expedite fees; alert downstream planning to adjust schedule or safety stock.
0.40462301632946435,High,Buyer follow-up call with supplier; evaluate expedite shipping quote.
0.5617918324710233,High,Buyer follow-up call with supplier; evaluate expedite shipping quote.
0.4202410549989292,High,Buyer follow-up call with supplier; evaluate expedite shipping quote.
0.40649796179122016,High,Buyer follow-up call with supplier; evaluate expedite shipping quote.
0.43433632988048976,High,Buyer follow-up call with supplier; evaluate expedite shipping quote.
0.6568711851825493,Critical,Escalate: evaluate alternate sourcing / expedite fees; alert downstream planning to adjust schedule or safety stock.
0.5552525127793075,High,Buyer follow-up call with supplier; evaluate expedite shipping quote.
0.29406494961842355,Medium,Automated supplier check-in email.
0.33793032346200436,High,Buyer follow-up call with supplier; evaluate expedite shipping quote.
0.4277179937366579,High,Buyer follow-up call with supplier; evaluate expedite shipping quote.
0.42577041656921816,High,Buyer follow-up call with supplier; evaluate expedite shipping quote.
0.4441516753568999,High,Buyer follow-up call with supplier; evaluate expedite shipping quote.
0.3742775317576637,High,Buyer follow-up call with supplier; evaluate expedite shipping quote.
0.3949367218627627,High,Buyer follow-up call with supplier; evaluate expedite shipping quote.
0.3714758432865891,High,Buyer follow-up call with supplier; evaluate expedite shipping quote.
0.44347876809606185,High,Buyer follow-up call with supplier; evaluate expedite shipping quote.
0.38160263453817095,High,Buyer follow-up call with supplier; evaluate expedite shipping quote.
0.42896775837162376,High,Buyer follow-up call with supplier; evaluate expedite shipping quote.
0.4056009465328592,High,Buyer follow-up call with supplier; evaluate expedite shipping quote.
0.4488171534419162,High,Buyer follow-up call with supplier; evaluate expedite shipping quote.
0.3822095360923761,High,Buyer follow-up call with supplier; evaluate expedite shipping quote.
0.7860306434084051,Critical,Escalate: evaluate alternate sourcing / expedite fees; alert downstream planning to adjust schedule or safety stock.
0.4116763373115586,High,Buyer follow-up call with supplier; evaluate expedite shipping quote.
0.32456659062044846,High,Buyer follow-up call with supplier; evaluate expedite shipping quote.
0.35226648421260137,High,Buyer follow-up call with supplier; evaluate expedite shipping quote.
0.40226322058098263,High,Buyer follow-up call with supplier; evaluate expedite shipping quote.
0.5717943814823125,High,Buyer follow-up call with supplier; evaluate expedite shipping quote.
0.2931321407302141,Medium,Automated supplier check-in email.
0.4064589587570056,High,Buyer follow-up call with supplier; evaluate expedite shipping quote.
0.5126700693350992,High,Buyer follow-up call with supplier; evaluate expedite shipping quote.
0.4009595156384212,High,Buyer follow-up call with supplier; evaluate expedite shipping quote.
0.3542384080580063,High,Buyer follow-up call with supplier; evaluate expedite shipping quote.
0.5242241378559337,High,Buyer follow-up call with supplier; evaluate expedite shipping quote.
0.6620900066154678,Critical,Escalate: evaluate alternate sourcing / expedite fees; alert downstream planning to adjust schedule or safety stock.
0.3023604519661138,High,Buyer follow-up call with supplier; evaluate expedite shipping quote.
0.6121604067616149,Critical,Escalate: evaluate alternate sourcing / expedite fees; alert downstream planning to adjust schedule or safety stock.
0.3662193636650719,High,Buyer follow-up call with supplier; evaluate expedite shipping quote.
0.4049625350302579,High,Buyer follow-up call with supplier; evaluate expedite shipping quote.
0.6940494728035138,Critical,Escalate: evaluate alternate sourcing / expedite fees; alert downstream planning to adjust schedule or safety stock.
0.4495542091137328,High,Buyer follow-up call with supplier; evaluate expedite shipping quote.
0.5326261736611934,High,Buyer follow-up call with supplier; evaluate expedite shipping quote.
0.6209742679153103,Critical,Escalate: evaluate alternate sourcing / expedite fees; alert downstream planning to adjust schedule or safety stock.
0.304665530895384,High,Buyer follow-up call with supplier; evaluate expedite shipping quote.
0.3340226009345402,High,Buyer follow-up call with supplier; evaluate expedite shipping quote.
0.5385481236172389,High,Buyer follow-up call with supplier; evaluate expedite shipping quote.
0.3723931117428272,High,Buyer follow-up call with supplier; evaluate expedite shipping quote.
0.6405926553196416,Critical,Escalate: evaluate alternate sourcing / expedite fees; alert downstream planning to adjust schedule or safety stock.
0.4307029764755953,High,Buyer follow-up call with supplier; evaluate expedite shipping quote.
0.4884188273117586,High,Buyer follow-up call with supplier; evaluate expedite shipping quote.
0.46554109051614845,High,Buyer follow-up call with supplier; evaluate expedite shipping quote.
0.6045185771257329,Critical,Escalate: evaluate alternate sourcing / expedite fees; alert downstream planning to adjust schedule or safety stock.
0.6346544406142378,Critical,Escalate: evaluate alternate sourcing / expedite fees; alert downstream planning to adjust schedule or safety stock.
0.4374846081767382,High,Buyer follow-up call with supplier; evaluate expedite shipping quote.
0.39432543559549893,High,Buyer follow-up call with supplier; evaluate expedite shipping quote.
0.39145761323858536,High,Buyer follow-up call with supplier; evaluate expedite shipping quote.
0.39282828121276864,High,Buyer follow-up call with supplier; evaluate expedite shipping quote.
0.456762740377961,High,Buyer follow-up call with supplier; evaluate expedite shipping quote.
0.44091247003076367,High,Buyer follow-up call with supplier; evaluate expedite shipping quote.
0.6502543592161643,Critical,Escalate: evaluate alternate sourcing / expedite fees; alert downstream planning to adjust schedule or safety stock.
0.40239765001868694,High,Buyer follow-up call with supplier; evaluate expedite shipping quote.
0.4327519484641344,High,Buyer follow-up call with supplier; evaluate expedite shipping quote.
0.41762694587325594,High,Buyer follow-up call with supplier; evaluate expedite shipping quote.
0.6353283083863174,Critical,Escalate: evaluate alternate sourcing / expedite fees; alert downstream planning to adjust schedule or safety stock.
0.3902991176486901,High,Buyer follow-up call with supplier; evaluate expedite shipping quote.
0.46005240104072115,High,Buyer follow-up call with supplier; evaluate expedite shipping quote.
0.4687609262648723,High,Buyer follow-up call with supplier; evaluate expedite shipping quote.
0.3064165471893848,High,Buyer follow-up call with supplier; evaluate expedite shipping quote.
0.31305950809710714,High,Buyer follow-up call with supplier; evaluate expedite shipping quote.
0.5226263147314828,High,Buyer follow-up call with supplier; evaluate expedite shipping quote.
0.3965137808454258,High,Buyer follow-up call with supplier; evaluate expedite shipping quote.
0.43292190964102173,High,Buyer follow-up call with supplier; evaluate expedite shipping quote.
0.30422348211200184,High,Buyer follow-up call with supplier; evaluate expedite shipping quote.
0.3124983731161617,High,Buyer follow-up call with supplier; evaluate expedite shipping quote.
0.38909878784021495,High,Buyer follow-up call with supplier; evaluate expedite shipping quote.
0.509690867103231,High,Buyer follow-up call with supplier; evaluate expedite shipping quote.
0.5833652039706283,High,Buyer follow-up call with supplier; evaluate expedite shipping quote.
0.27712557806751564,Medium,Automated supplier check-in email.
0.30370061447084284,High,Buyer follow-up call with supplier; evaluate expedite shipping quote.
0.29601632287777674,Medium,Automated supplier check-in email.
0.46571548832563414,High,Buyer follow-up call with supplier; evaluate expedite shipping quote.
0.36344827495136456,High,Buyer follow-up call with supplier; evaluate expedite shipping quote.
0.30133173708737254,High,Buyer follow-up call with supplier; evaluate expedite shipping quote.
0.7119378267779872,Critical,Escalate: evaluate alternate sourcing / expedite fees; alert downstream planning to adjust schedule or safety stock.
0.36529729487985,High,Buyer follow-up call with supplier; evaluate expedite shipping quote.
0.3098916466587692,High,Buyer follow-up call with supplier; evaluate expedite shipping quote.
0.5257202009832251,High,Buyer follow-up call with supplier; evaluate expedite shipping quote.
0.41235434206644284,High,Buyer follow-up call with supplier; evaluate expedite shipping quote.
0.37325915754619116,High,Buyer follow-up call with supplier; evaluate expedite shipping quote.
0.3990562750228308,High,Buyer follow-up call with supplier; evaluate expedite shipping quote.
0.6941722917808922,Critical,Escalate: evaluate alternate sourcing / expedite fees; alert downstream planning to adjust schedule or safety stock.
0.42792428187928255,High,Buyer follow-up call with supplier; evaluate expedite shipping quote.
0.44776803533864373,High,Buyer follow-up call with supplier; evaluate expedite shipping quote.
0.43774590786167594,High,Buyer follow-up call with supplier; evaluate expedite shipping quote.
0.5061918235202388,High,Buyer follow-up call with supplier; evaluate expedite shipping quote.
0.46373513075871226,High,Buyer follow-up call with supplier; evaluate expedite shipping quote.
0.3729445106003445,High,Buyer follow-up call with supplier; evaluate expedite shipping quote.
0.29951911440167706,Medium,Automated supplier check-in email.
0.6323270020468943,Critical,Escalate: evaluate alternate sourcing / expedite fees; alert downstream planning to adjust schedule or safety stock.
0.4198922447294602,High,Buyer follow-up call with supplier; evaluate expedite shipping quote.
0.2918740803848834,Medium,Automated supplier check-in email.
0.4168514266566733,High,Buyer follow-up call with supplier; evaluate expedite shipping quote.
0.4085573694016795,High,Buyer follow-up call with supplier; evaluate expedite shipping quote.
0.4473521338519096,High,Buyer follow-up call with supplier; evaluate expedite shipping quote.
0.6251877458575207,Critical,Escalate: evaluate alternate sourcing / expedite fees; alert downstream planning to adjust schedule or safety stock.
0.30068966659781077,High,Buyer follow-up call with supplier; evaluate expedite shipping quote.
0.2869687883881245,Medium,Automated supplier check-in email.
0.42703734900768,High,Buyer follow-up call with supplier; evaluate expedite shipping quote.
0.6295713622067118,Critical,Escalate: evaluate alternate sourcing / expedite fees; alert downstream planning to adjust schedule or safety stock.
0.6601399853572117,Critical,Escalate: evaluate alternate sourcing / expedite fees; alert downstream planning to adjust schedule or safety stock.
0.6114701548242296,Critical,Escalate: evaluate alternate sourcing / expedite fees; alert downstream planning to adjust schedule or safety stock.
0.4644643781471353,High,Buyer follow-up call with supplier; evaluate expedite shipping quote.
0.4528078397776127,High,Buyer follow-up call with supplier; evaluate expedite shipping quote.
0.4838483421435968,High,Buyer follow-up call with supplier; evaluate expedite shipping quote.
0.4375699633904276,High,Buyer follow-up call with supplier; evaluate expedite shipping quote.
0.45866848758953754,High,Buyer follow-up call with supplier; evaluate expedite shipping quote.
0.34917143427528163,High,Buyer follow-up call with supplier; evaluate expedite shipping quote.
0.5295793434658403,High,Buyer follow-up call with supplier; evaluate expedite shipping quote.
0.5238123655652155,High,Buyer follow-up call with supplier; evaluate expedite shipping quote.
0.37453432166923356,High,Buyer follow-up call with supplier; evaluate expedite shipping quote.
0.3453088151418671,High,Buyer follow-up call with supplier; evaluate expedite shipping quote.
0.6462019057015728,Critical,Escalate: evaluate alternate sourcing / expedite fees; alert downstream planning to adjust schedule or safety stock.
0.3736734903545569,High,Buyer follow-up call with supplier; evaluate expedite shipping quote.
0.29672598697695224,Medium,Automated supplier check-in email.
0.5636945946404675,High,Buyer follow-up call with supplier; evaluate expedite shipping quote.
0.3707466212670837,High,Buyer follow-up call with supplier; evaluate expedite shipping quote.
0.4423442420374617,High,Buyer follow-up call with supplier; evaluate expedite shipping quote.
0.3903591490401738,High,Buyer follow-up call with supplier; evaluate expedite shipping quote.
0.378218749167627,High,Buyer follow-up call with supplier; evaluate expedite shipping quote.
0.39591468377430655,High,Buyer follow-up call with supplier; evaluate expedite shipping quote.
0.5740069710458043,High,Buyer follow-up call with supplier; evaluate expedite shipping quote.
0.32524938346635696,High,Buyer follow-up call with supplier; evaluate expedite shipping quote.
0.30328323002588137,High,Buyer follow-up call with supplier; evaluate expedite shipping quote.
0.3891199766652851,High,Buyer follow-up call with supplier; evaluate expedite shipping quote.
0.3932295968319437,High,Buyer follow-up call with supplier; evaluate expedite shipping quote.
0.28225243083440593,Medium,Automated supplier check-in email.
0.2888425566593643,Medium,Automated supplier check-in email.
0.3324413635950859,High,Buyer follow-up call with supplier; evaluate expedite shipping quote.
0.3329879671368927,High,Buyer follow-up call with supplier; evaluate expedite shipping quote.
0.6009982082714527,Critical,Escalate: evaluate alternate sourcing / expedite fees; alert downstream planning to adjust schedule or safety stock.
0.29479101435751115,Medium,Automated supplier check-in email.
0.43520426742090684,High,Buyer follow-up call with supplier; evaluate expedite shipping quote.
0.3880017087277742,High,Buyer follow-up call with supplier; evaluate expedite shipping quote.
0.5454820768485267,High,Buyer follow-up call with supplier; evaluate expedite shipping quote.
0.43874121305221203,High,Buyer follow-up call with supplier; evaluate expedite shipping quote.
0.4416131692357964,High,Buyer follow-up call with supplier; evaluate expedite shipping quote.
0.5920652644183786,High,Buyer follow-up call with supplier; evaluate expedite shipping quote.
0.37417531734908294,High,Buyer follow-up call with supplier; evaluate expedite shipping quote.
0.2990613998407262,Medium,Automated supplier check-in email.
0.29733820042770936,Medium,Automated supplier check-in email.
0.3149504629346235,High,Buyer follow-up call with supplier; evaluate expedite shipping quote.
0.32459943390015034,High,Buyer follow-up call with supplier; evaluate expedite shipping quote.
0.4441435369377911,High,Buyer follow-up call with supplier; evaluate expedite shipping quote.
0.3803619410241004,High,Buyer follow-up call with supplier; evaluate expedite shipping quote.
0.5701727015890268,High,Buyer follow-up call with supplier; evaluate expedite shipping quote.
0.3796802018572519,High,Buyer follow-up call with supplier; evaluate expedite shipping quote.
0.40031257963186234,High,Buyer follow-up call with supplier; evaluate expedite shipping quote.
0.402691441905463,High,Buyer follow-up call with supplier; evaluate expedite shipping quote.
0.3601032576919768,High,Buyer follow-up call with supplier; evaluate expedite shipping quote.
0.6326901550545565,Critical,Escalate: evaluate alternate sourcing / expedite fees; alert downstream planning to adjust schedule or safety stock.
0.29878658653108564,Medium,Automated supplier check-in email.
0.3665134008158673,High,Buyer follow-up call with supplier; evaluate expedite shipping quote.
0.33753740444679314,High,Buyer follow-up call with supplier; evaluate expedite shipping quote.
0.48080758486819763,High,Buyer follow-up call with supplier; evaluate expedite shipping quote.
0.6230290601606515,Critical,Escalate: evaluate alternate sourcing / expedite fees; alert downstream planning to adjust schedule or safety stock.
0.6423194795383886,Critical,Escalate: evaluate alternate sourcing / expedite fees; alert downstream planning to adjust schedule or safety stock.
0.39143244574432007,High,Buyer follow-up call with supplier; evaluate expedite shipping quote.
0.3095366393918942,High,Buyer follow-up call with supplier; evaluate expedite shipping quote.
0.2989483795446852,Medium,Automated supplier check-in email.
0.3051844065627504,High,Buyer follow-up call with supplier; evaluate expedite shipping quote.
0.6961292374977531,Critical,Escalate: evaluate alternate sourcing / expedite fees; alert downstream planning to adjust schedule or safety stock.
0.49064003481947727,High,Buyer follow-up call with supplier; evaluate expedite shipping quote.
0.42878121685811305,High,Buyer follow-up call with supplier; evaluate expedite shipping quote.
0.45443384980782703,High,Buyer follow-up call with supplier; evaluate expedite shipping quote.
0.74683876068745,Critical,Escalate: evaluate alternate sourcing / expedite fees; alert downstream planning to adjust schedule or safety stock.
0.5292674062460432,High,Buyer follow-up call with supplier; evaluate expedite shipping quote.
0.5692762933933739,High,Buyer follow-up call with supplier; evaluate expedite shipping quote.
0.324643277362228,High,Buyer follow-up call with supplier; evaluate expedite shipping quote.
0.7311839315464428,Critical,Escalate: evaluate alternate sourcing / expedite fees; alert downstream planning to adjust schedule or safety stock.
0.5132754041207334,High,Buyer follow-up call with supplier; evaluate expedite shipping quote.
0.6164917110814793,Critical,Escalate: evaluate alternate sourcing / expedite fees; alert downstream planning to adjust schedule or safety stock.
0.7119378267779872,Critical,Escalate: evaluate alternate sourcing / expedite fees; alert downstream planning to adjust schedule or safety stock.
0.45733215429623,High,Buyer follow-up call with supplier; evaluate expedite shipping quote.
0.29983502636956655,Medium,Automated supplier check-in email.
0.5374927820112028,High,Buyer follow-up call with supplier; evaluate expedite shipping quote.
0.4430324258778873,High,Buyer follow-up call with supplier; evaluate expedite shipping quote.
0.4183425859143688,High,Buyer follow-up call with supplier; evaluate expedite shipping quote.
0.7119378267779872,Critical,Escalate: evaluate alternate sourcing / expedite fees; alert downstream planning to adjust schedule or safety stock.
0.5549585699579579,High,Buyer follow-up call with supplier; evaluate expedite shipping quote.
0.704461323137946,Critical,Escalate: evaluate alternate sourcing / expedite fees; alert downstream planning to adjust schedule or safety stock.
0.6056329855809607,Critical,Escalate: evaluate alternate sourcing / expedite fees; alert downstream planning to adjust schedule or safety stock.
0.307874453434899,High,Buyer follow-up call with supplier; evaluate expedite shipping quote.
0.6356997861068199,Critical,Escalate: evaluate alternate sourcing / expedite fees; alert downstream planning to adjust schedule or safety stock.
0.5873439872510051,High,Buyer follow-up call with supplier; evaluate expedite shipping quote.
0.5936507744441946,High,Buyer follow-up call with supplier; evaluate expedite shipping quote.
0.28643534528131165,Medium,Automated supplier check-in email.
0.5208789994141205,High,Buyer follow-up call with supplier; evaluate expedite shipping quote.
0.500053864079786,High,Buyer follow-up call with supplier; evaluate expedite shipping quote.
0.4620206477504506,High,Buyer follow-up call with supplier; evaluate expedite shipping quote.
0.4321829329115075,High,Buyer follow-up call with supplier; evaluate expedite shipping quote.
0.5381870749603904,High,Buyer follow-up call with supplier; evaluate expedite shipping quote.
0.3783639923477464,High,Buyer follow-up call with supplier; evaluate expedite shipping quote.
0.58886974308892,High,Buyer follow-up call with supplier; evaluate expedite shipping quote.
0.6440477837499557,Critical,Escalate: evaluate alternate sourcing / expedite fees; alert downstream planning to adjust schedule or safety stock.
0.5723256012330084,High,Buyer follow-up call with supplier; evaluate expedite shipping quote.
0.37783344207084374,High,Buyer follow-up call with supplier; evaluate expedite shipping quote.
0.43995132018737637,High,Buyer follow-up call with supplier; evaluate expedite shipping quote.
0.5673116206143128,High,Buyer follow-up call with supplier; evaluate expedite shipping quote.
0.46908314375871996,High,Buyer follow-up call with supplier; evaluate expedite shipping quote.
0.37417122905833267,High,Buyer follow-up call with supplier; evaluate expedite shipping quote.
0.7414685947871594,Critical,Escalate: evaluate alternate sourcing / expedite fees; alert downstream planning to adjust schedule or safety stock.
0.4928468122275986,High,Buyer follow-up call with supplier; evaluate expedite shipping quote.
0.43990218268638315,High,Buyer follow-up call with supplier; evaluate expedite shipping quote.
0.564193886767135,High,Buyer follow-up call with supplier; evaluate expedite shipping quote.
0.5890913958180818,High,Buyer follow-up call with supplier; evaluate expedite shipping quote.
0.4691928877836761,High,Buyer follow-up call with supplier; evaluate expedite shipping quote.
0.5708937135520097,High,Buyer follow-up call with supplier; evaluate expedite shipping quote.
0.5502262252096942,High,Buyer follow-up call with supplier; evaluate expedite shipping quote.
0.3660865660712436,High,Buyer follow-up call with supplier; evaluate expedite shipping quote.
0.38639953520051745,High,Buyer follow-up call with supplier; evaluate expedite shipping quote.
0.3791339076428231,High,Buyer follow-up call with supplier; evaluate expedite shipping quote.
0.6459714239438662,Critical,Escalate: evaluate alternate sourcing / expedite fees; alert downstream planning to adjust schedule or safety stock.
0.46550280353763446,High,Buyer follow-up call with supplier; evaluate expedite shipping quote.
0.704461323137946,Critical,Escalate: evaluate alternate sourcing / expedite fees; alert downstream planning to adjust schedule or safety stock.
0.42640912291411376,High,Buyer follow-up call with supplier; evaluate expedite shipping quote.
0.6611245777795935,Critical,Escalate: evaluate alternate sourcing / expedite fees; alert downstream planning to adjust schedule or safety stock.
0.3836416276179851,High,Buyer follow-up call with supplier; evaluate expedite shipping quote.
0.5014682785089436,High,Buyer follow-up call with supplier; evaluate expedite shipping quote.
0.391682600650006,High,Buyer follow-up call with supplier; evaluate expedite shipping quote.
0.46962527459254116,High,Buyer follow-up call with supplier; evaluate expedite shipping quote.
0.7100499282976076,Critical,Escalate: evaluate alternate sourcing / expedite fees; alert downstream planning to adjust schedule or safety stock.
0.465374576132274,High,Buyer follow-up call with supplier; evaluate expedite shipping quote.
0.44244417138686587,High,Buyer follow-up call with supplier; evaluate expedite shipping quote.
0.28214861845405403,Medium,Automated supplier check-in email.
0.45225585651713696,High,Buyer follow-up call with supplier; evaluate expedite shipping quote.
0.3903996590506809,High,Buyer follow-up call with supplier; evaluate expedite shipping quote.
0.42196175596736357,High,Buyer follow-up call with supplier; evaluate expedite shipping quote.
0.2938777410891094,Medium,Automated supplier check-in email.
0.3824357881078658,High,Buyer follow-up call with supplier; evaluate expedite shipping quote.
0.29255504671625937,Medium,Automated supplier check-in email.
0.3489327405713573,High,Buyer follow-up call with supplier; evaluate expedite shipping quote.
0.3839691451469572,High,Buyer follow-up call with supplier; evaluate expedite shipping quote.
0.380994835435694,High,Buyer follow-up call with supplier; evaluate expedite shipping quote.
0.40798203487845525,High,Buyer follow-up call with supplier; evaluate expedite shipping quote.
0.6522208188295672,Critical,Escalate: evaluate alternate sourcing / expedite fees; alert downstream planning to adjust schedule or safety stock.
0.4131626806994784,High,Buyer follow-up call with supplier; evaluate expedite shipping quote.
0.5620501470367849,High,Buyer follow-up call with supplier; evaluate expedite shipping quote.
0.5947701832751618,High,Buyer follow-up call with supplier; evaluate expedite shipping quote.
0.28498509562477164,Medium,Automated supplier check-in email.
0.31738731459224045,High,Buyer follow-up call with supplier; evaluate expedite shipping quote.
0.5690144098442796,High,Buyer follow-up call with supplier; evaluate expedite shipping quote.
0.3035021283499304,High,Buyer follow-up call with supplier; evaluate expedite shipping quote.
0.5005430892234155,High,Buyer follow-up call with supplier; evaluate expedite shipping quote.
0.6298525445650028,Critical,Escalate: evaluate alternate sourcing / expedite fees; alert downstream planning to adjust schedule or safety stock.
0.44292878289137244,High,Buyer follow-up call with supplier; evaluate expedite shipping quote.
0.3122724055451981,High,Buyer follow-up call with supplier; evaluate expedite shipping quote.
0.43135193684829437,High,Buyer follow-up call with supplier; evaluate expedite shipping quote.
0.469442072459182,High,Buyer follow-up call with supplier; evaluate expedite shipping quote.
0.42080294860825673,High,Buyer follow-up call with supplier; evaluate expedite shipping quote.
0.623291960760439,Critical,Escalate: evaluate alternate sourcing / expedite fees; alert downstream planning to adjust schedule or safety stock.
0.4123848401713313,High,Buyer follow-up call with supplier; evaluate expedite shipping quote.
0.4406454723222963,High,Buyer follow-up call with supplier; evaluate expedite shipping quote.
0.437491524080892,High,Buyer follow-up call with supplier; evaluate expedite shipping quote.
0.48645438196850493,High,Buyer follow-up call with supplier; evaluate expedite shipping quote.
0.422123816873015,High,Buyer follow-up call with supplier; evaluate expedite shipping quote.
0.36438229203927996,High,Buyer follow-up call with supplier; evaluate expedite shipping quote.
0.3623291652185393,High,Buyer follow-up call with supplier; evaluate expedite shipping quote.
0.48934883623497966,High,Buyer follow-up call with supplier; evaluate expedite shipping quote.
0.6622396940673275,Critical,Escalate: evaluate alternate sourcing / expedite fees; alert downstream planning to adjust schedule or safety stock.
0.624375111908914,Critical,Escalate: evaluate alternate sourcing / expedite fees; alert downstream planning to adjust schedule or safety stock.
0.5380837892865554,High,Buyer follow-up call with supplier; evaluate expedite shipping quote.
0.3714260332825743,High,Buyer follow-up call with supplier; evaluate expedite shipping quote.
0.4751463452349509,High,Buyer follow-up call with supplier; evaluate expedite shipping quote.
0.38493170642683966,High,Buyer follow-up call with supplier; evaluate expedite shipping quote.
0.5993443086951619,High,Buyer follow-up call with supplier; evaluate expedite shipping quote.
0.5804013952680012,High,Buyer follow-up call with supplier; evaluate expedite shipping quote.
0.36373526363575576,High,Buyer follow-up call with supplier; evaluate expedite shipping quote.
0.2935952636119436,Medium,Automated supplier check-in email.
0.2908027941618287,Medium,Automated supplier check-in email.
0.3093293830025447,High,Buyer follow-up call with supplier; evaluate expedite shipping quote.
0.6706663542005727,Critical,Escalate: evaluate alternate sourcing / expedite fees; alert downstream planning to adjust schedule or safety stock.
0.3799337154778381,High,Buyer follow-up call with supplier; evaluate expedite shipping quote.
0.37230901544335876,High,Buyer follow-up call with supplier; evaluate expedite shipping quote.
0.40154620327877333,High,Buyer follow-up call with supplier; evaluate expedite shipping quote.
0.5541288707951948,High,Buyer follow-up call with supplier; evaluate expedite shipping quote.
0.6420639967764339,Critical,Escalate: evaluate alternate sourcing / expedite fees; alert downstream planning to adjust schedule or safety stock.
0.4621391161232468,High,Buyer follow-up call with supplier; evaluate expedite shipping quote.
0.3729563864876344,High,Buyer follow-up call with supplier; evaluate expedite shipping quote.
0.3872537535893937,High,Buyer follow-up call with supplier; evaluate expedite shipping quote.
0.4317299906848132,High,Buyer follow-up call with supplier; evaluate expedite shipping quote.
0.5245221721610219,High,Buyer follow-up call with supplier; evaluate expedite shipping quote.
0.3906980243528849,High,Buyer follow-up call with supplier; evaluate expedite shipping quote.
0.45348977546658836,High,Buyer follow-up call with supplier; evaluate expedite shipping quote.
0.46107359613798365,High,Buyer follow-up call with supplier; evaluate expedite shipping quote.
0.30278062993566407,High,Buyer follow-up call with supplier; evaluate expedite shipping quote.
0.3760013293118016,High,Buyer follow-up call with supplier; evaluate expedite shipping quote.
0.6502543592161643,Critical,Escalate: evaluate alternate sourcing / expedite fees; alert downstream planning to adjust schedule or safety stock.
0.6222375597668515,Critical,Escalate: evaluate alternate sourcing / expedite fees; alert downstream planning to adjust schedule or safety stock.
0.47920234572417647,High,Buyer follow-up call with supplier; evaluate expedite shipping quote.
0.51131434993442,High,Buyer follow-up call with supplier; evaluate expedite shipping quote.
0.3045610865248197,High,Buyer follow-up call with supplier; evaluate expedite shipping quote.
0.4453505140465843,High,Buyer follow-up call with supplier; evaluate expedite shipping quote.
0.374611781346632,High,Buyer follow-up call with supplier; evaluate expedite shipping quote.
0.5083982544835582,High,Buyer follow-up call with supplier; evaluate expedite shipping quote.
0.48984306649280024,High,Buyer follow-up call with supplier; evaluate expedite shipping quote.
0.5226486427109752,High,Buyer follow-up call with supplier; evaluate expedite shipping quote.
0.6110945842000547,Critical,Escalate: evaluate alternate sourcing / expedite fees; alert downstream planning to adjust schedule or safety stock.
0.37654972061585407,High,Buyer follow-up call with supplier; evaluate expedite shipping quote.
0.3033566298362075,High,Buyer follow-up call with supplier; evaluate expedite shipping quote.
0.38158450675480626,High,Buyer follow-up call with supplier; evaluate expedite shipping quote.
0.4600633302098019,High,Buyer follow-up call with supplier; evaluate expedite shipping quote.
0.5734181530387693,High,Buyer follow-up call with supplier; evaluate expedite shipping quote.
0.30416343935228807,High,Buyer follow-up call with supplier; evaluate expedite shipping quote.
0.4448830251777317,High,Buyer follow-up call with supplier; evaluate expedite shipping quote.
0.4396390113137462,High,Buyer follow-up call with supplier; evaluate expedite shipping quote.
0.47808204588545133,High,Buyer follow-up call with supplier; evaluate expedite shipping quote.
0.6539108682669283,Critical,Escalate: evaluate alternate sourcing / expedite fees; alert downstream planning to adjust schedule or safety stock.
0.2951037032268392,Medium,Automated supplier check-in email.
0.4387372970839671,High,Buyer follow-up call with supplier; evaluate expedite shipping quote.
0.31974438932428234,High,Buyer follow-up call with supplier; evaluate expedite shipping quote.
0.3185814067583933,High,Buyer follow-up call with supplier; evaluate expedite shipping quote.
0.32272277393310417,High,Buyer follow-up call with supplier; evaluate expedite shipping quote.
0.3025890675473578,High,Buyer follow-up call with supplier; evaluate expedite shipping quote.
0.36950379535412786,High,Buyer follow-up call with supplier; evaluate expedite shipping quote.
0.6079060016167115,Critical,Escalate: evaluate alternate sourcing / expedite fees; alert downstream planning to adjust schedule or safety stock.
0.4278244405507918,High,Buyer follow-up call with supplier; evaluate expedite shipping quote.
0.29979754592931246,Medium,Automated supplier check-in email.
0.29575623787146643,Medium,Automated supplier check-in email.
0.3060764413159235,High,Buyer follow-up call with supplier; evaluate expedite shipping quote.
0.5879070443560666,High,Buyer follow-up call with supplier; evaluate expedite shipping quote.
0.6600218567062804,Critical,Escalate: evaluate alternate sourcing / expedite fees; alert downstream planning to adjust schedule or safety stock.
0.4623016902451486,High,Buyer follow-up call with supplier; evaluate expedite shipping quote.
0.29588332349501045,Medium,Automated supplier check-in email.
0.3782416122220852,High,Buyer follow-up call with supplier; evaluate expedite shipping quote.
0.4289696421231563,High,Buyer follow-up call with supplier; evaluate expedite shipping quote.
0.46799193096301334,High,Buyer follow-up call with supplier; evaluate expedite shipping quote.
0.6658677619937745,Critical,Escalate: evaluate alternate sourcing / expedite fees; alert downstream planning to adjust schedule or safety stock.
0.6289851095038014,Critical,Escalate: evaluate alternate sourcing / expedite fees; alert downstream planning to adjust schedule or safety stock.
0.45191984259538903,High,Buyer follow-up call with supplier; evaluate expedite shipping quote.
0.7107187705315321,Critical,Escalate: evaluate alternate sourcing / expedite fees; alert downstream planning to adjust schedule or safety stock.
0.53715610029856,High,Buyer follow-up call with supplier; evaluate expedite shipping quote.
0.401910792309836,High,Buyer follow-up call with supplier; evaluate expedite shipping quote.
0.5961269814906314,High,Buyer follow-up call with supplier; evaluate expedite shipping quote.
0.4436210990673064,High,Buyer follow-up call with supplier; evaluate expedite shipping quote.
0.5848672250710192,High,Buyer follow-up call with supplier; evaluate expedite shipping quote.
0.7126040767719228,Critical,Escalate: evaluate alternate sourcing / expedite fees; alert downstream planning to adjust schedule or safety stock.
0.43825291466040767,High,Buyer follow-up call with supplier; evaluate expedite shipping quote.
0.4439215329759534,High,Buyer follow-up call with supplier; evaluate expedite shipping quote.
0.40120106389276533,High,Buyer follow-up call with supplier; evaluate expedite shipping quote.
0.4467108092194939,High,Buyer follow-up call with supplier; evaluate expedite shipping quote.
0.56051300019104,High,Buyer follow-up call with supplier; evaluate expedite shipping quote.
0.3499968533549778,High,Buyer follow-up call with supplier; evaluate expedite shipping quote.
0.4269798421861439,High,Buyer follow-up call with supplier; evaluate expedite shipping quote.
0.4124397927573969,High,Buyer follow-up call with supplier; evaluate expedite shipping quote.
0.3959100973556102,High,Buyer follow-up call with supplier; evaluate expedite shipping quote.
0.5763151474069959,High,Buyer follow-up call with supplier; evaluate expedite shipping quote.
0.5240014028017412,High,Buyer follow-up call with supplier; evaluate expedite shipping quote.
0.36155457918146056,High,Buyer follow-up call with supplier; evaluate expedite shipping quote.
0.6793544227285321,Critical,Escalate: evaluate alternate sourcing / expedite fees; alert downstream planning to adjust schedule or safety stock.
0.5961590793967091,High,Buyer follow-up call with supplier; evaluate expedite shipping quote.
0.5760732520346128,High,Buyer follow-up call with supplier; evaluate expedite shipping quote.
0.6507960195169734,Critical,Escalate: evaluate alternate sourcing / expedite fees; alert downstream planning to adjust schedule or safety stock.
0.3774138583247435,High,Buyer follow-up call with supplier; evaluate expedite shipping quote.
0.29740043469356126,Medium,Automated supplier check-in email.
0.4279350162094779,High,Buyer follow-up call with supplier; evaluate expedite shipping quote.
0.2951668136416284,Medium,Automated supplier check-in email.
0.411518634674714,High,Buyer follow-up call with supplier; evaluate expedite shipping quote.
0.5323302170086727,High,Buyer follow-up call with supplier; evaluate expedite shipping quote.
0.7304607991148321,Critical,Escalate: evaluate alternate sourcing / expedite fees; alert downstream planning to adjust schedule or safety stock.
0.4364468599559511,High,Buyer follow-up call with supplier; evaluate expedite shipping quote.
0.3889278725940077,High,Buyer follow-up call with supplier; evaluate expedite shipping quote.
0.6610340514041689,Critical,Escalate: evaluate alternate sourcing / expedite fees; alert downstream planning to adjust schedule or safety stock.
0.5970024368307489,High,Buyer follow-up call with supplier; evaluate expedite shipping quote.
0.43915180616329114,High,Buyer follow-up call with supplier; evaluate expedite shipping quote.
0.3793267567851068,High,Buyer follow-up call with supplier; evaluate expedite shipping quote.
0.4270844632440399,High,Buyer follow-up call with supplier; evaluate expedite shipping quote.
0.49045740675378624,High,Buyer follow-up call with supplier; evaluate expedite shipping quote.
0.5611981025023375,High,Buyer follow-up call with supplier; evaluate expedite shipping quote.
0.5636322909995788,High,Buyer follow-up call with supplier; evaluate expedite shipping quote.
0.400953062101459,High,Buyer follow-up call with supplier; evaluate expedite shipping quote.
0.6270856008659569,Critical,Escalate: evaluate alternate sourcing / expedite fees; alert downstream planning to adjust schedule or safety stock.
0.43768304331149754,High,Buyer follow-up call with supplier; evaluate expedite shipping quote.
0.6217240625532906,Critical,Escalate: evaluate alternate sourcing / expedite fees; alert downstream planning to adjust schedule or safety stock.
0.38695415058468235,High,Buyer follow-up call with supplier; evaluate expedite shipping quote.
0.45839374880494194,High,Buyer follow-up call with supplier; evaluate expedite shipping quote.
0.2945201396303083,Medium,Automated supplier check-in email.
0.48635406062577863,High,Buyer follow-up call with supplier; evaluate expedite shipping quote.
0.400077030936984,High,Buyer follow-up call with supplier; evaluate expedite shipping quote.
0.4591147121735155,High,Buyer follow-up call with supplier; evaluate expedite shipping quote.
0.37137248714932103,High,Buyer follow-up call with supplier; evaluate expedite shipping quote.
0.37621648843912325,High,Buyer follow-up call with supplier; evaluate expedite shipping quote.
0.4697755180337786,High,Buyer follow-up call with supplier; evaluate expedite shipping quote.
0.29087996986020287,Medium,Automated supplier check-in email.
0.5638834942286229,High,Buyer follow-up call with supplier; evaluate expedite shipping quote.
0.36629530165185725,High,Buyer follow-up call with supplier; evaluate expedite shipping quote.
0.46790366628992497,High,Buyer follow-up call with supplier; evaluate expedite shipping quote.
0.29237885496633603,Medium,Automated supplier check-in email.
0.5083939622839773,High,Buyer follow-up call with supplier; evaluate expedite shipping quote.
0.30730344781737573,High,Buyer follow-up call with supplier; evaluate expedite shipping quote.
0.4633183642951255,High,Buyer follow-up call with supplier; evaluate expedite shipping quote.
0.31846216502174923,High,Buyer follow-up call with supplier; evaluate expedite shipping quote.
0.440411395978802,High,Buyer follow-up call with supplier; evaluate expedite shipping quote.
0.436000026999277,High,Buyer follow-up call with supplier; evaluate expedite shipping quote.
0.4849866988004103,High,Buyer follow-up call with supplier; evaluate expedite shipping quote.
0.2931920495234877,Medium,Automated supplier check-in email.
0.3766548834668904,High,Buyer follow-up call with supplier; evaluate expedite shipping quote.
0.29078800020162465,Medium,Automated supplier check-in email.
0.5799286313924678,High,Buyer follow-up call with supplier; evaluate expedite shipping quote.
0.5238100055309728,High,Buyer follow-up call with supplier; evaluate expedite shipping quote.
0.4125177110066124,High,Buyer follow-up call with supplier; evaluate expedite shipping quote.
0.5732879435471648,High,Buyer follow-up call with supplier; evaluate expedite shipping quote.
0.47009832950773195,High,Buyer follow-up call with supplier; evaluate expedite shipping quote.
0.38823209482328985,High,Buyer follow-up call with supplier; evaluate expedite shipping quote.
0.41395938325250925,High,Buyer follow-up call with supplier; evaluate expedite shipping quote.
0.38589164435508033,High,Buyer follow-up call with supplier; evaluate expedite shipping quote.
0.4142620810179959,High,Buyer follow-up call with supplier; evaluate expedite shipping quote.
0.5922442063324418,High,Buyer follow-up call with supplier; evaluate expedite shipping quote.
0.7119378267779872,Critical,Escalate: evaluate alternate sourcing / expedite fees; alert downstream planning to adjust schedule or safety stock.
0.4722624612104676,High,Buyer follow-up call with supplier; evaluate expedite shipping quote.
0.617307078647882,Critical,Escalate: evaluate alternate sourcing / expedite fees; alert downstream planning to adjust schedule or safety stock.
0.5009824613019613,High,Buyer follow-up call with supplier; evaluate expedite shipping quote.
0.5330949570742989,High,Buyer follow-up call with supplier; evaluate expedite shipping quote.
0.5426912867857604,High,Buyer follow-up call with supplier; evaluate expedite shipping quote.
0.47238778926815345,High,Buyer follow-up call with supplier; evaluate expedite shipping quote.
0.44223090023914946,High,Buyer follow-up call with supplier; evaluate expedite shipping quote.
0.45564963927777996,High,Buyer follow-up call with supplier; evaluate expedite shipping quote.
0.5082434755714202,High,Buyer follow-up call with supplier; evaluate expedite shipping quote.
0.33533573921868265,High,Buyer follow-up call with supplier; evaluate expedite shipping quote.
0.619032747916002,Critical,Escalate: evaluate alternate sourcing / expedite fees; alert downstream planning to adjust schedule or safety stock.
0.31358603449910644,High,Buyer follow-up call with supplier; evaluate expedite shipping quote.
0.4857495704102608,High,Buyer follow-up call with supplier; evaluate expedite shipping quote.
0.44378051902071497,High,Buyer follow-up call with supplier; evaluate expedite shipping quote.
0.4071445471437559,High,Buyer follow-up call with supplier; evaluate expedite shipping quote.
0.661054768599835,Critical,Escalate: evaluate alternate sourcing / expedite fees; alert downstream planning to adjust schedule or safety stock.
0.6551273856840233,Critical,Escalate: evaluate alternate sourcing / expedite fees; alert downstream planning to adjust schedule or safety stock.
0.3734894672827561,High,Buyer follow-up call with supplier; evaluate expedite shipping quote.
0.4321649080057016,High,Buyer follow-up call with supplier; evaluate expedite shipping quote.
0.44376223165106327,High,Buyer follow-up call with supplier; evaluate expedite shipping quote.
0.26393890912810203,Medium,Automated supplier check-in email.
0.3728605248287944,High,Buyer follow-up call with supplier; evaluate expedite shipping quote.
0.6530299804816942,Critical,Escalate: evaluate alternate sourcing / expedite fees; alert downstream planning to adjust schedule or safety stock.
0.316577475541061,High,Buyer follow-up call with supplier; evaluate expedite shipping quote.
0.6317326074944118,Critical,Escalate: evaluate alternate sourcing / expedite fees; alert downstream planning to adjust schedule or safety stock.
0.40534049851424975,High,Buyer follow-up call with supplier; evaluate expedite shipping quote.
0.3815080524878154,High,Buyer follow-up call with supplier; evaluate expedite shipping quote.
0.39073144919648223,High,Buyer follow-up call with supplier; evaluate expedite shipping quote.
0.6336168177133202,Critical,Escalate: evaluate alternate sourcing / expedite fees; alert downstream planning to adjust schedule or safety stock.
0.5956526504088517,High,Buyer follow-up call with supplier; evaluate expedite shipping quote.
0.4500630280361736,High,Buyer follow-up call with supplier; evaluate expedite shipping quote.
0.4225234685628089,High,Buyer follow-up call with supplier; evaluate expedite shipping quote.
0.4917931365261241,High,Buyer follow-up call with supplier; evaluate expedite shipping quote.
0.3509415035699109,High,Buyer follow-up call with supplier; evaluate expedite shipping quote.
0.7894046386166365,Critical,Escalate: evaluate alternate sourcing / expedite fees; alert downstream planning to adjust schedule or safety stock.
0.38323112877660354,High,Buyer follow-up call with supplier; evaluate expedite shipping quote.
0.43886012435768135,High,Buyer follow-up call with supplier; evaluate expedite shipping quote.
0.5775394780099975,High,Buyer follow-up call with supplier; evaluate expedite shipping quote.
0.43443105143564953,High,Buyer follow-up call with supplier; evaluate expedite shipping quote.
0.4661896444658048,High,Buyer follow-up call with supplier; evaluate expedite shipping quote.
0.44201293773157785,High,Buyer follow-up call with supplier; evaluate expedite shipping quote.
0.6358884029261033,Critical,Escalate: evaluate alternate sourcing / expedite fees; alert downstream planning to adjust schedule or safety stock.
0.3105102896451112,High,Buyer follow-up call with supplier; evaluate expedite shipping quote.
0.5003351957044663,High,Buyer follow-up call with supplier; evaluate expedite shipping quote.
0.5308301484580468,High,Buyer follow-up call with supplier; evaluate expedite shipping quote.
0.40648246916595976,High,Buyer follow-up call with supplier; evaluate expedite shipping quote.
0.4826702728285615,High,Buyer follow-up call with supplier; evaluate expedite shipping quote.
0.5042732468490435,High,Buyer follow-up call with supplier; evaluate expedite shipping quote.
0.7042543535115682,Critical,Escalate: evaluate alternate sourcing / expedite fees; alert downstream planning to adjust schedule or safety stock.
0.35695087696284367,High,Buyer follow-up call with supplier; evaluate expedite shipping quote.
0.38171030252839877,High,Buyer follow-up call with supplier; evaluate expedite shipping quote.
0.5243166320257022,High,Buyer follow-up call with supplier; evaluate expedite shipping quote.
0.5723484386997922,High,Buyer follow-up call with supplier; evaluate expedite shipping quote.
0.39323286671057095,High,Buyer follow-up call with supplier; evaluate expedite shipping quote.
0.6566347429246692,Critical,Escalate: evaluate alternate sourcing / expedite fees; alert downstream planning to adjust schedule or safety stock.
0.404971517029112,High,Buyer follow-up call with supplier; evaluate expedite shipping quote.
0.40600310891100977,High,Buyer follow-up call with supplier; evaluate expedite shipping quote.
0.4697136401664928,High,Buyer follow-up call with supplier; evaluate expedite shipping quote.
0.4036697500380684,High,Buyer follow-up call with supplier; evaluate expedite shipping quote.
0.5805053939326726,High,Buyer follow-up call with supplier; evaluate expedite shipping quote.
0.5771875825518821,High,Buyer follow-up call with supplier; evaluate expedite shipping quote.
0.4623998563178526,High,Buyer follow-up call with supplier; evaluate expedite shipping quote.
0.36770483280293864,High,Buyer follow-up call with supplier; evaluate expedite shipping quote.
0.47929253176292913,High,Buyer follow-up call with supplier; evaluate expedite shipping quote.
0.4240263647785603,High,Buyer follow-up call with supplier; evaluate expedite shipping quote.
0.3570827044392009,High,Buyer follow-up call with supplier; evaluate expedite shipping quote.
0.5199265227512567,High,Buyer follow-up call with supplier; evaluate expedite shipping quote.
0.5194426730398038,High,Buyer follow-up call with supplier; evaluate expedite shipping quote.
0.6233121676074623,Critical,Escalate: evaluate alternate sourcing / expedite fees; alert downstream planning to adjust schedule or safety stock.
0.5974913531183927,High,Buyer follow-up call with supplier; evaluate expedite shipping quote.
0.4996347157039659,High,Buyer follow-up call with supplier; evaluate expedite shipping quote.
0.3909412779661796,High,Buyer follow-up call with supplier; evaluate expedite shipping quote.
0.43182864345616445,High,Buyer follow-up call with supplier; evaluate expedite shipping quote.
0.507208438845822,High,Buyer follow-up call with supplier; evaluate expedite shipping quote.
0.5440138451101205,High,Buyer follow-up call with supplier; evaluate expedite shipping quote.
0.4290471928252552,High,Buyer follow-up call with supplier; evaluate expedite shipping quote.
0.47429954859001505,High,Buyer follow-up call with supplier; evaluate expedite shipping quote.
0.42911002493568223,High,Buyer follow-up call with supplier; evaluate expedite shipping quote.
0.4516998980918288,High,Buyer follow-up call with supplier; evaluate expedite shipping quote.
0.41049458559240043,High,Buyer follow-up call with supplier; evaluate expedite shipping quote.
0.6966976977016037,Critical,Escalate: evaluate alternate sourcing / expedite fees; alert downstream planning to adjust schedule or safety stock.
0.5972316219195822,High,Buyer follow-up call with supplier; evaluate expedite shipping quote.
0.3949815410614557,High,Buyer follow-up call with supplier; evaluate expedite shipping quote.
0.5548840009149097,High,Buyer follow-up call with supplier; evaluate expedite shipping quote.
0.4213189106236627,High,Buyer follow-up call with supplier; evaluate expedite shipping quote.
0.6075249744096478,Critical,Escalate: evaluate alternate sourcing / expedite fees; alert downstream planning to adjust schedule or safety stock.
0.6478813945690473,Critical,Escalate: evaluate alternate sourcing / expedite fees; alert downstream planning to adjust schedule or safety stock.
0.38591259572959274,High,Buyer follow-up call with supplier; evaluate expedite shipping quote.
0.547221347223709,High,Buyer follow-up call with supplier; evaluate expedite shipping quote.
0.40254261928678453,High,Buyer follow-up call with supplier; evaluate expedite shipping quote.
0.4660295728950197,High,Buyer follow-up call with supplier; evaluate expedite shipping quote.
0.3953535091952869,High,Buyer follow-up call with supplier; evaluate expedite shipping quote.
0.5448889533330129,High,Buyer follow-up call with supplier; evaluate expedite shipping quote.
0.4597157030338518,High,Buyer follow-up call with supplier; evaluate expedite shipping quote.
0.6412870026033562,Critical,Escalate: evaluate alternate sourcing / expedite fees; alert downstream planning to adjust schedule or safety stock.
0.45001370766063004,High,Buyer follow-up call with supplier; evaluate expedite shipping quote.
0.307282287576625,High,Buyer follow-up call with supplier; evaluate expedite shipping quote.
0.3508296396701622,High,Buyer follow-up call with supplier; evaluate expedite shipping quote.
0.30550958297991654,High,Buyer follow-up call with supplier; evaluate expedite shipping quote.
0.5747639204513992,High,Buyer follow-up call with supplier; evaluate expedite shipping quote.
0.38085731462474165,High,Buyer follow-up call with supplier; evaluate expedite shipping quote.
0.5621569657137464,High,Buyer follow-up call with supplier; evaluate expedite shipping quote.
0.42319116034229487,High,Buyer follow-up call with supplier; evaluate expedite shipping quote.
0.4070456798891925,High,Buyer follow-up call with supplier; evaluate expedite shipping quote.
0.5386498056173685,High,Buyer follow-up call with supplier; evaluate expedite shipping quote.
0.42811399207824596,High,Buyer follow-up call with supplier; evaluate expedite shipping quote.
0.6299725567749364,Critical,Escalate: evaluate alternate sourcing / expedite fees; alert downstream planning to adjust schedule or safety stock.
0.44477442197193373,High,Buyer follow-up call with supplier; evaluate expedite shipping quote.
0.5708937135520097,High,Buyer follow-up call with supplier; evaluate expedite shipping quote.
0.6469321736393147,Critical,Escalate: evaluate alternate sourcing / expedite fees; alert downstream planning to adjust schedule or safety stock.
0.4391342582280544,High,Buyer follow-up call with supplier; evaluate expedite shipping quote.
0.6996329245992304,Critical,Escalate: evaluate alternate sourcing / expedite fees; alert downstream planning to adjust schedule or safety stock.
0.39780571481599064,High,Buyer follow-up call with supplier; evaluate expedite shipping quote.
0.4409926623812536,High,Buyer follow-up call with supplier; evaluate expedite shipping quote.
0.6436669501309652,Critical,Escalate: evaluate alternate sourcing / expedite fees; alert downstream planning to adjust schedule or safety stock.
0.6554036904403323,Critical,Escalate: evaluate alternate sourcing / expedite fees; alert downstream planning to adjust schedule or safety stock.
0.4034640774350075,High,Buyer follow-up call with supplier; evaluate expedite shipping quote.
0.5544481120146887,High,Buyer follow-up call with supplier; evaluate expedite shipping quote.
0.48790097893232715,High,Buyer follow-up call with supplier; evaluate expedite shipping quote.
0.35076401098899607,High,Buyer follow-up call with supplier; evaluate expedite shipping quote.
0.5574470512669151,High,Buyer follow-up call with supplier; evaluate expedite shipping quote.
0.4147285598237121,High,Buyer follow-up call with supplier; evaluate expedite shipping quote.
0.4013357580418427,High,Buyer follow-up call with supplier; evaluate expedite shipping quote.
0.44134756380509377,High,Buyer follow-up call with supplier; evaluate expedite shipping quote.
0.45691204534226454,High,Buyer follow-up call with supplier; evaluate expedite shipping quote.
0.49329101964972594,High,Buyer follow-up call with supplier; evaluate expedite shipping quote.
0.6170414413717574,Critical,Escalate: evaluate alternate sourcing / expedite fees; alert downstream planning to adjust schedule or safety stock.
0.33299896438406235,High,Buyer follow-up call with supplier; evaluate expedite shipping quote.
0.3408243493583406,High,Buyer follow-up call with supplier; evaluate expedite shipping quote.
0.39318549041196804,High,Buyer follow-up call with supplier; evaluate expedite shipping quote.
0.3085191083612616,High,Buyer follow-up call with supplier; evaluate expedite shipping quote.
0.44424129744700336,High,Buyer follow-up call with supplier; evaluate expedite shipping quote.
0.4189703868594123,High,Buyer follow-up call with supplier; evaluate expedite shipping quote.
0.42472397148637614,High,Buyer follow-up call with supplier; evaluate expedite shipping quote.
0.39355650151903815,High,Buyer follow-up call with supplier; evaluate expedite shipping quote.
0.41916101083586954,High,Buyer follow-up call with supplier; evaluate expedite shipping quote.
0.4465421913358219,High,Buyer follow-up call with supplier; evaluate expedite shipping quote.
0.4040923819547021,High,Buyer follow-up call with supplier; evaluate expedite shipping quote.
0.46649157050292833,High,Buyer follow-up call with supplier; evaluate expedite shipping quote.
0.4674805733030978,High,Buyer follow-up call with supplier; evaluate expedite shipping quote.
0.30412862800263984,High,Buyer follow-up call with supplier; evaluate expedite shipping quote.
0.38007854601439484,High,Buyer follow-up call with supplier; evaluate expedite shipping quote.
0.5053814017556856,High,Buyer follow-up call with supplier; evaluate expedite shipping quote.
0.4031830158137799,High,Buyer follow-up call with supplier; evaluate expedite shipping quote.
0.40544760689186626,High,Buyer follow-up call with supplier; evaluate expedite shipping quote.
0.3783974009225558,High,Buyer follow-up call with supplier; evaluate expedite shipping quote.
0.5106910370838061,High,Buyer follow-up call with supplier; evaluate expedite shipping quote.
0.6715969457254894,Critical,Escalate: evaluate alternate sourcing / expedite fees; alert downstream planning to adjust schedule or safety stock.
0.44463178355843236,High,Buyer follow-up call with supplier; evaluate expedite shipping quote.
0.6593894470622611,Critical,Escalate: evaluate alternate sourcing / expedite fees; alert downstream planning to adjust schedule or safety stock.
0.4297557371552341,High,Buyer follow-up call with supplier; evaluate expedite shipping quote.
0.46298550412036094,High,Buyer follow-up call with supplier; evaluate expedite shipping quote.
0.402384250005586,High,Buyer follow-up call with supplier; evaluate expedite shipping quote.
0.41025830124871343,High,Buyer follow-up call with supplier; evaluate expedite shipping quote.
0.39998480880458637,High,Buyer follow-up call with supplier; evaluate expedite shipping quote.
0.7316988848711049,Critical,Escalate: evaluate alternate sourcing / expedite fees; alert downstream planning to adjust schedule or safety stock.
0.31939227689399635,High,Buyer follow-up call with supplier; evaluate expedite shipping quote.
0.6536850463661226,Critical,Escalate: evaluate alternate sourcing / expedite fees; alert downstream planning to adjust schedule or safety stock.
0.37609817303456117,High,Buyer follow-up call with supplier; evaluate expedite shipping quote.
0.45464685716014946,High,Buyer follow-up call with supplier; evaluate expedite shipping quote.
0.5925833005865155,High,Buyer follow-up call with supplier; evaluate expedite shipping quote.
0.457791699177285,High,Buyer follow-up call with supplier; evaluate expedite shipping quote.
0.4073376904878207,High,Buyer follow-up call with supplier; evaluate expedite shipping quote.
0.45454338125762006,High,Buyer follow-up call with supplier; evaluate expedite shipping quote.
0.4258144198167531,High,Buyer follow-up call with supplier; evaluate expedite shipping quote.
0.36012791169080394,High,Buyer follow-up call with supplier; evaluate expedite shipping quote.
0.6792671133429163,Critical,Escalate: evaluate alternate sourcing / expedite fees; alert downstream planning to adjust schedule or safety stock.
0.4920605936691177,High,Buyer follow-up call with supplier; evaluate expedite shipping quote.
0.4445347055951924,High,Buyer follow-up call with supplier; evaluate expedite shipping quote.
0.48294180839667505,High,Buyer follow-up call with supplier; evaluate expedite shipping quote.
0.5235092465106143,High,Buyer follow-up call with supplier; evaluate expedite shipping quote.
0.3626764082261511,High,Buyer follow-up call with supplier; evaluate expedite shipping quote.
0.40204187797522467,High,Buyer follow-up call with supplier; evaluate expedite shipping quote.
0.2931804675821967,Medium,Automated supplier check-in email.
0.3204930821421434,High,Buyer follow-up call with supplier; evaluate expedite shipping quote.
0.42649064884836513,High,Buyer follow-up call with supplier; evaluate expedite shipping quote.
0.6587522007559878,Critical,Escalate: evaluate alternate sourcing / expedite fees; alert downstream planning to adjust schedule or safety stock.
0.4437989355720561,High,Buyer follow-up call with supplier; evaluate expedite shipping quote.
0.438545715203625,High,Buyer follow-up call with supplier; evaluate expedite shipping quote.
0.4082016927248565,High,Buyer follow-up call with supplier; evaluate expedite shipping quote.
0.2985345651420286,Medium,Automated supplier check-in email.
0.6904675736998063,Critical,Escalate: evaluate alternate sourcing / expedite fees; alert downstream planning to adjust schedule or safety stock.
0.40835383348971566,High,Buyer follow-up call with supplier; evaluate expedite shipping quote.
0.3639645884361835,High,Buyer follow-up call with supplier; evaluate expedite shipping quote.
0.4296620311312361,High,Buyer follow-up call with supplier; evaluate expedite shipping quote.
0.41422970451761726,High,Buyer follow-up call with supplier; evaluate expedite shipping quote.
0.2982544274118684,Medium,Automated supplier check-in email.
0.4769282040082849,High,Buyer follow-up call with supplier; evaluate expedite shipping quote.
0.609836606849502,Critical,Escalate: evaluate alternate sourcing / expedite fees; alert downstream planning to adjust schedule or safety stock.
0.600583784106449,Critical,Escalate: evaluate alternate sourcing / expedite fees; alert downstream planning to adjust schedule or safety stock.
0.43721382790505514,High,Buyer follow-up call with supplier; evaluate expedite shipping quote.
0.5499932078937037,High,Buyer follow-up call with supplier; evaluate expedite shipping quote.
0.37732121708127747,High,Buyer follow-up call with supplier; evaluate expedite shipping quote.
0.5227429457214694,High,Buyer follow-up call with supplier; evaluate expedite shipping quote.
0.37757274778851757,High,Buyer follow-up call with supplier; evaluate expedite shipping quote.
0.4977307357385983,High,Buyer follow-up call with supplier; evaluate expedite shipping quote.
0.40523196924280114,High,Buyer follow-up call with supplier; evaluate expedite shipping quote.
0.40930113238326166,High,Buyer follow-up call with supplier; evaluate expedite shipping quote.
0.3594886854509571,High,Buyer follow-up call with supplier; evaluate expedite shipping quote.
0.6025936632073249,Critical,Escalate: evaluate alternate sourcing / expedite fees; alert downstream planning to adjust schedule or safety stock.
0.40441857865051506,High,Buyer follow-up call with supplier; evaluate expedite shipping quote.
0.5172030914260709,High,Buyer follow-up call with supplier; evaluate expedite shipping quote.
0.6531747765801273,Critical,Escalate: evaluate alternate sourcing / expedite fees; alert downstream planning to adjust schedule or safety stock.
0.460125330695964,High,Buyer follow-up call with supplier; evaluate expedite shipping quote.
0.43174949651941014,High,Buyer follow-up call with supplier; evaluate expedite shipping quote.
0.32524938346635696,High,Buyer follow-up call with supplier; evaluate expedite shipping quote.
0.41009552721554837,High,Buyer follow-up call with supplier; evaluate expedite shipping quote.
0.5294249589884134,High,Buyer follow-up call with supplier; evaluate expedite shipping quote.
0.5858928944493411,High,Buyer follow-up call with supplier; evaluate expedite shipping quote.
0.6688240482567471,Critical,Escalate: evaluate alternate sourcing / expedite fees; alert downstream planning to adjust schedule or safety stock.
0.4793781038333432,High,Buyer follow-up call with supplier; evaluate expedite shipping quote.
0.3241189829938422,High,Buyer follow-up call with supplier; evaluate expedite shipping quote.
0.6463852780998096,Critical,Escalate: evaluate alternate sourcing / expedite fees; alert downstream planning to adjust schedule or safety stock.
0.4306694743257915,High,Buyer follow-up call with supplier; evaluate expedite shipping quote.
0.4609286327299339,High,Buyer follow-up call with supplier; evaluate expedite shipping quote.
0.6554668994592849,Critical,Escalate: evaluate alternate sourcing / expedite fees; alert downstream planning to adjust schedule or safety stock.
0.45902684681254613,High,Buyer follow-up call with supplier; evaluate expedite shipping quote.
0.4104835627671845,High,Buyer follow-up call with supplier; evaluate expedite shipping quote.
0.3840123652974459,High,Buyer follow-up call with supplier; evaluate expedite shipping quote.
0.35282512148875983,High,Buyer follow-up call with supplier; evaluate expedite shipping quote.
0.5602650973372292,High,Buyer follow-up call with supplier; evaluate expedite shipping quote.
0.6095520562212757,Critical,Escalate: evaluate alternate sourcing / expedite fees; alert downstream planning to adjust schedule or safety stock.
0.6715969457254894,Critical,Escalate: evaluate alternate sourcing / expedite fees; alert downstream planning to adjust schedule or safety stock.
0.43081263277218323,High,Buyer follow-up call with supplier; evaluate expedite shipping quote.
0.6093942268481922,Critical,Escalate: evaluate alternate sourcing / expedite fees; alert downstream planning to adjust schedule or safety stock.
0.29787261649998775,Medium,Automated supplier check-in email.
0.3654609434897538,High,Buyer follow-up call with supplier; evaluate expedite shipping quote.
0.6146289288410579,Critical,Escalate: evaluate alternate sourcing / expedite fees; alert downstream planning to adjust schedule or safety stock.
0.5365942684458407,High,Buyer follow-up call with supplier; evaluate expedite shipping quote.
0.2877217097625214,Medium,Automated supplier check-in email.
0.40168043634609074,High,Buyer follow-up call with supplier; evaluate expedite shipping quote.
0.7175049269688587,Critical,Escalate: evaluate alternate sourcing / expedite fees; alert downstream planning to adjust schedule or safety stock.
0.4217563299831696,High,Buyer follow-up call with supplier; evaluate expedite shipping quote.
0.3007412776568866,High,Buyer follow-up call with supplier; evaluate expedite shipping quote.
0.427531582732539,High,Buyer follow-up call with supplier; evaluate expedite shipping quote.
0.5883713176507431,High,Buyer follow-up call with supplier; evaluate expedite shipping quote.
0.2964871258565575,Medium,Automated supplier check-in email.
0.6590148393133927,Critical,Escalate: evaluate alternate sourcing / expedite fees; alert downstream planning to adjust schedule or safety stock.
0.3179503999995752,High,Buyer follow-up call with supplier; evaluate expedite shipping quote.
0.6121558069385444,Critical,Escalate: evaluate alternate sourcing / expedite fees; alert downstream planning to adjust schedule or safety stock.
0.458081953739648,High,Buyer follow-up call with supplier; evaluate expedite shipping quote.
0.5409936909647236,High,Buyer follow-up call with supplier; evaluate expedite shipping quote.
0.4323235559168904,High,Buyer follow-up call with supplier; evaluate expedite shipping quote.
0.6050188382016873,Critical,Escalate: evaluate alternate sourcing / expedite fees; alert downstream planning to adjust schedule or safety stock.
0.2756003979683351,Medium,Automated supplier check-in email.
0.4188024813366989,High,Buyer follow-up call with supplier; evaluate expedite shipping quote.
0.4382825801388739,High,Buyer follow-up call with supplier; evaluate expedite shipping quote.
0.37904634834426065,High,Buyer follow-up call with supplier; evaluate expedite shipping quote.
0.6588784379021219,Critical,Escalate: evaluate alternate sourcing / expedite fees; alert downstream planning to adjust schedule or safety stock.
0.6486874040671642,Critical,Escalate: evaluate alternate sourcing / expedite fees; alert downstream planning to adjust schedule or safety stock.
0.6412495713758265,Critical,Escalate: evaluate alternate sourcing / expedite fees; alert downstream planning to adjust schedule or safety stock.
0.4496551051266463,High,Buyer follow-up call with supplier; evaluate expedite shipping quote.
0.5103868570171154,High,Buyer follow-up call with supplier; evaluate expedite shipping quote.
0.6305775161859107,Critical,Escalate: evaluate alternate sourcing / expedite fees; alert downstream planning to adjust schedule or safety stock.
0.4991972730086179,High,Buyer follow-up call with supplier; evaluate expedite shipping quote.
0.7100499282976076,Critical,Escalate: evaluate alternate sourcing / expedite fees; alert downstream planning to adjust schedule or safety stock.
0.43996368154111376,High,Buyer follow-up call with supplier; evaluate expedite shipping quote.
0.5582573500712451,High,Buyer follow-up call with supplier; evaluate expedite shipping quote.
0.4199838308621094,High,Buyer follow-up call with supplier; evaluate expedite shipping quote.
0.5996213085250812,High,Buyer follow-up call with supplier; evaluate expedite shipping quote.
0.4054483627665234,High,Buyer follow-up call with supplier; evaluate expedite shipping quote.
0.54364111936352,High,Buyer follow-up call with supplier; evaluate expedite shipping quote.
0.42304125381920993,High,Buyer follow-up call with supplier; evaluate expedite shipping quote.
0.30530023668673373,High,Buyer follow-up call with supplier; evaluate expedite shipping quote.
0.4870896619411038,High,Buyer follow-up call with supplier; evaluate expedite shipping quote.
0.4233543818544378,High,Buyer follow-up call with supplier; evaluate expedite shipping quote.
0.3544030038416894,High,Buyer follow-up call with supplier; evaluate expedite shipping quote.
0.3814449461499041,High,Buyer follow-up call with supplier; evaluate expedite shipping quote.
0.5515793665037215,High,Buyer follow-up call with supplier; evaluate expedite shipping quote.
0.6791489573485313,Critical,Escalate: evaluate alternate sourcing / expedite fees; alert downstream planning to adjust schedule or safety stock.
0.7100499282976076,Critical,Escalate: evaluate alternate sourcing / expedite fees; alert downstream planning to adjust schedule or safety stock.
0.3103997258007925,High,Buyer follow-up call with supplier; evaluate expedite shipping quote.
0.5046462570426103,High,Buyer follow-up call with supplier; evaluate expedite shipping quote.
0.29518628388644436,Medium,Automated supplier check-in email.
0.4257965572963928,High,Buyer follow-up call with supplier; evaluate expedite shipping quote.
0.403724259728937,High,Buyer follow-up call with supplier; evaluate expedite shipping quote.
0.41508881280548704,High,Buyer follow-up call with supplier; evaluate expedite shipping quote.
0.32524938346635696,High,Buyer follow-up call with supplier; evaluate expedite shipping quote.
0.45981421499847885,High,Buyer follow-up call with supplier; evaluate expedite shipping quote.
0.5571513483391656,High,Buyer follow-up call with supplier; evaluate expedite shipping quote.
0.6251877458575207,Critical,Escalate: evaluate alternate sourcing / expedite fees; alert downstream planning to adjust schedule or safety stock.
0.4060029340320933,High,Buyer follow-up call with supplier; evaluate expedite shipping quote.
0.42976509574868094,High,Buyer follow-up call with supplier; evaluate expedite shipping quote.
0.5369141749286874,High,Buyer follow-up call with supplier; evaluate expedite shipping quote.
0.39159655257786835,High,Buyer follow-up call with supplier; evaluate expedite shipping quote.
0.6017717803355135,Critical,Escalate: evaluate alternate sourcing / expedite fees; alert downstream planning to adjust schedule or safety stock.
0.5032992722225401,High,Buyer follow-up call with supplier; evaluate expedite shipping quote.
0.39272088013903916,High,Buyer follow-up call with supplier; evaluate expedite shipping quote.
0.31616704306542354,High,Buyer follow-up call with supplier; evaluate expedite shipping quote.
0.6284622788311587,Critical,Escalate: evaluate alternate sourcing / expedite fees; alert downstream planning to adjust schedule or safety stock.
0.5997789453570185,High,Buyer follow-up call with supplier; evaluate expedite shipping quote.
0.3492721584031743,High,Buyer follow-up call with supplier; evaluate expedite shipping quote.
0.6879433154249377,Critical,Escalate: evaluate alternate sourcing / expedite fees; alert downstream planning to adjust schedule or safety stock.
0.4612498505601226,High,Buyer follow-up call with supplier; evaluate expedite shipping quote.
0.5339438620000562,High,Buyer follow-up call with supplier; evaluate expedite shipping quote.
0.6299725567749364,Critical,Escalate: evaluate alternate sourcing / expedite fees; alert downstream planning to adjust schedule or safety stock.
0.30144029569049713,High,Buyer follow-up call with supplier; evaluate expedite shipping quote.
0.433592216873316,High,Buyer follow-up call with supplier; evaluate expedite shipping quote.
0.6648922624792912,Critical,Escalate: evaluate alternate sourcing / expedite fees; alert downstream planning to adjust schedule or safety stock.
0.3096721197095986,High,Buyer follow-up call with supplier; evaluate expedite shipping quote.
0.4026622494389767,High,Buyer follow-up call with supplier; evaluate expedite shipping quote.
0.4683137074622689,High,Buyer follow-up call with supplier; evaluate expedite shipping quote.
0.6604581471145133,Critical,Escalate: evaluate alternate sourcing / expedite fees; alert downstream planning to adjust schedule or safety stock.
0.46240091473938627,High,Buyer follow-up call with supplier; evaluate expedite shipping quote.
0.33261394193373706,High,Buyer follow-up call with supplier; evaluate expedite shipping quote.
0.5902816663613508,High,Buyer follow-up call with supplier; evaluate expedite shipping quote.
0.5958360670983618,High,Buyer follow-up call with supplier; evaluate expedite shipping quote.
0.4528578341440754,High,Buyer follow-up call with supplier; evaluate expedite shipping quote.
0.3211243440311657,High,Buyer follow-up call with supplier; evaluate expedite shipping quote.
0.6345130619897383,Critical,Escalate: evaluate alternate sourcing / expedite fees; alert downstream planning to adjust schedule or safety stock.
0.445181409432748,High,Buyer follow-up call with supplier; evaluate expedite shipping quote.
0.36300030273244244,High,Buyer follow-up call with supplier; evaluate expedite shipping quote.
0.46461491840030705,High,Buyer follow-up call with supplier; evaluate expedite shipping quote.
0.2932987694229128,Medium,Automated supplier check-in email.
0.4274041318230024,High,Buyer follow-up call with supplier; evaluate expedite shipping quote.
0.6458172902469828,Critical,Escalate: evaluate alternate sourcing / expedite fees; alert downstream planning to adjust schedule or safety stock.
0.6391915147991167,Critical,Escalate: evaluate alternate sourcing / expedite fees; alert downstream planning to adjust schedule or safety stock.
0.48127188040610425,High,Buyer follow-up call with supplier; evaluate expedite shipping quote.
0.6004250340842625,Critical,Escalate: evaluate alternate sourcing / expedite fees; alert downstream planning to adjust schedule or safety stock.
0.44663338828038135,High,Buyer follow-up call with supplier; evaluate expedite shipping quote.
0.5253158803593683,High,Buyer follow-up call with supplier; evaluate expedite shipping quote.
0.4544496173718676,High,Buyer follow-up call with supplier; evaluate expedite shipping quote.
0.726401915659732,Critical,Escalate: evaluate alternate sourcing / expedite fees; alert downstream planning to adjust schedule or safety stock.
0.4137309186176741,High,Buyer follow-up call with supplier; evaluate expedite shipping quote.
0.5634955533184924,High,Buyer follow-up call with supplier; evaluate expedite shipping quote.
0.6599460116142661,Critical,Escalate: evaluate alternate sourcing / expedite fees; alert downstream planning to adjust schedule or safety stock.
0.3114580725713667,High,Buyer follow-up call with supplier; evaluate expedite shipping quote.
0.4654543202491654,High,Buyer follow-up call with supplier; evaluate expedite shipping quote.
0.2970631891300376,Medium,Automated supplier check-in email.
0.7126040767719228,Critical,Escalate: evaluate alternate sourcing / expedite fees; alert downstream planning to adjust schedule or safety stock.
0.5879236342833877,High,Buyer follow-up call with supplier; evaluate expedite shipping quote.
0.44623555984040336,High,Buyer follow-up call with supplier; evaluate expedite shipping quote.
0.5270425733821514,High,Buyer follow-up call with supplier; evaluate expedite shipping quote.
0.46735685632701696,High,Buyer follow-up call with supplier; evaluate expedite shipping quote.
0.7743784595351614,Critical,Escalate: evaluate alternate sourcing / expedite fees; alert downstream planning to adjust schedule or safety stock.
0.29741026951799276,Medium,Automated supplier check-in email.
0.5978790870333897,High,Buyer follow-up call with supplier; evaluate expedite shipping quote.
0.7027494475024618,Critical,Escalate: evaluate alternate sourcing / expedite fees; alert downstream planning to adjust schedule or safety stock.
0.4029203838816544,High,Buyer follow-up call with supplier; evaluate expedite shipping quote.
0.4360487002280714,High,Buyer follow-up call with supplier; evaluate expedite shipping quote.
0.42962945265534835,High,Buyer follow-up call with supplier; evaluate expedite shipping quote.
0.6361399045081741,Critical,Escalate: evaluate alternate sourcing / expedite fees; alert downstream planning to adjust schedule or safety stock.
0.7200036286708479,Critical,Escalate: evaluate alternate sourcing / expedite fees; alert downstream planning to adjust schedule or safety stock.
0.4628743025756875,High,Buyer follow-up call with supplier; evaluate expedite shipping quote.
0.3025890675473578,High,Buyer follow-up call with supplier; evaluate expedite shipping quote.
0.3889225517069561,High,Buyer follow-up call with supplier; evaluate expedite shipping quote.
0.6178638024476247,Critical,Escalate: evaluate alternate sourcing / expedite fees; alert downstream planning to adjust schedule or safety stock.
0.38862987464357107,High,Buyer follow-up call with supplier; evaluate expedite shipping quote.
0.5962237749838865,High,Buyer follow-up call with supplier; evaluate expedite shipping quote.
0.6922514345762194,Critical,Escalate: evaluate alternate sourcing / expedite fees; alert downstream planning to adjust schedule or safety stock.
0.42582715262230886,High,Buyer follow-up call with supplier; evaluate expedite shipping quote.
0.38065541230585087,High,Buyer follow-up call with supplier; evaluate expedite shipping quote.
0.6290878956014148,Critical,Escalate: evaluate alternate sourcing / expedite fees; alert downstream planning to adjust schedule or safety stock.
0.35295556509330567,High,Buyer follow-up call with supplier; evaluate expedite shipping quote.
0.4149291801264458,High,Buyer follow-up call with supplier; evaluate expedite shipping quote.
0.3818663988819258,High,Buyer follow-up call with supplier; evaluate expedite shipping quote.
0.4365880980886853,High,Buyer follow-up call with supplier; evaluate expedite shipping quote.
0.4393404015841823,High,Buyer follow-up call with supplier; evaluate expedite shipping quote.
0.682415461433863,Critical,Escalate: evaluate alternate sourcing / expedite fees; alert downstream planning to adjust schedule or safety stock.
0.43660061161500147,High,Buyer follow-up call with supplier; evaluate expedite shipping quote.
0.4267164235935944,High,Buyer follow-up call with supplier; evaluate expedite shipping quote.
0.4452335180204113,High,Buyer follow-up call with supplier; evaluate expedite shipping quote.
0.4236816079849121,High,Buyer follow-up call with supplier; evaluate expedite shipping quote.
0.596250736568751,High,Buyer follow-up call with supplier; evaluate expedite shipping quote.
0.5060417042839774,High,Buyer follow-up call with supplier; evaluate expedite shipping quote.
0.6688418069205552,Critical,Escalate: evaluate alternate sourcing / expedite fees; alert downstream planning to adjust schedule or safety stock.
0.3433789131827501,High,Buyer follow-up call with supplier; evaluate expedite shipping quote.
0.43076937084105427,High,Buyer follow-up call with supplier; evaluate expedite shipping quote.
0.449422014152146,High,Buyer follow-up call with supplier; evaluate expedite shipping quote.
0.42558064739673035,High,Buyer follow-up call with supplier; evaluate expedite shipping quote.
0.5059736991589118,High,Buyer follow-up call with supplier; evaluate expedite shipping quote.
0.7084529632523634,Critical,Escalate: evaluate alternate sourcing / expedite fees; alert downstream planning to adjust schedule or safety stock.
0.6068952796810732,Critical,Escalate: evaluate alternate sourcing / expedite fees; alert downstream planning to adjust schedule or safety stock.
0.6063582090003432,Critical,Escalate: evaluate alternate sourcing / expedite fees; alert downstream planning to adjust schedule or safety stock.
0.6935864615350237,Critical,Escalate: evaluate alternate sourcing / expedite fees; alert downstream planning to adjust schedule or safety stock.
0.3191424722992969,High,Buyer follow-up call with supplier; evaluate expedite shipping quote.
0.4431170565717964,High,Buyer follow-up call with supplier; evaluate expedite shipping quote.
0.6013255392798236,Critical,Escalate: evaluate alternate sourcing / expedite fees; alert downstream planning to adjust schedule or safety stock.
0.5852666840114317,High,Buyer follow-up call with supplier; evaluate expedite shipping quote.
0.28588350415852876,Medium,Automated supplier check-in email.
0.5788485239896999,High,Buyer follow-up call with supplier; evaluate expedite shipping quote.
0.6570413748866031,Critical,Escalate: evaluate alternate sourcing / expedite fees; alert downstream planning to adjust schedule or safety stock.
0.5753237830521364,High,Buyer follow-up call with supplier; evaluate expedite shipping quote.
0.4195704623361271,High,Buyer follow-up call with supplier; evaluate expedite shipping quote.
0.2831314071463855,Medium,Automated supplier check-in email.
0.6096695903552706,Critical,Escalate: evaluate alternate sourcing / expedite fees; alert downstream planning to adjust schedule or safety stock.
0.4291579544330956,High,Buyer follow-up call with supplier; evaluate expedite shipping quote.
0.4733367574819623,High,Buyer follow-up call with supplier; evaluate expedite shipping quote.
0.38386198248125236,High,Buyer follow-up call with supplier; evaluate expedite shipping quote.
0.4323830650960804,High,Buyer follow-up call with supplier; evaluate expedite shipping quote.
0.30360193086697407,High,Buyer follow-up call with supplier; evaluate expedite shipping quote.
0.7065457608175165,Critical,Escalate: evaluate alternate sourcing / expedite fees; alert downstream planning to adjust schedule or safety stock.
0.4870321203068395,High,Buyer follow-up call with supplier; evaluate expedite shipping quote.
0.6607509640724164,Critical,Escalate: evaluate alternate sourcing / expedite fees; alert downstream planning to adjust schedule or safety stock.
0.6890097453574547,Critical,Escalate: evaluate alternate sourcing / expedite fees; alert downstream planning to adjust schedule or safety stock.
0.33013695072934046,High,Buyer follow-up call with supplier; evaluate expedite shipping quote.
0.7119248203928099,Critical,Escalate: evaluate alternate sourcing / expedite fees; alert downstream planning to adjust schedule or safety stock.
0.6120615661127112,Critical,Escalate: evaluate alternate sourcing / expedite fees; alert downstream planning to adjust schedule or safety stock.
0.40600469480154094,High,Buyer follow-up call with supplier; evaluate expedite shipping quote.
0.6597108212092683,Critical,Escalate: evaluate alternate sourcing / expedite fees; alert downstream planning to adjust schedule or safety stock.
0.4281080393351093,High,Buyer follow-up call with supplier; evaluate expedite shipping quote.
0.5214243447927381,High,Buyer follow-up call with supplier; evaluate expedite shipping quote.
0.32476538140089156,High,Buyer follow-up call with supplier; evaluate expedite shipping quote.
0.38045689433833974,High,Buyer follow-up call with supplier; evaluate expedite shipping quote.
0.6554668994592849,Critical,Escalate: evaluate alternate sourcing / expedite fees; alert downstream planning to adjust schedule or safety stock.
0.713805431676596,Critical,Escalate: evaluate alternate sourcing / expedite fees; alert downstream planning to adjust schedule or safety stock.
0.7299911829811377,Critical,Escalate: evaluate alternate sourcing / expedite fees; alert downstream planning to adjust schedule or safety stock.
0.44589075905947995,High,Buyer follow-up call with supplier; evaluate expedite shipping quote.
0.3763483994228095,High,Buyer follow-up call with supplier; evaluate expedite shipping quote.
0.5334550742940677,High,Buyer follow-up call with supplier; evaluate expedite shipping quote.
0.7119378267779872,Critical,Escalate: evaluate alternate sourcing / expedite fees; alert downstream planning to adjust schedule or safety stock.
0.4341360958378948,High,Buyer follow-up call with supplier; evaluate expedite shipping quote.
0.3013110265478424,High,Buyer follow-up call with supplier; evaluate expedite shipping quote.
0.5715996091194817,High,Buyer follow-up call with supplier; evaluate expedite shipping quote.
0.4426728129186406,High,Buyer follow-up call with supplier; evaluate expedite shipping quote.
0.5166246123937939,High,Buyer follow-up call with supplier; evaluate expedite shipping quote.
0.408536450976661,High,Buyer follow-up call with supplier; evaluate expedite shipping quote.
0.29787261649998775,Medium,Automated supplier check-in email.
0.5104776866788295,High,Buyer follow-up call with supplier; evaluate expedite shipping quote.
0.5168552236463452,High,Buyer follow-up call with supplier; evaluate expedite shipping quote.
0.3673646531806442,High,Buyer follow-up call with supplier; evaluate expedite shipping quote.
0.28966397755274553,Medium,Automated supplier check-in email.
0.30603665682612985,High,Buyer follow-up call with supplier; evaluate expedite shipping quote.
0.45283396833738093,High,Buyer follow-up call with supplier; evaluate expedite shipping quote.
0.45788171453509485,High,Buyer follow-up call with supplier; evaluate expedite shipping quote.
0.5066441568199994,High,Buyer follow-up call with supplier; evaluate expedite shipping quote.
0.4401849930276678,High,Buyer follow-up call with supplier; evaluate expedite shipping quote.
0.610658936206473,Critical,Escalate: evaluate alternate sourcing / expedite fees; alert downstream planning to adjust schedule or safety stock.
0.5950403946865669,High,Buyer follow-up call with supplier; evaluate expedite shipping quote.
0.5319231098680773,High,Buyer follow-up call with supplier; evaluate expedite shipping quote.
0.3691643601362608,High,Buyer follow-up call with supplier; evaluate expedite shipping quote.
0.6384414265739871,Critical,Escalate: evaluate alternate sourcing / expedite fees; alert downstream planning to adjust schedule or safety stock.
0.47001687108575585,High,Buyer follow-up call with supplier; evaluate expedite shipping quote.
0.38101085629326087,High,Buyer follow-up call with supplier; evaluate expedite shipping quote.
0.6650548038317522,Critical,Escalate: evaluate alternate sourcing / expedite fees; alert downstream planning to adjust schedule or safety stock.
0.4530933408900045,High,Buyer follow-up call with supplier; evaluate expedite shipping quote.
0.47236604115496317,High,Buyer follow-up call with supplier; evaluate expedite shipping quote.
0.44502825853986266,High,Buyer follow-up call with supplier; evaluate expedite shipping quote.
0.44592744139153234,High,Buyer follow-up call with supplier; evaluate expedite shipping quote.
0.36627920410547193,High,Buyer follow-up call with supplier; evaluate expedite shipping quote.
0.3898317024159773,High,Buyer follow-up call with supplier; evaluate expedite shipping quote.
0.6409578981212032,Critical,Escalate: evaluate alternate sourcing / expedite fees; alert downstream planning to adjust schedule or safety stock.
0.3068042980775622,High,Buyer follow-up call with supplier; evaluate expedite shipping quote.
0.616982682826824,Critical,Escalate: evaluate alternate sourcing / expedite fees; alert downstream planning to adjust schedule or safety stock.
0.5681469879901424,High,Buyer follow-up call with supplier; evaluate expedite shipping quote.
0.5932839415080632,High,Buyer follow-up call with supplier; evaluate expedite shipping quote.
0.6654782109109444,Critical,Escalate: evaluate alternate sourcing / expedite fees; alert downstream planning to adjust schedule or safety stock.
0.5918345265304907,High,Buyer follow-up call with supplier; evaluate expedite shipping quote.
0.6101946788129244,Critical,Escalate: evaluate alternate sourcing / expedite fees; alert downstream planning to adjust schedule or safety stock.
0.43788219901411013,High,Buyer follow-up call with supplier; evaluate expedite shipping quote.
0.32526241296309444,High,Buyer follow-up call with supplier; evaluate expedite shipping quote.
0.3809611585747926,High,Buyer follow-up call with supplier; evaluate expedite shipping quote.
0.3582625730649637,High,Buyer follow-up call with supplier; evaluate expedite shipping quote.
0.3400988271698904,High,Buyer follow-up call with supplier; evaluate expedite shipping quote.
0.43540392500416286,High,Buyer follow-up call with supplier; evaluate expedite shipping quote.
0.4217165608367374,High,Buyer follow-up call with supplier; evaluate expedite shipping quote.
0.5667047318024118,High,Buyer follow-up call with supplier; evaluate expedite shipping quote.
0.29473556048632105,Medium,Automated supplier check-in email.
0.4280528383572735,High,Buyer follow-up call with supplier; evaluate expedite shipping quote.
0.6844101722757925,Critical,Escalate: evaluate alternate sourcing / expedite fees; alert downstream planning to adjust schedule or safety stock.
0.46628103390344067,High,Buyer follow-up call with supplier; evaluate expedite shipping quote.
0.6150303416524845,Critical,Escalate: evaluate alternate sourcing / expedite fees; alert downstream planning to adjust schedule or safety stock.
0.4114574397956829,High,Buyer follow-up call with supplier; evaluate expedite shipping quote.
0.4725698465816039,High,Buyer follow-up call with supplier; evaluate expedite shipping quote.
0.37698152653373795,High,Buyer follow-up call with supplier; evaluate expedite shipping quote.
0.5319545611408254,High,Buyer follow-up call with supplier; evaluate expedite shipping quote.
0.4105248370990394,High,Buyer follow-up call with supplier; evaluate expedite shipping quote.
0.3582709048135874,High,Buyer follow-up call with supplier; evaluate expedite shipping quote.
0.3743630925810034,High,Buyer follow-up call with supplier; evaluate expedite shipping quote.
0.7166646488248453,Critical,Escalate: evaluate alternate sourcing / expedite fees; alert downstream planning to adjust schedule or safety stock.
0.30359983008127056,High,Buyer follow-up call with supplier; evaluate expedite shipping quote.
0.6916703422431895,Critical,Escalate: evaluate alternate sourcing / expedite fees; alert downstream planning to adjust schedule or safety stock.
0.5115165819665486,High,Buyer follow-up call with supplier; evaluate expedite shipping quote.
0.4496346277593475,High,Buyer follow-up call with supplier; evaluate expedite shipping quote.
0.2976482509005241,Medium,Automated supplier check-in email.
0.46379430735288146,High,Buyer follow-up call with supplier; evaluate expedite shipping quote.
0.44564277469840086,High,Buyer follow-up call with supplier; evaluate expedite shipping quote.
0.32526241296309444,High,Buyer follow-up call with supplier; evaluate expedite shipping quote.
0.29646716162801867,Medium,Automated supplier check-in email.
0.407806895077911,High,Buyer follow-up call with supplier; evaluate expedite shipping quote.
0.5965504503975885,High,Buyer follow-up call with supplier; evaluate expedite shipping quote.
0.2953925568829597,Medium,Automated supplier check-in email.
0.6446762437496233,Critical,Escalate: evaluate alternate sourcing / expedite fees; alert downstream planning to adjust schedule or safety stock.
0.5686671212710267,High,Buyer follow-up call with supplier; evaluate expedite shipping quote.
0.6837476168568665,Critical,Escalate: evaluate alternate sourcing / expedite fees; alert downstream planning to adjust schedule or safety stock.
0.6492783485444004,Critical,Escalate: evaluate alternate sourcing / expedite fees; alert downstream planning to adjust schedule or safety stock.
0.2877542410444038,Medium,Automated supplier check-in email.
0.2832422572725754,Medium,Automated supplier check-in email.
0.7031763054803007,Critical,Escalate: evaluate alternate sourcing / expedite fees; alert downstream planning to adjust schedule or safety stock.
0.2964588735993148,Medium,Automated supplier check-in email.
0.5468053906606316,High,Buyer follow-up call with supplier; evaluate expedite shipping quote.
0.38678750817756624,High,Buyer follow-up call with supplier; evaluate expedite shipping quote.
0.440154343723598,High,Buyer follow-up call with supplier; evaluate expedite shipping quote.
0.48869019293500543,High,Buyer follow-up call with supplier; evaluate expedite shipping quote.
0.4299875145492758,High,Buyer follow-up call with supplier; evaluate expedite shipping quote.
0.6569072775123542,Critical,Escalate: evaluate alternate sourcing / expedite fees; alert downstream planning to adjust schedule or safety stock.
0.5747379743612545,High,Buyer follow-up call with supplier; evaluate expedite shipping quote.
0.43693963796361884,High,Buyer follow-up call with supplier; evaluate expedite shipping quote.
0.31367361339072114,High,Buyer follow-up call with supplier; evaluate expedite shipping quote.
0.6251877458575207,Critical,Escalate: evaluate alternate sourcing / expedite fees; alert downstream planning to adjust schedule or safety stock.
0.46374774029463683,High,Buyer follow-up call with supplier; evaluate expedite shipping quote.
0.4496926866071648,High,Buyer follow-up call with supplier; evaluate expedite shipping quote.
0.5506447952309746,High,Buyer follow-up call with supplier; evaluate expedite shipping quote.
0.5709396682627428,High,Buyer follow-up call with supplier; evaluate expedite shipping quote.
0.4301307119894089,High,Buyer follow-up call with supplier; evaluate expedite shipping quote.
0.4291095695208503,High,Buyer follow-up call with supplier; evaluate expedite shipping quote.
0.44178283742807656,High,Buyer follow-up call with supplier; evaluate expedite shipping quote.
0.4319152618283285,High,Buyer follow-up call with supplier; evaluate expedite shipping quote.
0.7054660722534906,Critical,Escalate: evaluate alternate sourcing / expedite fees; alert downstream planning to adjust schedule or safety stock.
0.5727025509238675,High,Buyer follow-up call with supplier; evaluate expedite shipping quote.
0.2931920495234877,Medium,Automated supplier check-in email.
0.6236123594433641,Critical,Escalate: evaluate alternate sourcing / expedite fees; alert downstream planning to adjust schedule or safety stock.
0.40241328710069124,High,Buyer follow-up call with supplier; evaluate expedite shipping quote.
0.6478150808674246,Critical,Escalate: evaluate alternate sourcing / expedite fees; alert downstream planning to adjust schedule or safety stock.
0.38189077345105243,High,Buyer follow-up call with supplier; evaluate expedite shipping quote.
0.3769743051622697,High,Buyer follow-up call with supplier; evaluate expedite shipping quote.
0.6125596392411448,Critical,Escalate: evaluate alternate sourcing / expedite fees; alert downstream planning to adjust schedule or safety stock.
0.5764482165338752,High,Buyer follow-up call with supplier; evaluate expedite shipping quote.
0.705479249609358,Critical,Escalate: evaluate alternate sourcing / expedite fees; alert downstream planning to adjust schedule or safety stock.
0.38190333705035934,High,Buyer follow-up call with supplier; evaluate expedite shipping quote.
0.44091870233236163,High,Buyer follow-up call with supplier; evaluate expedite shipping quote.
0.3004093864917249,High,Buyer follow-up call with supplier; evaluate expedite shipping quote.
0.4245343559149322,High,Buyer follow-up call with supplier; evaluate expedite shipping quote.
0.33237959631358316,High,Buyer follow-up call with supplier; evaluate expedite shipping quote.
0.6901976450844244,Critical,Escalate: evaluate alternate sourcing / expedite fees; alert downstream planning to adjust schedule or safety stock.
0.6171518060936331,Critical,Escalate: evaluate alternate sourcing / expedite fees; alert downstream planning to adjust schedule or safety stock.
0.5159548832516988,High,Buyer follow-up call with supplier; evaluate expedite shipping quote.
0.443995504380638,High,Buyer follow-up call with supplier; evaluate expedite shipping quote.
0.6233121676074623,Critical,Escalate: evaluate alternate sourcing / expedite fees; alert downstream planning to adjust schedule or safety stock.
0.5674683165154819,High,Buyer follow-up call with supplier; evaluate expedite shipping quote.
0.7056826576894204,Critical,Escalate: evaluate alternate sourcing / expedite fees; alert downstream planning to adjust schedule or safety stock.
0.3095366393918942,High,Buyer follow-up call with supplier; evaluate expedite shipping quote.
0.29100070277838735,Medium,Automated supplier check-in email.
0.3937498131710993,High,Buyer follow-up call with supplier; evaluate expedite shipping quote.
0.5667047318024118,High,Buyer follow-up call with supplier; evaluate expedite shipping quote.
0.362314918020733,High,Buyer follow-up call with supplier; evaluate expedite shipping quote.
0.4844334627595276,High,Buyer follow-up call with supplier; evaluate expedite shipping quote.
0.43355595877539005,High,Buyer follow-up call with supplier; evaluate expedite shipping quote.
0.6142017609328179,Critical,Escalate: evaluate alternate sourcing / expedite fees; alert downstream planning to adjust schedule or safety stock.
0.5284207104462989,High,Buyer follow-up call with supplier; evaluate expedite shipping quote.
0.5520057465255201,High,Buyer follow-up call with supplier; evaluate expedite shipping quote.
0.30267571060286125,High,Buyer follow-up call with supplier; evaluate expedite shipping quote.
0.36454731244822197,High,Buyer follow-up call with supplier; evaluate expedite shipping quote.
0.6088572512922129,Critical,Escalate: evaluate alternate sourcing / expedite fees; alert downstream planning to adjust schedule or safety stock.
0.4598368688513263,High,Buyer follow-up call with supplier; evaluate expedite shipping quote.
0.6151314823669316,Critical,Escalate: evaluate alternate sourcing / expedite fees; alert downstream planning to adjust schedule or safety stock.
0.5761639040914489,High,Buyer follow-up call with supplier; evaluate expedite shipping quote.
0.3077174624147157,High,Buyer follow-up call with supplier; evaluate expedite shipping quote.
0.3652882859048409,High,Buyer follow-up call with supplier; evaluate expedite shipping quote.
0.4808156094627669,High,Buyer follow-up call with supplier; evaluate expedite shipping quote.
0.4248202023330198,High,Buyer follow-up call with supplier; evaluate expedite shipping quote.
0.5469783163861138,High,Buyer follow-up call with supplier; evaluate expedite shipping quote.
0.6880505824148484,Critical,Escalate: evaluate alternate sourcing / expedite fees; alert downstream planning to adjust schedule or safety stock.
0.576114366120095,High,Buyer follow-up call with supplier; evaluate expedite shipping quote.
0.3944806807847317,High,Buyer follow-up call with supplier; evaluate expedite shipping quote.
0.5627931887541701,High,Buyer follow-up call with supplier; evaluate expedite shipping quote.
0.45346549467660796,High,Buyer follow-up call with supplier; evaluate expedite shipping quote.
0.31530243700547783,High,Buyer follow-up call with supplier; evaluate expedite shipping quote.
0.6181594657628933,Critical,Escalate: evaluate alternate sourcing / expedite fees; alert downstream planning to adjust schedule or safety stock.
0.7937668985708036,Critical,Escalate: evaluate alternate sourcing / expedite fees; alert downstream planning to adjust schedule or safety stock.
0.6425169073702349,Critical,Escalate: evaluate alternate sourcing / expedite fees; alert downstream planning to adjust schedule or safety stock.
0.34035955619678865,High,Buyer follow-up call with supplier; evaluate expedite shipping quote.
0.44566964952387894,High,Buyer follow-up call with supplier; evaluate expedite shipping quote.
0.4822394761620479,High,Buyer follow-up call with supplier; evaluate expedite shipping quote.
0.5842273486816085,High,Buyer follow-up call with supplier; evaluate expedite shipping quote.
0.5181007520324615,High,Buyer follow-up call with supplier; evaluate expedite shipping quote.
0.4474408761075553,High,Buyer follow-up call with supplier; evaluate expedite shipping quote.
0.45190118360069476,High,Buyer follow-up call with supplier; evaluate expedite shipping quote.
0.38392946301341513,High,Buyer follow-up call with supplier; evaluate expedite shipping quote.
0.3852397716412409,High,Buyer follow-up call with supplier; evaluate expedite shipping quote.
0.5445327473582022,High,Buyer follow-up call with supplier; evaluate expedite shipping quote.
0.4542833030233721,High,Buyer follow-up call with supplier; evaluate expedite shipping quote.
0.3095349902757398,High,Buyer follow-up call with supplier; evaluate expedite shipping quote.
0.458745237499219,High,Buyer follow-up call with supplier; evaluate expedite shipping quote.
0.3038144496873472,High,Buyer follow-up call with supplier; evaluate expedite shipping quote.
0.41718350509565205,High,Buyer follow-up call with supplier; evaluate expedite shipping quote.
0.31241317857543854,High,Buyer follow-up call with supplier; evaluate expedite shipping quote.
0.6843614286192972,Critical,Escalate: evaluate alternate sourcing / expedite fees; alert downstream planning to adjust schedule or safety stock.
0.42632905651082137,High,Buyer follow-up call with supplier; evaluate expedite shipping quote.
0.3111806336580175,High,Buyer follow-up call with supplier; evaluate expedite shipping quote.
0.36567280604575947,High,Buyer follow-up call with supplier; evaluate expedite shipping quote.
0.5701757963042972,High,Buyer follow-up call with supplier; evaluate expedite shipping quote.
0.43382653667088006,High,Buyer follow-up call with supplier; evaluate expedite shipping quote.
0.3086642980813775,High,Buyer follow-up call with supplier; evaluate expedite shipping quote.
0.32030522066876016,High,Buyer follow-up call with supplier; evaluate expedite shipping quote.
0.42589234175092583,High,Buyer follow-up call with supplier; evaluate expedite shipping quote.
0.3160955252349091,High,Buyer follow-up call with supplier; evaluate expedite shipping quote.
0.6671720905568518,Critical,Escalate: evaluate alternate sourcing / expedite fees; alert downstream planning to adjust schedule or safety stock.
0.3761557171087292,High,Buyer follow-up call with supplier; evaluate expedite shipping quote.
0.44628833717439365,High,Buyer follow-up call with supplier; evaluate expedite shipping quote.
0.6601137731857047,Critical,Escalate: evaluate alternate sourcing / expedite fees; alert downstream planning to adjust schedule or safety stock.
0.556999289934935,High,Buyer follow-up call with supplier; evaluate expedite shipping quote.
0.4610422204084912,High,Buyer follow-up call with supplier; evaluate expedite shipping quote.
0.47438405298966635,High,Buyer follow-up call with supplier; evaluate expedite shipping quote.
0.47797981766429887,High,Buyer follow-up call with supplier; evaluate expedite shipping quote.
0.3768019001704264,High,Buyer follow-up call with supplier; evaluate expedite shipping quote.
0.5211759890128826,High,Buyer follow-up call with supplier; evaluate expedite shipping quote.
0.56154429346129,High,Buyer follow-up call with supplier; evaluate expedite shipping quote.
0.6265029502894871,Critical,Escalate: evaluate alternate sourcing / expedite fees; alert downstream planning to adjust schedule or safety stock.
0.5825831928722042,High,Buyer follow-up call with supplier; evaluate expedite shipping quote.
0.544266216503678,High,Buyer follow-up call with supplier; evaluate expedite shipping quote.
0.6311910351120192,Critical,Escalate: evaluate alternate sourcing / expedite fees; alert downstream planning to adjust schedule or safety stock.
0.3049824793208806,High,Buyer follow-up call with supplier; evaluate expedite shipping quote.
0.6458958810086851,Critical,Escalate: evaluate alternate sourcing / expedite fees; alert downstream planning to adjust schedule or safety stock.
0.48936818659642134,High,Buyer follow-up call with supplier; evaluate expedite shipping quote.
0.4796056728976129,High,Buyer follow-up call with supplier; evaluate expedite shipping quote.
0.3035202032518475,High,Buyer follow-up call with supplier; evaluate expedite shipping quote.
0.31374688871954,High,Buyer follow-up call with supplier; evaluate expedite shipping quote.
0.504685956506842,High,Buyer follow-up call with supplier; evaluate expedite shipping quote.
0.5598494114138036,High,Buyer follow-up call with supplier; evaluate expedite shipping quote.
0.729190521079267,Critical,Escalate: evaluate alternate sourcing / expedite fees; alert downstream planning to adjust schedule or safety stock.
0.43303647897803904,High,Buyer follow-up call with supplier; evaluate expedite shipping quote.
0.3740657719786582,High,Buyer follow-up call with supplier; evaluate expedite shipping quote.
0.3806669394599315,High,Buyer follow-up call with supplier; evaluate expedite shipping quote.
0.5517154385230922,High,Buyer follow-up call with supplier; evaluate expedite shipping quote.
0.575765294885806,High,Buyer follow-up call with supplier; evaluate expedite shipping quote.
0.5665168072603916,High,Buyer follow-up call with supplier; evaluate expedite shipping quote.
0.5744747871058714,High,Buyer follow-up call with supplier; evaluate expedite shipping quote.
0.6236819354027153,Critical,Escalate: evaluate alternate sourcing / expedite fees; alert downstream planning to adjust schedule or safety stock.
0.45704553933678405,High,Buyer follow-up call with supplier; evaluate expedite shipping quote.
0.4365096254611055,High,Buyer follow-up call with supplier; evaluate expedite shipping quote.
0.336125970090025,High,Buyer follow-up call with supplier; evaluate expedite shipping quote.
0.3874378608896057,High,Buyer follow-up call with supplier; evaluate expedite shipping quote.
0.30439618017098286,High,Buyer follow-up call with supplier; evaluate expedite shipping quote.
0.5118991055525589,High,Buyer follow-up call with supplier; evaluate expedite shipping quote.
0.3768415977061657,High,Buyer follow-up call with supplier; evaluate expedite shipping quote.
0.43436944499560987,High,Buyer follow-up call with supplier; evaluate expedite shipping quote.
0.49413428237783025,High,Buyer follow-up call with supplier; evaluate expedite shipping quote.
0.5779761574283921,High,Buyer follow-up call with supplier; evaluate expedite shipping quote.
0.3554216242687758,High,Buyer follow-up call with supplier; evaluate expedite shipping quote.
0.3778342804933004,High,Buyer follow-up call with supplier; evaluate expedite shipping quote.
0.7005909610911835,Critical,Escalate: evaluate alternate sourcing / expedite fees; alert downstream planning to adjust schedule or safety stock.
0.5885064372831599,High,Buyer follow-up call with supplier; evaluate expedite shipping quote.
0.36384373704913553,High,Buyer follow-up call with supplier; evaluate expedite shipping quote.
0.38773585746810485,High,Buyer follow-up call with supplier; evaluate expedite shipping quote.
0.5481246668534018,High,Buyer follow-up call with supplier; evaluate expedite shipping quote.
0.3885590694917114,High,Buyer follow-up call with supplier; evaluate expedite shipping quote.
0.30509606867916067,High,Buyer follow-up call with supplier; evaluate expedite shipping quote.
0.6491024364176529,Critical,Escalate: evaluate alternate sourcing / expedite fees; alert downstream planning to adjust schedule or safety stock.
0.29929590337144846,Medium,Automated supplier check-in email.
0.5729909510066216,High,Buyer follow-up call with supplier; evaluate expedite shipping quote.
0.3031441226312259,High,Buyer follow-up call with supplier; evaluate expedite shipping quote.
0.5545891366645789,High,Buyer follow-up call with supplier; evaluate expedite shipping quote.
0.576307413718456,High,Buyer follow-up call with supplier; evaluate expedite shipping quote.
0.47751093883170115,High,Buyer follow-up call with supplier; evaluate expedite shipping quote.
0.4630578806548527,High,Buyer follow-up call with supplier; evaluate expedite shipping quote.
0.45691394466073676,High,Buyer follow-up call with supplier; evaluate expedite shipping quote.
0.4190500261235416,High,Buyer follow-up call with supplier; evaluate expedite shipping quote.
0.3108643529841733,High,Buyer follow-up call with supplier; evaluate expedite shipping quote.
0.3139765915218594,High,Buyer follow-up call with supplier; evaluate expedite shipping quote.
0.4042829195190845,High,Buyer follow-up call with supplier; evaluate expedite shipping quote.
0.46321613781931376,High,Buyer follow-up call with supplier; evaluate expedite shipping quote.
0.7701808144079397,Critical,Escalate: evaluate alternate sourcing / expedite fees; alert downstream planning to adjust schedule or safety stock.
0.47773821773428354,High,Buyer follow-up call with supplier; evaluate expedite shipping quote.
0.39582825204265837,High,Buyer follow-up call with supplier; evaluate expedite shipping quote.
0.6799724960497991,Critical,Escalate: evaluate alternate sourcing / expedite fees; alert downstream planning to adjust schedule or safety stock.
0.3828118969881786,High,Buyer follow-up call with supplier; evaluate expedite shipping quote.
0.6233271538215889,Critical,Escalate: evaluate alternate sourcing / expedite fees; alert downstream planning to adjust schedule or safety stock.
0.5467679083235795,High,Buyer follow-up call with supplier; evaluate expedite shipping quote.
0.2901416383639475,Medium,Automated supplier check-in email.
0.41213585161504385,High,Buyer follow-up call with supplier; evaluate expedite shipping quote.
0.28491411473892386,Medium,Automated supplier check-in email.
0.6667796504224839,Critical,Escalate: evaluate alternate sourcing / expedite fees; alert downstream planning to adjust schedule or safety stock.
0.5000823272070689,High,Buyer follow-up call with supplier; evaluate expedite shipping quote.
0.7126040767719228,Critical,Escalate: evaluate alternate sourcing / expedite fees; alert downstream planning to adjust schedule or safety stock.
0.4059597935496345,High,Buyer follow-up call with supplier; evaluate expedite shipping quote.
0.38311430064255814,High,Buyer follow-up call with supplier; evaluate expedite shipping quote.
0.6299737537106727,Critical,Escalate: evaluate alternate sourcing / expedite fees; alert downstream planning to adjust schedule or safety stock.
0.2942257143620697,Medium,Automated supplier check-in email.
0.39951250317203557,High,Buyer follow-up call with supplier; evaluate expedite shipping quote.
0.5957442896105154,High,Buyer follow-up call with supplier; evaluate expedite shipping quote.
0.5336063492610356,High,Buyer follow-up call with supplier; evaluate expedite shipping quote.
0.36721911884707137,High,Buyer follow-up call with supplier; evaluate expedite shipping quote.
0.713805431676596,Critical,Escalate: evaluate alternate sourcing / expedite fees; alert downstream planning to adjust schedule or safety stock.
0.42365456482485886,High,Buyer follow-up call with supplier; evaluate expedite shipping quote.
0.3789403748080982,High,Buyer follow-up call with supplier; evaluate expedite shipping quote.
0.4290610469722985,High,Buyer follow-up call with supplier; evaluate expedite shipping quote.
0.40659597580758255,High,Buyer follow-up call with supplier; evaluate expedite shipping quote.
0.6954293426143201,Critical,Escalate: evaluate alternate sourcing / expedite fees; alert downstream planning to adjust schedule or safety stock.
0.42216961786754376,High,Buyer follow-up call with supplier; evaluate expedite shipping quote.
0.41777326174510515,High,Buyer follow-up call with supplier; evaluate expedite shipping quote.
0.5488894383779904,High,Buyer follow-up call with supplier; evaluate expedite shipping quote.
0.2948525975009612,Medium,Automated supplier check-in email.
0.4246572898393281,High,Buyer follow-up call with supplier; evaluate expedite shipping quote.
0.44621893680248975,High,Buyer follow-up call with supplier; evaluate expedite shipping quote.
0.4971518616501499,High,Buyer follow-up call with supplier; evaluate expedite shipping quote.
0.31050664271946965,High,Buyer follow-up call with supplier; evaluate expedite shipping quote.
0.386763454132519,High,Buyer follow-up call with supplier; evaluate expedite shipping quote.
0.4709121233230496,High,Buyer follow-up call with supplier; evaluate expedite shipping quote.
0.6229966280279171,Critical,Escalate: evaluate alternate sourcing / expedite fees; alert downstream planning to adjust schedule or safety stock.
0.6207106155864582,Critical,Escalate: evaluate alternate sourcing / expedite fees; alert downstream planning to adjust schedule or safety stock.
0.4372515347726475,High,Buyer follow-up call with supplier; evaluate expedite shipping quote.
0.4255381857651438,High,Buyer follow-up call with supplier; evaluate expedite shipping quote.
0.4022929298696779,High,Buyer follow-up call with supplier; evaluate expedite shipping quote.
0.40952055163403633,High,Buyer follow-up call with supplier; evaluate expedite shipping quote.
0.43005285416773914,High,Buyer follow-up call with supplier; evaluate expedite shipping quote.
0.3215798242651634,High,Buyer follow-up call with supplier; evaluate expedite shipping quote.
0.6284459706084774,Critical,Escalate: evaluate alternate sourcing / expedite fees; alert downstream planning to adjust schedule or safety stock.
0.32411208495269306,High,Buyer follow-up call with supplier; evaluate expedite shipping quote.
0.5786066865901799,High,Buyer follow-up call with supplier; evaluate expedite shipping quote.
0.4759060294926108,High,Buyer follow-up call with supplier; evaluate expedite shipping quote.
0.4399807309445843,High,Buyer follow-up call with supplier; evaluate expedite shipping quote.
0.4307240880632366,High,Buyer follow-up call with supplier; evaluate expedite shipping quote.
0.5231650660542451,High,Buyer follow-up call with supplier; evaluate expedite shipping quote.
0.681120676733581,Critical,Escalate: evaluate alternate sourcing / expedite fees; alert downstream planning to adjust schedule or safety stock.
0.41504296539393704,High,Buyer follow-up call with supplier; evaluate expedite shipping quote.
0.46838436904828595,High,Buyer follow-up call with supplier; evaluate expedite shipping quote.
0.6986735256821893,Critical,Escalate: evaluate alternate sourcing / expedite fees; alert downstream planning to adjust schedule or safety stock.
0.4035125955799645,High,Buyer follow-up call with supplier; evaluate expedite shipping quote.
0.4668300323321725,High,Buyer follow-up call with supplier; evaluate expedite shipping quote.
0.5275506513372704,High,Buyer follow-up call with supplier; evaluate expedite shipping quote.
0.4062739683330676,High,Buyer follow-up call with supplier; evaluate expedite shipping quote.
0.48092287972287934,High,Buyer follow-up call with supplier; evaluate expedite shipping quote.
0.4852431660400729,High,Buyer follow-up call with supplier; evaluate expedite shipping quote.
0.3755686782739647,High,Buyer follow-up call with supplier; evaluate expedite shipping quote.
0.4064667778682527,High,Buyer follow-up call with supplier; evaluate expedite shipping quote.
0.6374484143620444,Critical,Escalate: evaluate alternate sourcing / expedite fees; alert downstream planning to adjust schedule or safety stock.
0.4686886036431945,High,Buyer follow-up call with supplier; evaluate expedite shipping quote.
0.45616873537215663,High,Buyer follow-up call with supplier; evaluate expedite shipping quote.
0.44683381211024403,High,Buyer follow-up call with supplier; evaluate expedite shipping quote.
0.6219594278378411,Critical,Escalate: evaluate alternate sourcing / expedite fees; alert downstream planning to adjust schedule or safety stock.
0.6580583424561707,Critical,Escalate: evaluate alternate sourcing / expedite fees; alert downstream planning to adjust schedule or safety stock.
0.3811430754986292,High,Buyer follow-up call with supplier; evaluate expedite shipping quote.
0.5579784821373557,High,Buyer follow-up call with supplier; evaluate expedite shipping quote.
0.43359254470023034,High,Buyer follow-up call with supplier; evaluate expedite shipping quote.
0.6644503549585371,Critical,Escalate: evaluate alternate sourcing / expedite fees; alert downstream planning to adjust schedule or safety stock.
0.564585213699093,High,Buyer follow-up call with supplier; evaluate expedite shipping quote.
0.33896177293084573,High,Buyer follow-up call with supplier; evaluate expedite shipping quote.
0.42809760677104713,High,Buyer follow-up call with supplier; evaluate expedite shipping quote.
0.6229966280279171,Critical,Escalate: evaluate alternate sourcing / expedite fees; alert downstream planning to adjust schedule or safety stock.
0.619880689733862,Critical,Escalate: evaluate alternate sourcing / expedite fees; alert downstream planning to adjust schedule or safety stock.
0.6974221930245548,Critical,Escalate: evaluate alternate sourcing / expedite fees; alert downstream planning to adjust schedule or safety stock.
0.4042695668296779,High,Buyer follow-up call with supplier; evaluate expedite shipping quote.
0.6109765201787235,Critical,Escalate: evaluate alternate sourcing / expedite fees; alert downstream planning to adjust schedule or safety stock.
0.5985329878880555,High,Buyer follow-up call with supplier; evaluate expedite shipping quote.
0.2837070862516438,Medium,Automated supplier check-in email.
0.44263571053777406,High,Buyer follow-up call with supplier; evaluate expedite shipping quote.
0.7440401721669405,Critical,Escalate: evaluate alternate sourcing / expedite fees; alert downstream planning to adjust schedule or safety stock.
0.4629285808782957,High,Buyer follow-up call with supplier; evaluate expedite shipping quote.
0.47430970592482147,High,Buyer follow-up call with supplier; evaluate expedite shipping quote.
0.4219640667077056,High,Buyer follow-up call with supplier; evaluate expedite shipping quote.
0.4252120178838487,High,Buyer follow-up call with supplier; evaluate expedite shipping quote.
0.39260754673858195,High,Buyer follow-up call with supplier; evaluate expedite shipping quote.
0.4603465673975842,High,Buyer follow-up call with supplier; evaluate expedite shipping quote.
0.45711807567488577,High,Buyer follow-up call with supplier; evaluate expedite shipping quote.
0.7052867879565055,Critical,Escalate: evaluate alternate sourcing / expedite fees; alert downstream planning to adjust schedule or safety stock.
0.29183877361628346,Medium,Automated supplier check-in email.
0.549475129936571,High,Buyer follow-up call with supplier; evaluate expedite shipping quote.
0.39135106939212694,High,Buyer follow-up call with supplier; evaluate expedite shipping quote.
0.2889190273803324,Medium,Automated supplier check-in email.
0.3082940401892177,High,Buyer follow-up call with supplier; evaluate expedite shipping quote.
0.6388655939960481,Critical,Escalate: evaluate alternate sourcing / expedite fees; alert downstream planning to adjust schedule or safety stock.
0.536222969046713,High,Buyer follow-up call with supplier; evaluate expedite shipping quote.
0.46343407812511733,High,Buyer follow-up call with supplier; evaluate expedite shipping quote.
0.3804112157048175,High,Buyer follow-up call with supplier; evaluate expedite shipping quote.
0.4415664216229309,High,Buyer follow-up call with supplier; evaluate expedite shipping quote.
0.39778150298470993,High,Buyer follow-up call with supplier; evaluate expedite shipping quote.
0.4942977384488076,High,Buyer follow-up call with supplier; evaluate expedite shipping quote.
0.4137437791236477,High,Buyer follow-up call with supplier; evaluate expedite shipping quote.
0.2905093901817645,Medium,Automated supplier check-in email.
0.4513684971186303,High,Buyer follow-up call with supplier; evaluate expedite shipping quote.
0.5045145544455188,High,Buyer follow-up call with supplier; evaluate expedite shipping quote.
0.4036053525647291,High,Buyer follow-up call with supplier; evaluate expedite shipping quote.
0.298594860195096,Medium,Automated supplier check-in email.
0.6171209577703105,Critical,Escalate: evaluate alternate sourcing / expedite fees; alert downstream planning to adjust schedule or safety stock.
0.37574478665890515,High,Buyer follow-up call with supplier; evaluate expedite shipping quote.
0.473218943773663,High,Buyer follow-up call with supplier; evaluate expedite shipping quote.
0.4498369935142693,High,Buyer follow-up call with supplier; evaluate expedite shipping quote.
0.524356111416569,High,Buyer follow-up call with supplier; evaluate expedite shipping quote.
0.4418357622264044,High,Buyer follow-up call with supplier; evaluate expedite shipping quote.
0.6870830967818904,Critical,Escalate: evaluate alternate sourcing / expedite fees; alert downstream planning to adjust schedule or safety stock.
0.41902927336610624,High,Buyer follow-up call with supplier; evaluate expedite shipping quote.
0.2988428694348603,Medium,Automated supplier check-in email.
0.409346748590891,High,Buyer follow-up call with supplier; evaluate expedite shipping quote.
0.37411500651913887,High,Buyer follow-up call with supplier; evaluate expedite shipping quote.
0.2854366350605401,Medium,Automated supplier check-in email.
0.6352677972610207,Critical,Escalate: evaluate alternate sourcing / expedite fees; alert downstream planning to adjust schedule or safety stock.
0.4700957900952489,High,Buyer follow-up call with supplier; evaluate expedite shipping quote.
0.30163926330774504,High,Buyer follow-up call with supplier; evaluate expedite shipping quote.
0.3011892730721553,High,Buyer follow-up call with supplier; evaluate expedite shipping quote.
0.5367803189831207,High,Buyer follow-up call with supplier; evaluate expedite shipping quote.
0.3271989976685259,High,Buyer follow-up call with supplier; evaluate expedite shipping quote.
0.6993574990770729,Critical,Escalate: evaluate alternate sourcing / expedite fees; alert downstream planning to adjust schedule or safety stock.
0.5714765751381607,High,Buyer follow-up call with supplier; evaluate expedite shipping quote.
0.47015740496380737,High,Buyer follow-up call with supplier; evaluate expedite shipping quote.
0.42917732907708483,High,Buyer follow-up call with supplier; evaluate expedite shipping quote.
0.4592811418861221,High,Buyer follow-up call with supplier; evaluate expedite shipping quote.
0.2916290229328309,Medium,Automated supplier check-in email.
0.39388479153752476,High,Buyer follow-up call with supplier; evaluate expedite shipping quote.
0.6370699370283033,Critical,Escalate: evaluate alternate sourcing / expedite fees; alert downstream planning to adjust schedule or safety stock.
0.4080812164094729,High,Buyer follow-up call with supplier; evaluate expedite shipping quote.
0.36956425013735084,High,Buyer follow-up call with supplier; evaluate expedite shipping quote.
0.5258871416139861,High,Buyer follow-up call with supplier; evaluate expedite shipping quote.
0.5396555131767952,High,Buyer follow-up call with supplier; evaluate expedite shipping quote.
0.48273237223577586,High,Buyer follow-up call with supplier; evaluate expedite shipping quote.
0.4417048401844662,High,Buyer follow-up call with supplier; evaluate expedite shipping quote.
0.540315292506507,High,Buyer follow-up call with supplier; evaluate expedite shipping quote.
0.45802765914463994,High,Buyer follow-up call with supplier; evaluate expedite shipping quote.
0.6526546097959536,Critical,Escalate: evaluate alternate sourcing / expedite fees; alert downstream planning to adjust schedule or safety stock.
0.42395893701276915,High,Buyer follow-up call with supplier; evaluate expedite shipping quote.
0.45271661113222755,High,Buyer follow-up call with supplier; evaluate expedite shipping quote.
0.5513025403191884,High,Buyer follow-up call with supplier; evaluate expedite shipping quote.
0.43058343903150986,High,Buyer follow-up call with supplier; evaluate expedite shipping quote.
0.3699052110240309,High,Buyer follow-up call with supplier; evaluate expedite shipping quote.
0.6298144464247556,Critical,Escalate: evaluate alternate sourcing / expedite fees; alert downstream planning to adjust schedule or safety stock.
0.6076640305195856,Critical,Escalate: evaluate alternate sourcing / expedite fees; alert downstream planning to adjust schedule or safety stock.
0.4383904379710532,High,Buyer follow-up call with supplier; evaluate expedite shipping quote.
0.6168603586440441,Critical,Escalate: evaluate alternate sourcing / expedite fees; alert downstream planning to adjust schedule or safety stock.
0.3991466459356875,High,Buyer follow-up call with supplier; evaluate expedite shipping quote.
0.41369659526327407,High,Buyer follow-up call with supplier; evaluate expedite shipping quote.
0.6294756917807823,Critical,Escalate: evaluate alternate sourcing / expedite fees; alert downstream planning to adjust schedule or safety stock.
0.4297734997431376,High,Buyer follow-up call with supplier; evaluate expedite shipping quote.
0.30002053141571994,High,Buyer follow-up call with supplier; evaluate expedite shipping quote.
0.6868963919254736,Critical,Escalate: evaluate alternate sourcing / expedite fees; alert downstream planning to adjust schedule or safety stock.
0.3717429862037641,High,Buyer follow-up call with supplier; evaluate expedite shipping quote.
0.27547617747230124,Medium,Automated supplier check-in email.
0.4408202206484141,High,Buyer follow-up call with supplier; evaluate expedite shipping quote.
0.33745118860004986,High,Buyer follow-up call with supplier; evaluate expedite shipping quote.
0.30247098424078855,High,Buyer follow-up call with supplier; evaluate expedite shipping quote.
0.4079179042174088,High,Buyer follow-up call with supplier; evaluate expedite shipping quote.
0.4271961229215341,High,Buyer follow-up call with supplier; evaluate expedite shipping quote.
0.5674004604074063,High,Buyer follow-up call with supplier; evaluate expedite shipping quote.
0.3857085017765393,High,Buyer follow-up call with supplier; evaluate expedite shipping quote.
0.6288944182588178,Critical,Escalate: evaluate alternate sourcing / expedite fees; alert downstream planning to adjust schedule or safety stock.
0.5667419437274417,High,Buyer follow-up call with supplier; evaluate expedite shipping quote.
0.32891171049399065,High,Buyer follow-up call with supplier; evaluate expedite shipping quote.
0.6541650940528265,Critical,Escalate: evaluate alternate sourcing / expedite fees; alert downstream planning to adjust schedule or safety stock.
0.45655400940654184,High,Buyer follow-up call with supplier; evaluate expedite shipping quote.
0.3851450040414588,High,Buyer follow-up call with supplier; evaluate expedite shipping quote.
0.40858672011364616,High,Buyer follow-up call with supplier; evaluate expedite shipping quote.
0.303355588908141,High,Buyer follow-up call with supplier; evaluate expedite shipping quote.
0.3489498947543082,High,Buyer follow-up call with supplier; evaluate expedite shipping quote.
0.3960564932418937,High,Buyer follow-up call with supplier; evaluate expedite shipping quote.
0.6120522492401925,Critical,Escalate: evaluate alternate sourcing / expedite fees; alert downstream planning to adjust schedule or safety stock.
0.558239274971299,High,Buyer follow-up call with supplier; evaluate expedite shipping quote.
0.3030971603371061,High,Buyer follow-up call with supplier; evaluate expedite shipping quote.
0.3676804167151712,High,Buyer follow-up call with supplier; evaluate expedite shipping quote.
0.4857773409310139,High,Buyer follow-up call with supplier; evaluate expedite shipping quote.
0.46474764084972037,High,Buyer follow-up call with supplier; evaluate expedite shipping quote.
0.5172382964373933,High,Buyer follow-up call with supplier; evaluate expedite shipping quote.
0.3798234125690457,High,Buyer follow-up call with supplier; evaluate expedite shipping quote.
0.591753196776106,High,Buyer follow-up call with supplier; evaluate expedite shipping quote.
0.4071636228619788,High,Buyer follow-up call with supplier; evaluate expedite shipping quote.
0.4027391713671631,High,Buyer follow-up call with supplier; evaluate expedite shipping quote.
0.28384565657645244,Medium,Automated supplier check-in email.
0.5126485688707834,High,Buyer follow-up call with supplier; evaluate expedite shipping quote.
0.40910055644698523,High,Buyer follow-up call with supplier; evaluate expedite shipping quote.
0.5014832033883921,High,Buyer follow-up call with supplier; evaluate expedite shipping quote.
0.4379726760710493,High,Buyer follow-up call with supplier; evaluate expedite shipping quote.
0.4603598941452874,High,Buyer follow-up call with supplier; evaluate expedite shipping quote.
0.289052671789762,Medium,Automated supplier check-in email.
0.5121342831584206,High,Buyer follow-up call with supplier; evaluate expedite shipping quote.
0.31030399561740196,High,Buyer follow-up call with supplier; evaluate expedite shipping quote.
0.4866535426817984,High,Buyer follow-up call with supplier; evaluate expedite shipping quote.
0.46909357289286296,High,Buyer follow-up call with supplier; evaluate expedite shipping quote.
0.3044058737218909,High,Buyer follow-up call with supplier; evaluate expedite shipping quote.
0.32643697381655773,High,Buyer follow-up call with supplier; evaluate expedite shipping quote.
0.37515036606782537,High,Buyer follow-up call with supplier; evaluate expedite shipping quote.
0.49193913710288634,High,Buyer follow-up call with supplier; evaluate expedite shipping quote.
0.43553095081040843,High,Buyer follow-up call with supplier; evaluate expedite shipping quote.
0.40140979552544753,High,Buyer follow-up call with supplier; evaluate expedite shipping quote.
0.426518189388512,High,Buyer follow-up call with supplier; evaluate expedite shipping quote.
0.29662280442307853,Medium,Automated supplier check-in email.
0.6217174287821614,Critical,Escalate: evaluate alternate sourcing / expedite fees; alert downstream planning to adjust schedule or safety stock.
0.46219824375364743,High,Buyer follow-up call with supplier; evaluate expedite shipping quote.
0.38516181622549894,High,Buyer follow-up call with supplier; evaluate expedite shipping quote.
0.5786725155107023,High,Buyer follow-up call with supplier; evaluate expedite shipping quote.
0.4391731706245366,High,Buyer follow-up call with supplier; evaluate expedite shipping quote.
0.4927040223170622,High,Buyer follow-up call with supplier; evaluate expedite shipping quote.
0.4189251671591196,High,Buyer follow-up call with supplier; evaluate expedite shipping quote.
0.6500850028639598,Critical,Escalate: evaluate alternate sourcing / expedite fees; alert downstream planning to adjust schedule or safety stock.
0.5714416827622457,High,Buyer follow-up call with supplier; evaluate expedite shipping quote.
0.38563651719728054,High,Buyer follow-up call with supplier; evaluate expedite shipping quote.
0.439758111491417,High,Buyer follow-up call with supplier; evaluate expedite shipping quote.
0.6189096736928841,Critical,Escalate: evaluate alternate sourcing / expedite fees; alert downstream planning to adjust schedule or safety stock.
0.440589221296115,High,Buyer follow-up call with supplier; evaluate expedite shipping quote.
0.385919701260269,High,Buyer follow-up call with supplier; evaluate expedite shipping quote.
0.5684287922223509,High,Buyer follow-up call with supplier; evaluate expedite shipping quote.
0.4843432417203014,High,Buyer follow-up call with supplier; evaluate expedite shipping quote.
0.5089947191297853,High,Buyer follow-up call with supplier; evaluate expedite shipping quote.
0.40402436166106687,High,Buyer follow-up call with supplier; evaluate expedite shipping quote.
0.4079695442396556,High,Buyer follow-up call with supplier; evaluate expedite shipping quote.
0.43216965962204185,High,Buyer follow-up call with supplier; evaluate expedite shipping quote.
0.42145044876067295,High,Buyer follow-up call with supplier; evaluate expedite shipping quote.
0.47529029560627195,High,Buyer follow-up call with supplier; evaluate expedite shipping quote.
0.3150834219418351,High,Buyer follow-up call with supplier; evaluate expedite shipping quote.
0.3739581837358933,High,Buyer follow-up call with supplier; evaluate expedite shipping quote.
0.5003986854274572,High,Buyer follow-up call with supplier; evaluate expedite shipping quote.
0.6518766392704991,Critical,Escalate: evaluate alternate sourcing / expedite fees; alert downstream planning to adjust schedule or safety stock.
0.37057734803066605,High,Buyer follow-up call with supplier; evaluate expedite shipping quote.
0.6403765430167293,Critical,Escalate: evaluate alternate sourcing / expedite fees; alert downstream planning to adjust schedule or safety stock.
0.4369469965993768,High,Buyer follow-up call with supplier; evaluate expedite shipping quote.
0.2962858732397614,Medium,Automated supplier check-in email.
0.5107572313715589,High,Buyer follow-up call with supplier; evaluate expedite shipping quote.
0.30096863807618507,High,Buyer follow-up call with supplier; evaluate expedite shipping quote.
0.3948114850254143,High,Buyer follow-up call with supplier; evaluate expedite shipping quote.
0.6911133296217254,Critical,Escalate: evaluate alternate sourcing / expedite fees; alert downstream planning to adjust schedule or safety stock.
0.4608558746088155,High,Buyer follow-up call with supplier; evaluate expedite shipping quote.
0.6415678015129124,Critical,Escalate: evaluate alternate sourcing / expedite fees; alert downstream planning to adjust schedule or safety stock.
0.3865245341649559,High,Buyer follow-up call with supplier; evaluate expedite shipping quote.
0.5717322628032927,High,Buyer follow-up call with supplier; evaluate expedite shipping quote.
0.3898586777878614,High,Buyer follow-up call with supplier; evaluate expedite shipping quote.
0.5785869161323076,High,Buyer follow-up call with supplier; evaluate expedite shipping quote.
0.6549018370053704,Critical,Escalate: evaluate alternate sourcing / expedite fees; alert downstream planning to adjust schedule or safety stock.
0.5859594256535827,High,Buyer follow-up call with supplier; evaluate expedite shipping quote.
0.6709093994708966,Critical,Escalate: evaluate alternate sourcing / expedite fees; alert downstream planning to adjust schedule or safety stock.
0.4365459594065048,High,Buyer follow-up call with supplier; evaluate expedite shipping quote.
0.5627608986572021,High,Buyer follow-up call with supplier; evaluate expedite shipping quote.
0.46413567879993767,High,Buyer follow-up call with supplier; evaluate expedite shipping quote.
0.6670273272519397,Critical,Escalate: evaluate alternate sourcing / expedite fees; alert downstream planning to adjust schedule or safety stock.
0.5683896592450524,High,Buyer follow-up call with supplier; evaluate expedite shipping quote.
0.6563161558795653,Critical,Escalate: evaluate alternate sourcing / expedite fees; alert downstream planning to adjust schedule or safety stock.
0.41342955894828765,High,Buyer follow-up call with supplier; evaluate expedite shipping quote.
0.48053935985576,High,Buyer follow-up call with supplier; evaluate expedite shipping quote.
0.6945288764261803,Critical,Escalate: evaluate alternate sourcing / expedite fees; alert downstream planning to adjust schedule or safety stock.
0.4025071660736281,High,Buyer follow-up call with supplier; evaluate expedite shipping quote.
0.4249052213229104,High,Buyer follow-up call with supplier; evaluate expedite shipping quote.
0.47904183086325375,High,Buyer follow-up call with supplier; evaluate expedite shipping quote.
0.4428940882442092,High,Buyer follow-up call with supplier; evaluate expedite shipping quote.
0.4459546169305762,High,Buyer follow-up call with supplier; evaluate expedite shipping quote.
0.607329176554806,Critical,Escalate: evaluate alternate sourcing / expedite fees; alert downstream planning to adjust schedule or safety stock.
0.4084551001329589,High,Buyer follow-up call with supplier; evaluate expedite shipping quote.
0.5948223993732649,High,Buyer follow-up call with supplier; evaluate expedite shipping quote.
0.3009551551397123,High,Buyer follow-up call with supplier; evaluate expedite shipping quote.
0.6579396906261125,Critical,Escalate: evaluate alternate sourcing / expedite fees; alert downstream planning to adjust schedule or safety stock.
0.4638797458222739,High,Buyer follow-up call with supplier; evaluate expedite shipping quote.
0.5706893968683592,High,Buyer follow-up call with supplier; evaluate expedite shipping quote.
0.3004234106592738,High,Buyer follow-up call with supplier; evaluate expedite shipping quote.
0.44596343333137994,High,Buyer follow-up call with supplier; evaluate expedite shipping quote.
0.4349064589582859,High,Buyer follow-up call with supplier; evaluate expedite shipping quote.
0.5685565263735316,High,Buyer follow-up call with supplier; evaluate expedite shipping quote.
0.5960161542705177,High,Buyer follow-up call with supplier; evaluate expedite shipping quote.
0.34638412661154494,High,Buyer follow-up call with supplier; evaluate expedite shipping quote.
0.6736209255156049,Critical,Escalate: evaluate alternate sourcing / expedite fees; alert downstream planning to adjust schedule or safety stock.
0.5375196707101877,High,Buyer follow-up call with supplier; evaluate expedite shipping quote.
0.4301006352792494,High,Buyer follow-up call with supplier; evaluate expedite shipping quote.
0.6293850104113725,Critical,Escalate: evaluate alternate sourcing / expedite fees; alert downstream planning to adjust schedule or safety stock.
0.4932385777749974,High,Buyer follow-up call with supplier; evaluate expedite shipping quote.
0.5840223315133862,High,Buyer follow-up call with supplier; evaluate expedite shipping quote.
0.39964209720662536,High,Buyer follow-up call with supplier; evaluate expedite shipping quote.
0.2967750820082027,Medium,Automated supplier check-in email.
0.381152139764897,High,Buyer follow-up call with supplier; evaluate expedite shipping quote.
0.4568815039032698,High,Buyer follow-up call with supplier; evaluate expedite shipping quote.
0.5757645392040844,High,Buyer follow-up call with supplier; evaluate expedite shipping quote.
0.312233631906795,High,Buyer follow-up call with supplier; evaluate expedite shipping quote.
0.41449090530435145,High,Buyer follow-up call with supplier; evaluate expedite shipping quote.
0.4917764623560561,High,Buyer follow-up call with supplier; evaluate expedite shipping quote.
0.4252143220041149,High,Buyer follow-up call with supplier; evaluate expedite shipping quote.
0.2828226529634408,Medium,Automated supplier check-in email.
0.6289095239668911,Critical,Escalate: evaluate alternate sourcing / expedite fees; alert downstream planning to adjust schedule or safety stock.
0.6118204631621965,Critical,Escalate: evaluate alternate sourcing / expedite fees; alert downstream planning to adjust schedule or safety stock.
0.4392522315994608,High,Buyer follow-up call with supplier; evaluate expedite shipping quote.
0.624375111908914,Critical,Escalate: evaluate alternate sourcing / expedite fees; alert downstream planning to adjust schedule or safety stock.
0.42493465897355726,High,Buyer follow-up call with supplier; evaluate expedite shipping quote.
0.4613832796788509,High,Buyer follow-up call with supplier; evaluate expedite shipping quote.
0.2953086400403762,Medium,Automated supplier check-in email.
0.3999020777087092,High,Buyer follow-up call with supplier; evaluate expedite shipping quote.
0.3369352322561458,High,Buyer follow-up call with supplier; evaluate expedite shipping quote.
0.7126040767719228,Critical,Escalate: evaluate alternate sourcing / expedite fees; alert downstream planning to adjust schedule or safety stock.
0.5333222867386569,High,Buyer follow-up call with supplier; evaluate expedite shipping quote.
0.6897058411992569,Critical,Escalate: evaluate alternate sourcing / expedite fees; alert downstream planning to adjust schedule or safety stock.
0.4575816311822708,High,Buyer follow-up call with supplier; evaluate expedite shipping quote.
0.6192815174538638,Critical,Escalate: evaluate alternate sourcing / expedite fees; alert downstream planning to adjust schedule or safety stock.
0.3876155037931511,High,Buyer follow-up call with supplier; evaluate expedite shipping quote.
0.3055475054381736,High,Buyer follow-up call with supplier; evaluate expedite shipping quote.
0.39996354716325144,High,Buyer follow-up call with supplier; evaluate expedite shipping quote.
0.6817180480869409,Critical,Escalate: evaluate alternate sourcing / expedite fees; alert downstream planning to adjust schedule or safety stock.
0.4147746898553461,High,Buyer follow-up call with supplier; evaluate expedite shipping quote.
0.4303911686092905,High,Buyer follow-up call with supplier; evaluate expedite shipping quote.
0.4211307810235813,High,Buyer follow-up call with supplier; evaluate expedite shipping quote.
0.5001058347166242,High,Buyer follow-up call with supplier; evaluate expedite shipping quote.
0.6704515412614664,Critical,Escalate: evaluate alternate sourcing / expedite fees; alert downstream planning to adjust schedule or safety stock.
0.6236123594433641,Critical,Escalate: evaluate alternate sourcing / expedite fees; alert downstream planning to adjust schedule or safety stock.
0.40768998306148,High,Buyer follow-up call with supplier; evaluate expedite shipping quote.
0.6154432547257183,Critical,Escalate: evaluate alternate sourcing / expedite fees; alert downstream planning to adjust schedule or safety stock.
0.46113834697547945,High,Buyer follow-up call with supplier; evaluate expedite shipping quote.
0.7335540972735659,Critical,Escalate: evaluate alternate sourcing / expedite fees; alert downstream planning to adjust schedule or safety stock.
0.6055339290698688,Critical,Escalate: evaluate alternate sourcing / expedite fees; alert downstream planning to adjust schedule or safety stock.
0.3827634653387889,High,Buyer follow-up call with supplier; evaluate expedite shipping quote.
0.435247394781171,High,Buyer follow-up call with supplier; evaluate expedite shipping quote.
0.6507440839638124,Critical,Escalate: evaluate alternate sourcing / expedite fees; alert downstream planning to adjust schedule or safety stock.
0.6901976450844244,Critical,Escalate: evaluate alternate sourcing / expedite fees; alert downstream planning to adjust schedule or safety stock.
0.6879684700186658,Critical,Escalate: evaluate alternate sourcing / expedite fees; alert downstream planning to adjust schedule or safety stock.
0.5670983624016313,High,Buyer follow-up call with supplier; evaluate expedite shipping quote.
0.4280195908037471,High,Buyer follow-up call with supplier; evaluate expedite shipping quote.
0.6152436894590767,Critical,Escalate: evaluate alternate sourcing / expedite fees; alert downstream planning to adjust schedule or safety stock.
0.2913705778299672,Medium,Automated supplier check-in email.
0.5047562599837171,High,Buyer follow-up call with supplier; evaluate expedite shipping quote.
0.4305633321341618,High,Buyer follow-up call with supplier; evaluate expedite shipping quote.
0.5006729872782776,High,Buyer follow-up call with supplier; evaluate expedite shipping quote.
0.4973657974879583,High,Buyer follow-up call with supplier; evaluate expedite shipping quote.
0.6814391143891146,Critical,Escalate: evaluate alternate sourcing / expedite fees; alert downstream planning to adjust schedule or safety stock.
0.4297342503279249,High,Buyer follow-up call with supplier; evaluate expedite shipping quote.
0.6293166815055795,Critical,Escalate: evaluate alternate sourcing / expedite fees; alert downstream planning to adjust schedule or safety stock.
0.3005631071703992,High,Buyer follow-up call with supplier; evaluate expedite shipping quote.
0.45841179220451866,High,Buyer follow-up call with supplier; evaluate expedite shipping quote.
0.40259635328881266,High,Buyer follow-up call with supplier; evaluate expedite shipping quote.
0.42648840044589426,High,Buyer follow-up call with supplier; evaluate expedite shipping quote.
0.6106895049846872,Critical,Escalate: evaluate alternate sourcing / expedite fees; alert downstream planning to adjust schedule or safety stock.
0.7061404247738783,Critical,Escalate: evaluate alternate sourcing / expedite fees; alert downstream planning to adjust schedule or safety stock.
0.407618147041157,High,Buyer follow-up call with supplier; evaluate expedite shipping quote.
0.4406668686274058,High,Buyer follow-up call with supplier; evaluate expedite shipping quote.
0.44571179908318037,High,Buyer follow-up call with supplier; evaluate expedite shipping quote.
0.4453646888353483,High,Buyer follow-up call with supplier; evaluate expedite shipping quote.
0.3001317539773625,High,Buyer follow-up call with supplier; evaluate expedite shipping quote.
0.6979752991756794,Critical,Escalate: evaluate alternate sourcing / expedite fees; alert downstream planning to adjust schedule or safety stock.
0.45143629088519166,High,Buyer follow-up call with supplier; evaluate expedite shipping quote.
0.439010087551114,High,Buyer follow-up call with supplier; evaluate expedite shipping quote.
0.5201408901202531,High,Buyer follow-up call with supplier; evaluate expedite shipping quote.
0.6817811003575168,Critical,Escalate: evaluate alternate sourcing / expedite fees; alert downstream planning to adjust schedule or safety stock.
0.3770193670941612,High,Buyer follow-up call with supplier; evaluate expedite shipping quote.
0.5168894964743895,High,Buyer follow-up call with supplier; evaluate expedite shipping quote.
0.41794042618027044,High,Buyer follow-up call with supplier; evaluate expedite shipping quote.
0.38834613690802516,High,Buyer follow-up call with supplier; evaluate expedite shipping quote.
0.28565695519940204,Medium,Automated supplier check-in email.
0.3464241417846293,High,Buyer follow-up call with supplier; evaluate expedite shipping quote.
0.6696141486464263,Critical,Escalate: evaluate alternate sourcing / expedite fees; alert downstream planning to adjust schedule or safety stock.
0.3903916586022712,High,Buyer follow-up call with supplier; evaluate expedite shipping quote.
0.3374891837877141,High,Buyer follow-up call with supplier; evaluate expedite shipping quote.
0.4428674191237805,High,Buyer follow-up call with supplier; evaluate expedite shipping quote.
0.39512588435237384,High,Buyer follow-up call with supplier; evaluate expedite shipping quote.
0.548757276447138,High,Buyer follow-up call with supplier; evaluate expedite shipping quote.
0.34240090531187545,High,Buyer follow-up call with supplier; evaluate expedite shipping quote.
0.4356159424116881,High,Buyer follow-up call with supplier; evaluate expedite shipping quote.
0.30344244091116723,High,Buyer follow-up call with supplier; evaluate expedite shipping quote.
0.6152436894590767,Critical,Escalate: evaluate alternate sourcing / expedite fees; alert downstream planning to adjust schedule or safety stock.
0.38648387095141173,High,Buyer follow-up call with supplier; evaluate expedite shipping quote.
0.694740333257704,Critical,Escalate: evaluate alternate sourcing / expedite fees; alert downstream planning to adjust schedule or safety stock.
0.3408057499998773,High,Buyer follow-up call with supplier; evaluate expedite shipping quote.
0.3998401134648003,High,Buyer follow-up call with supplier; evaluate expedite shipping quote.
0.2910842099743172,Medium,Automated supplier check-in email.
0.4711851860780114,High,Buyer follow-up call with supplier; evaluate expedite shipping quote.
0.5315421290265953,High,Buyer follow-up call with supplier; evaluate expedite shipping quote.
0.568026052657783,High,Buyer follow-up call with supplier; evaluate expedite shipping quote.
0.39326161025621903,High,Buyer follow-up call with supplier; evaluate expedite shipping quote.
0.49813718061753537,High,Buyer follow-up call with supplier; evaluate expedite shipping quote.
0.43995257247477254,High,Buyer follow-up call with supplier; evaluate expedite shipping quote.
0.30509606867916067,High,Buyer follow-up call with supplier; evaluate expedite shipping quote.
0.42284102008219787,High,Buyer follow-up call with supplier; evaluate expedite shipping quote.
0.5384397126323018,High,Buyer follow-up call with supplier; evaluate expedite shipping quote.
0.402685354039723,High,Buyer follow-up call with supplier; evaluate expedite shipping quote.
0.6537998362132628,Critical,Escalate: evaluate alternate sourcing / expedite fees; alert downstream planning to adjust schedule or safety stock.
0.4195303016187939,High,Buyer follow-up call with supplier; evaluate expedite shipping quote.
0.5671538217928124,High,Buyer follow-up call with supplier; evaluate expedite shipping quote.
0.4026029372797959,High,Buyer follow-up call with supplier; evaluate expedite shipping quote.
0.3001867000204882,High,Buyer follow-up call with supplier; evaluate expedite shipping quote.
0.570056867056593,High,Buyer follow-up call with supplier; evaluate expedite shipping quote.
0.3827938113870928,High,Buyer follow-up call with supplier; evaluate expedite shipping quote.
0.3329272061895619,High,Buyer follow-up call with supplier; evaluate expedite shipping quote.
0.5188770973723328,High,Buyer follow-up call with supplier; evaluate expedite shipping quote.
0.2793872052411865,Medium,Automated supplier check-in email.
0.4186921268184392,High,Buyer follow-up call with supplier; evaluate expedite shipping quote.
0.6093341664609416,Critical,Escalate: evaluate alternate sourcing / expedite fees; alert downstream planning to adjust schedule or safety stock.
0.4145676855866206,High,Buyer follow-up call with supplier; evaluate expedite shipping quote.
0.6441805567919269,Critical,Escalate: evaluate alternate sourcing / expedite fees; alert downstream planning to adjust schedule or safety stock.
0.6022363408962397,Critical,Escalate: evaluate alternate sourcing / expedite fees; alert downstream planning to adjust schedule or safety stock.
0.46911183704591475,High,Buyer follow-up call with supplier; evaluate expedite shipping quote.
0.34741784572685175,High,Buyer follow-up call with supplier; evaluate expedite shipping quote.
0.32524938346635696,High,Buyer follow-up call with supplier; evaluate expedite shipping quote.
0.6161236931336936,Critical,Escalate: evaluate alternate sourcing / expedite fees; alert downstream planning to adjust schedule or safety stock.
0.578431229571217,High,Buyer follow-up call with supplier; evaluate expedite shipping quote.
0.6979752991756794,Critical,Escalate: evaluate alternate sourcing / expedite fees; alert downstream planning to adjust schedule or safety stock.
0.3930152359070617,High,Buyer follow-up call with supplier; evaluate expedite shipping quote.
0.37121521899041593,High,Buyer follow-up call with supplier; evaluate expedite shipping quote.
0.5564722044962528,High,Buyer follow-up call with supplier; evaluate expedite shipping quote.
0.48072142844989585,High,Buyer follow-up call with supplier; evaluate expedite shipping quote.
0.37215436805781266,High,Buyer follow-up call with supplier; evaluate expedite shipping quote.
0.5666618570768425,High,Buyer follow-up call with supplier; evaluate expedite shipping quote.
0.41726480549955774,High,Buyer follow-up call with supplier; evaluate expedite shipping quote.
0.44766143091666805,High,Buyer follow-up call with supplier; evaluate expedite shipping quote.
0.29716540998431207,Medium,Automated supplier check-in email.
0.2778405214210904,Medium,Automated supplier check-in email.
0.4177076915036445,High,Buyer follow-up call with supplier; evaluate expedite shipping quote.
0.538641154727521,High,Buyer follow-up call with supplier; evaluate expedite shipping quote.
0.39639643888841286,High,Buyer follow-up call with supplier; evaluate expedite shipping quote.
0.653214071925097,Critical,Escalate: evaluate alternate sourcing / expedite fees; alert downstream planning to adjust schedule or safety stock.
0.6169538098872821,Critical,Escalate: evaluate alternate sourcing / expedite fees; alert downstream planning to adjust schedule or safety stock.
0.44448068290163184,High,Buyer follow-up call with supplier; evaluate expedite shipping quote.
0.3998124552769347,High,Buyer follow-up call with supplier; evaluate expedite shipping quote.
0.558200420360978,High,Buyer follow-up call with supplier; evaluate expedite shipping quote.
0.7944449145420784,Critical,Escalate: evaluate alternate sourcing / expedite fees; alert downstream planning to adjust schedule or safety stock.
0.6636736904490812,Critical,Escalate: evaluate alternate sourcing / expedite fees; alert downstream planning to adjust schedule or safety stock.
0.282156229879208,Medium,Automated supplier check-in email.
0.6952116651687181,Critical,Escalate: evaluate alternate sourcing / expedite fees; alert downstream planning to adjust schedule or safety stock.
0.3363606195163492,High,Buyer follow-up call with supplier; evaluate expedite shipping quote.
0.6533017522224445,Critical,Escalate: evaluate alternate sourcing / expedite fees; alert downstream planning to adjust schedule or safety stock.
0.6379704841368636,Critical,Escalate: evaluate alternate sourcing / expedite fees; alert downstream planning to adjust schedule or safety stock.
0.6380004444354102,Critical,Escalate: evaluate alternate sourcing / expedite fees; alert downstream planning to adjust schedule or safety stock.
0.49001413279451556,High,Buyer follow-up call with supplier; evaluate expedite shipping quote.
0.40853217423243615,High,Buyer follow-up call with supplier; evaluate expedite shipping quote.
0.6090898144401553,Critical,Escalate: evaluate alternate sourcing / expedite fees; alert downstream planning to adjust schedule or safety stock.
0.4457780225902008,High,Buyer follow-up call with supplier; evaluate expedite shipping quote.
0.4414859871094497,High,Buyer follow-up call with supplier; evaluate expedite shipping quote.
0.4097862726507438,High,Buyer follow-up call with supplier; evaluate expedite shipping quote.
0.41754984404619117,High,Buyer follow-up call with supplier; evaluate expedite shipping quote.
0.5559514387289973,High,Buyer follow-up call with supplier; evaluate expedite shipping quote.
0.6493414625373252,Critical,Escalate: evaluate alternate sourcing / expedite fees; alert downstream planning to adjust schedule or safety stock.
0.43540002556678226,High,Buyer follow-up call with supplier; evaluate expedite shipping quote.
0.47481517856098404,High,Buyer follow-up call with supplier; evaluate expedite shipping quote.
0.45233948213630015,High,Buyer follow-up call with supplier; evaluate expedite shipping quote.
0.3159213065375027,High,Buyer follow-up call with supplier; evaluate expedite shipping quote.
0.5235167433314203,High,Buyer follow-up call with supplier; evaluate expedite shipping quote.
0.5545331098104618,High,Buyer follow-up call with supplier; evaluate expedite shipping quote.
0.39638490717523744,High,Buyer follow-up call with supplier; evaluate expedite shipping quote.
0.33836456644591745,High,Buyer follow-up call with supplier; evaluate expedite shipping quote.
0.317979195385504,High,Buyer follow-up call with supplier; evaluate expedite shipping quote.
0.6441304818277553,Critical,Escalate: evaluate alternate sourcing / expedite fees; alert downstream planning to adjust schedule or safety stock.
0.4550339902933386,High,Buyer follow-up call with supplier; evaluate expedite shipping quote.
0.5365823982658131,High,Buyer follow-up call with supplier; evaluate expedite shipping quote.
0.4700825206278565,High,Buyer follow-up call with supplier; evaluate expedite shipping quote.
0.607601046797211,Critical,Escalate: evaluate alternate sourcing / expedite fees; alert downstream planning to adjust schedule or safety stock.
0.644303516593866,Critical,Escalate: evaluate alternate sourcing / expedite fees; alert downstream planning to adjust schedule or safety stock.
0.7651613054343273,Critical,Escalate: evaluate alternate sourcing / expedite fees; alert downstream planning to adjust schedule or safety stock.
0.7100499282976076,Critical,Escalate: evaluate alternate sourcing / expedite fees; alert downstream planning to adjust schedule or safety stock.
0.36718982573295267,High,Buyer follow-up call with supplier; evaluate expedite shipping quote.
0.4242827906905044,High,Buyer follow-up call with supplier; evaluate expedite shipping quote.
0.40652037179687395,High,Buyer follow-up call with supplier; evaluate expedite shipping quote.
0.5970439270128302,High,Buyer follow-up call with supplier; evaluate expedite shipping quote.
0.7571622909623236,Critical,Escalate: evaluate alternate sourcing / expedite fees; alert downstream planning to adjust schedule or safety stock.
0.4919460370211899,High,Buyer follow-up call with supplier; evaluate expedite shipping quote.
0.2850915921262929,Medium,Automated supplier check-in email.
0.3744025709040398,High,Buyer follow-up call with supplier; evaluate expedite shipping quote.
0.4142704943042696,High,Buyer follow-up call with supplier; evaluate expedite shipping quote.
0.43842511267452167,High,Buyer follow-up call with supplier; evaluate expedite shipping quote.
0.5711129750696201,High,Buyer follow-up call with supplier; evaluate expedite shipping quote.
0.4880932243991629,High,Buyer follow-up call with supplier; evaluate expedite shipping quote.
0.5763627851909761,High,Buyer follow-up call with supplier; evaluate expedite shipping quote.
0.36946800447513845,High,Buyer follow-up call with supplier; evaluate expedite shipping quote.
0.7079387753539251,Critical,Escalate: evaluate alternate sourcing / expedite fees; alert downstream planning to adjust schedule or safety stock.
0.4358287129644473,High,Buyer follow-up call with supplier; evaluate expedite shipping quote.
0.3143470332279823,High,Buyer follow-up call with supplier; evaluate expedite shipping quote.
0.7107187705315321,Critical,Escalate: evaluate alternate sourcing / expedite fees; alert downstream planning to adjust schedule or safety stock.
0.43751564500196777,High,Buyer follow-up call with supplier; evaluate expedite shipping quote.
0.37076751564488664,High,Buyer follow-up call with supplier; evaluate expedite shipping quote.
0.6110687573640966,Critical,Escalate: evaluate alternate sourcing / expedite fees; alert downstream planning to adjust schedule or safety stock.
0.4248959143293699,High,Buyer follow-up call with supplier; evaluate expedite shipping quote.
0.3447980011829403,High,Buyer follow-up call with supplier; evaluate expedite shipping quote.
0.4475119875968809,High,Buyer follow-up call with supplier; evaluate expedite shipping quote.
0.5891721301943431,High,Buyer follow-up call with supplier; evaluate expedite shipping quote.
0.5210347582812794,High,Buyer follow-up call with supplier; evaluate expedite shipping quote.
0.3807457672251378,High,Buyer follow-up call with supplier; evaluate expedite shipping quote.
0.3101487391252511,High,Buyer follow-up call with supplier; evaluate expedite shipping quote.
0.7336510676071937,Critical,Escalate: evaluate alternate sourcing / expedite fees; alert downstream planning to adjust schedule or safety stock.
0.30882650437398484,High,Buyer follow-up call with supplier; evaluate expedite shipping quote.
0.4818484584613004,High,Buyer follow-up call with supplier; evaluate expedite shipping quote.
0.46927983679037566,High,Buyer follow-up call with supplier; evaluate expedite shipping quote.
0.492449025926736,High,Buyer follow-up call with supplier; evaluate expedite shipping quote.
0.7335173275011279,Critical,Escalate: evaluate alternate sourcing / expedite fees; alert downstream planning to adjust schedule or safety stock.
0.42281224410813256,High,Buyer follow-up call with supplier; evaluate expedite shipping quote.
0.46028574398131045,High,Buyer follow-up call with supplier; evaluate expedite shipping quote.
0.6638545263938277,Critical,Escalate: evaluate alternate sourcing / expedite fees; alert downstream planning to adjust schedule or safety stock.
0.38628618598596703,High,Buyer follow-up call with supplier; evaluate expedite shipping quote.
0.4006628261119591,High,Buyer follow-up call with supplier; evaluate expedite shipping quote.
0.31706504149733494,High,Buyer follow-up call with supplier; evaluate expedite shipping quote.
0.40026017927856555,High,Buyer follow-up call with supplier; evaluate expedite shipping quote.
0.592767946817238,High,Buyer follow-up call with supplier; evaluate expedite shipping quote.
0.34472754209213874,High,Buyer follow-up call with supplier; evaluate expedite shipping quote.
0.6479093048153187,Critical,Escalate: evaluate alternate sourcing / expedite fees; alert downstream planning to adjust schedule or safety stock.
0.3921383953262795,High,Buyer follow-up call with supplier; evaluate expedite shipping quote.
0.476970306055523,High,Buyer follow-up call with supplier; evaluate expedite shipping quote.
0.5068001777057477,High,Buyer follow-up call with supplier; evaluate expedite shipping quote.
0.30959418900284624,High,Buyer follow-up call with supplier; evaluate expedite shipping quote.
0.38908555999675765,High,Buyer follow-up call with supplier; evaluate expedite shipping quote.
0.4069714259227112,High,Buyer follow-up call with supplier; evaluate expedite shipping quote.
0.4422011554396701,High,Buyer follow-up call with supplier; evaluate expedite shipping quote.
0.3026641301565439,High,Buyer follow-up call with supplier; evaluate expedite shipping quote.
0.6897723469438177,Critical,Escalate: evaluate alternate sourcing / expedite fees; alert downstream planning to adjust schedule or safety stock.
0.522347959216623,High,Buyer follow-up call with supplier; evaluate expedite shipping quote.
0.30353984139271944,High,Buyer follow-up call with supplier; evaluate expedite shipping quote.
0.6085168217328368,Critical,Escalate: evaluate alternate sourcing / expedite fees; alert downstream planning to adjust schedule or safety stock.
0.3960473640392668,High,Buyer follow-up call with supplier; evaluate expedite shipping quote.
0.6257184434228863,Critical,Escalate: evaluate alternate sourcing / expedite fees; alert downstream planning to adjust schedule or safety stock.
0.30519455082044605,High,Buyer follow-up call with supplier; evaluate expedite shipping quote.
0.3044682702318001,High,Buyer follow-up call with supplier; evaluate expedite shipping quote.
0.4883904639225382,High,Buyer follow-up call with supplier; evaluate expedite shipping quote.
0.591408549187681,High,Buyer follow-up call with supplier; evaluate expedite shipping quote.
0.42754138433131056,High,Buyer follow-up call with supplier; evaluate expedite shipping quote.
0.3030405466826728,High,Buyer follow-up call with supplier; evaluate expedite shipping quote.
0.3197153653784939,High,Buyer follow-up call with supplier; evaluate expedite shipping quote.
0.27807127313415736,Medium,Automated supplier check-in email.
0.3938123277574856,High,Buyer follow-up call with supplier; evaluate expedite shipping quote.
0.5286216732931704,High,Buyer follow-up call with supplier; evaluate expedite shipping quote.
0.4867288162423928,High,Buyer follow-up call with supplier; evaluate expedite shipping quote.
0.4232789444644332,High,Buyer follow-up call with supplier; evaluate expedite shipping quote.
0.3839210450669845,High,Buyer follow-up call with supplier; evaluate expedite shipping quote.
0.4427768388086313,High,Buyer follow-up call with supplier; evaluate expedite shipping quote.
0.28751396623145425,Medium,Automated supplier check-in email.
0.46140697842161016,High,Buyer follow-up call with supplier; evaluate expedite shipping quote.
0.4407688270572206,High,Buyer follow-up call with supplier; evaluate expedite shipping quote.
0.603286620579566,Critical,Escalate: evaluate alternate sourcing / expedite fees; alert downstream planning to adjust schedule or safety stock.
0.31243818077235963,High,Buyer follow-up call with supplier; evaluate expedite shipping quote.
0.6461704654910949,Critical,Escalate: evaluate alternate sourcing / expedite fees; alert downstream planning to adjust schedule or safety stock.
0.5061221066979352,High,Buyer follow-up call with supplier; evaluate expedite shipping quote.
0.526872578401409,High,Buyer follow-up call with supplier; evaluate expedite shipping quote.
0.5000733947860013,High,Buyer follow-up call with supplier; evaluate expedite shipping quote.
0.568390121596077,High,Buyer follow-up call with supplier; evaluate expedite shipping quote.
0.4224914852143051,High,Buyer follow-up call with supplier; evaluate expedite shipping quote.
0.496646873932673,High,Buyer follow-up call with supplier; evaluate expedite shipping quote.
0.30564619071383126,High,Buyer follow-up call with supplier; evaluate expedite shipping quote.
0.4328265318508185,High,Buyer follow-up call with supplier; evaluate expedite shipping quote.
0.328124150886884,High,Buyer follow-up call with supplier; evaluate expedite shipping quote.
0.42395242955769535,High,Buyer follow-up call with supplier; evaluate expedite shipping quote.
0.6488284423667765,Critical,Escalate: evaluate alternate sourcing / expedite fees; alert downstream planning to adjust schedule or safety stock.
0.4297908845249561,High,Buyer follow-up call with supplier; evaluate expedite shipping quote.
0.4474853197145248,High,Buyer follow-up call with supplier; evaluate expedite shipping quote.
0.44264288572353894,High,Buyer follow-up call with supplier; evaluate expedite shipping quote.
0.3061187669054526,High,Buyer follow-up call with supplier; evaluate expedite shipping quote.
0.3855400799756601,High,Buyer follow-up call with supplier; evaluate expedite shipping quote.
0.39270203043150415,High,Buyer follow-up call with supplier; evaluate expedite shipping quote.
0.342932442697976,High,Buyer follow-up call with supplier; evaluate expedite shipping quote.
0.41980430751602915,High,Buyer follow-up call with supplier; evaluate expedite shipping quote.
0.32098473506227726,High,Buyer follow-up call with supplier; evaluate expedite shipping quote.
0.4412318326754682,High,Buyer follow-up call with supplier; evaluate expedite shipping quote.
0.6467572659572164,Critical,Escalate: evaluate alternate sourcing / expedite fees; alert downstream planning to adjust schedule or safety stock.
0.44457505580782114,High,Buyer follow-up call with supplier; evaluate expedite shipping quote.
0.7593351162261804,Critical,Escalate: evaluate alternate sourcing / expedite fees; alert downstream planning to adjust schedule or safety stock.
0.5810258330729551,High,Buyer follow-up call with supplier; evaluate expedite shipping quote.
0.6692262021888996,Critical,Escalate: evaluate alternate sourcing / expedite fees; alert downstream planning to adjust schedule or safety stock.
0.5285186583328093,High,Buyer follow-up call with supplier; evaluate expedite shipping quote.
0.6479242185587523,Critical,Escalate: evaluate alternate sourcing / expedite fees; alert downstream planning to adjust schedule or safety stock.
0.4103758853307665,High,Buyer follow-up call with supplier; evaluate expedite shipping quote.
0.3809934482913489,High,Buyer follow-up call with supplier; evaluate expedite shipping quote.
0.3131426676822941,High,Buyer follow-up call with supplier; evaluate expedite shipping quote.
0.44263439627392376,High,Buyer follow-up call with supplier; evaluate expedite shipping quote.
0.28667396796613476,Medium,Automated supplier check-in email.
0.430452613523659,High,Buyer follow-up call with supplier; evaluate expedite shipping quote.
0.6175794480360701,Critical,Escalate: evaluate alternate sourcing / expedite fees; alert downstream planning to adjust schedule or safety stock.
0.2944821317289608,Medium,Automated supplier check-in email.
0.29490238168160804,Medium,Automated supplier check-in email.
0.27474145229994595,Medium,Automated supplier check-in email.
0.6916611895170898,Critical,Escalate: evaluate alternate sourcing / expedite fees; alert downstream planning to adjust schedule or safety stock.
0.3992291731321457,High,Buyer follow-up call with supplier; evaluate expedite shipping quote.
0.5068173495051721,High,Buyer follow-up call with supplier; evaluate expedite shipping quote.
0.362623590014195,High,Buyer follow-up call with supplier; evaluate expedite shipping quote.
0.678989188476855,Critical,Escalate: evaluate alternate sourcing / expedite fees; alert downstream planning to adjust schedule or safety stock.
0.4354753882414387,High,Buyer follow-up call with supplier; evaluate expedite shipping quote.
0.4199509465530562,High,Buyer follow-up call with supplier; evaluate expedite shipping quote.
0.5924662456445469,High,Buyer follow-up call with supplier; evaluate expedite shipping quote.
0.3678786704368236,High,Buyer follow-up call with supplier; evaluate expedite shipping quote.
0.42244139058028896,High,Buyer follow-up call with supplier; evaluate expedite shipping quote.
0.37928725598908203,High,Buyer follow-up call with supplier; evaluate expedite shipping quote.
0.6331062248174594,Critical,Escalate: evaluate alternate sourcing / expedite fees; alert downstream planning to adjust schedule or safety stock.
0.4463689126029257,High,Buyer follow-up call with supplier; evaluate expedite shipping quote.
0.36862448595874114,High,Buyer follow-up call with supplier; evaluate expedite shipping quote.
0.44545482176765194,High,Buyer follow-up call with supplier; evaluate expedite shipping quote.
0.5780760374993648,High,Buyer follow-up call with supplier; evaluate expedite shipping quote.
0.27103448093943244,Medium,Automated supplier check-in email.
0.3597463395384902,High,Buyer follow-up call with supplier; evaluate expedite shipping quote.
0.3883378308117709,High,Buyer follow-up call with supplier; evaluate expedite shipping quote.
0.5267559378555112,High,Buyer follow-up call with supplier; evaluate expedite shipping quote.
0.4272262064688046,High,Buyer follow-up call with supplier; evaluate expedite shipping quote.
0.4124113428733521,High,Buyer follow-up call with supplier; evaluate expedite shipping quote.
0.2889619645370718,Medium,Automated supplier check-in email.
0.5828497406587969,High,Buyer follow-up call with supplier; evaluate expedite shipping quote.
0.40974813606927224,High,Buyer follow-up call with supplier; evaluate expedite shipping quote.
0.45747619361487907,High,Buyer follow-up call with supplier; evaluate expedite shipping quote.
0.2856377344753565,Medium,Automated supplier check-in email.
0.46705054701289095,High,Buyer follow-up call with supplier; evaluate expedite shipping quote.
0.6365706619378441,Critical,Escalate: evaluate alternate sourcing / expedite fees; alert downstream planning to adjust schedule or safety stock.
0.5919349487585197,High,Buyer follow-up call with supplier; evaluate expedite shipping quote.
0.2991894866187291,Medium,Automated supplier check-in email.
0.5583329730953493,High,Buyer follow-up call with supplier; evaluate expedite shipping quote.
0.43937888278095727,High,Buyer follow-up call with supplier; evaluate expedite shipping quote.
0.3026333136037596,High,Buyer follow-up call with supplier; evaluate expedite shipping quote.
0.43341057043901027,High,Buyer follow-up call with supplier; evaluate expedite shipping quote.
0.5055001554990735,High,Buyer follow-up call with supplier; evaluate expedite shipping quote.
0.5095189951169943,High,Buyer follow-up call with supplier; evaluate expedite shipping quote.
0.4339182336098387,High,Buyer follow-up call with supplier; evaluate expedite shipping quote.
0.43559344749624135,High,Buyer follow-up call with supplier; evaluate expedite shipping quote.
0.4596863533162895,High,Buyer follow-up call with supplier; evaluate expedite shipping quote.
0.42510741393652757,High,Buyer follow-up call with supplier; evaluate expedite shipping quote.
0.49915030855589737,High,Buyer follow-up call with supplier; evaluate expedite shipping quote.
0.4647463495014264,High,Buyer follow-up call with supplier; evaluate expedite shipping quote.
0.47347224096694135,High,Buyer follow-up call with supplier; evaluate expedite shipping quote.
0.29319957937365393,Medium,Automated supplier check-in email.
0.44023156720548806,High,Buyer follow-up call with supplier; evaluate expedite shipping quote.
0.3899963300840499,High,Buyer follow-up call with supplier; evaluate expedite shipping quote.
0.3115424475922608,High,Buyer follow-up call with supplier; evaluate expedite shipping quote.
0.3607486042319978,High,Buyer follow-up call with supplier; evaluate expedite shipping quote.
0.35337839817862277,High,Buyer follow-up call with supplier; evaluate expedite shipping quote.
0.5870178247885226,High,Buyer follow-up call with supplier; evaluate expedite shipping quote.
0.32313805386685895,High,Buyer follow-up call with supplier; evaluate expedite shipping quote.
0.7100499282976076,Critical,Escalate: evaluate alternate sourcing / expedite fees; alert downstream planning to adjust schedule or safety stock.
0.2877772478211779,Medium,Automated supplier check-in email.
0.31263462792727825,High,Buyer follow-up call with supplier; evaluate expedite shipping quote.
0.3929627072426538,High,Buyer follow-up call with supplier; evaluate expedite shipping quote.
0.6178817261197335,Critical,Escalate: evaluate alternate sourcing / expedite fees; alert downstream planning to adjust schedule or safety stock.
0.6752406441967409,Critical,Escalate: evaluate alternate sourcing / expedite fees; alert downstream planning to adjust schedule or safety stock.
0.3400851623829428,High,Buyer follow-up call with supplier; evaluate expedite shipping quote.
0.3955242038766382,High,Buyer follow-up call with supplier; evaluate expedite shipping quote.
0.5489708129314009,High,Buyer follow-up call with supplier; evaluate expedite shipping quote.
0.4113266634896779,High,Buyer follow-up call with supplier; evaluate expedite shipping quote.
0.4337774704671213,High,Buyer follow-up call with supplier; evaluate expedite shipping quote.
0.6332458136757365,Critical,Escalate: evaluate alternate sourcing / expedite fees; alert downstream planning to adjust schedule or safety stock.
0.44350458117056896,High,Buyer follow-up call with supplier; evaluate expedite shipping quote.
0.36774702431122996,High,Buyer follow-up call with supplier; evaluate expedite shipping quote.
0.3771727920041621,High,Buyer follow-up call with supplier; evaluate expedite shipping quote.
0.40000476037736293,High,Buyer follow-up call with supplier; evaluate expedite shipping quote.
0.6184429980128273,Critical,Escalate: evaluate alternate sourcing / expedite fees; alert downstream planning to adjust schedule or safety stock.
0.6522930114776342,Critical,Escalate: evaluate alternate sourcing / expedite fees; alert downstream planning to adjust schedule or safety stock.
0.3017199151709897,High,Buyer follow-up call with supplier; evaluate expedite shipping quote.
0.5662610048342562,High,Buyer follow-up call with supplier; evaluate expedite shipping quote.
0.6607597467876849,Critical,Escalate: evaluate alternate sourcing / expedite fees; alert downstream planning to adjust schedule or safety stock.
0.3794803094464203,High,Buyer follow-up call with supplier; evaluate expedite shipping quote.
0.437801738560384,High,Buyer follow-up call with supplier; evaluate expedite shipping quote.
0.392451715947905,High,Buyer follow-up call with supplier; evaluate expedite shipping quote.
0.6708795376193261,Critical,Escalate: evaluate alternate sourcing / expedite fees; alert downstream planning to adjust schedule or safety stock.
0.3131137070685525,High,Buyer follow-up call with supplier; evaluate expedite shipping quote.
0.30628936178206356,High,Buyer follow-up call with supplier; evaluate expedite shipping quote.
0.5805652081448206,High,Buyer follow-up call with supplier; evaluate expedite shipping quote.
0.27506934250329834,Medium,Automated supplier check-in email.
0.5414310618725001,High,Buyer follow-up call with supplier; evaluate expedite shipping quote.
0.3537157117166567,High,Buyer follow-up call with supplier; evaluate expedite shipping quote.
0.3944349038038608,High,Buyer follow-up call with supplier; evaluate expedite shipping quote.
0.5498743861790862,High,Buyer follow-up call with supplier; evaluate expedite shipping quote.
0.4774111350777236,High,Buyer follow-up call with supplier; evaluate expedite shipping quote.
0.39793790498254633,High,Buyer follow-up call with supplier; evaluate expedite shipping quote.
0.6962161515463162,Critical,Escalate: evaluate alternate sourcing / expedite fees; alert downstream planning to adjust schedule or safety stock.
0.3572364246024273,High,Buyer follow-up call with supplier; evaluate expedite shipping quote.
0.49517120990655994,High,Buyer follow-up call with supplier; evaluate expedite shipping quote.
0.6628893040829192,Critical,Escalate: evaluate alternate sourcing / expedite fees; alert downstream planning to adjust schedule or safety stock.
0.6710732142057083,Critical,Escalate: evaluate alternate sourcing / expedite fees; alert downstream planning to adjust schedule or safety stock.
0.4766256423593711,High,Buyer follow-up call with supplier; evaluate expedite shipping quote.
0.590879902824818,High,Buyer follow-up call with supplier; evaluate expedite shipping quote.
0.6422223031735435,Critical,Escalate: evaluate alternate sourcing / expedite fees; alert downstream planning to adjust schedule or safety stock.
0.31913121899951225,High,Buyer follow-up call with supplier; evaluate expedite shipping quote.
0.295384997571457,Medium,Automated supplier check-in email.
0.39555220075673403,High,Buyer follow-up call with supplier; evaluate expedite shipping quote.
0.5160779120493997,High,Buyer follow-up call with supplier; evaluate expedite shipping quote.
0.45056226995778703,High,Buyer follow-up call with supplier; evaluate expedite shipping quote.
0.30694572584366614,High,Buyer follow-up call with supplier; evaluate expedite shipping quote.
0.6322651292382242,Critical,Escalate: evaluate alternate sourcing / expedite fees; alert downstream planning to adjust schedule or safety stock.
0.44102495185000234,High,Buyer follow-up call with supplier; evaluate expedite shipping quote.
0.6877259355865639,Critical,Escalate: evaluate alternate sourcing / expedite fees; alert downstream planning to adjust schedule or safety stock.
0.6929604654737428,Critical,Escalate: evaluate alternate sourcing / expedite fees; alert downstream planning to adjust schedule or safety stock.
0.4191420512873737,High,Buyer follow-up call with supplier; evaluate expedite shipping quote.
0.6072629651213878,Critical,Escalate: evaluate alternate sourcing / expedite fees; alert downstream planning to adjust schedule or safety stock.
0.3180265908599784,High,Buyer follow-up call with supplier; evaluate expedite shipping quote.
0.3165083451078281,High,Buyer follow-up call with supplier; evaluate expedite shipping quote.
0.7944449145420784,Critical,Escalate: evaluate alternate sourcing / expedite fees; alert downstream planning to adjust schedule or safety stock.
0.6276696361200108,Critical,Escalate: evaluate alternate sourcing / expedite fees; alert downstream planning to adjust schedule or safety stock.
0.4203894463601147,High,Buyer follow-up call with supplier; evaluate expedite shipping quote.
0.5736190420346468,High,Buyer follow-up call with supplier; evaluate expedite shipping quote.
0.5984315841353199,High,Buyer follow-up call with supplier; evaluate expedite shipping quote.
0.43556578883289054,High,Buyer follow-up call with supplier; evaluate expedite shipping quote.
0.4690591071843936,High,Buyer follow-up call with supplier; evaluate expedite shipping quote.
0.45319606259679174,High,Buyer follow-up call with supplier; evaluate expedite shipping quote.
0.5099261802643702,High,Buyer follow-up call with supplier; evaluate expedite shipping quote.
0.43735223648801685,High,Buyer follow-up call with supplier; evaluate expedite shipping quote.
0.438544857963899,High,Buyer follow-up call with supplier; evaluate expedite shipping quote.
0.3030443034573697,High,Buyer follow-up call with supplier; evaluate expedite shipping quote.
0.5162027253869785,High,Buyer follow-up call with supplier; evaluate expedite shipping quote.
0.6512524410874889,Critical,Escalate: evaluate alternate sourcing / expedite fees; alert downstream planning to adjust schedule or safety stock.
0.5582367369224699,High,Buyer follow-up call with supplier; evaluate expedite shipping quote.
0.4239919575894713,High,Buyer follow-up call with supplier; evaluate expedite shipping quote.
0.5548359672432552,High,Buyer follow-up call with supplier; evaluate expedite shipping quote.
0.43546327289313064,High,Buyer follow-up call with supplier; evaluate expedite shipping quote.
0.39001797973021995,High,Buyer follow-up call with supplier; evaluate expedite shipping quote.
0.4563950301385906,High,Buyer follow-up call with supplier; evaluate expedite shipping quote.
0.49273063211857365,High,Buyer follow-up call with supplier; evaluate expedite shipping quote.
0.6694949698616443,Critical,Escalate: evaluate alternate sourcing / expedite fees; alert downstream planning to adjust schedule or safety stock.
0.4556860878815087,High,Buyer follow-up call with supplier; evaluate expedite shipping quote.
0.6034448154220158,Critical,Escalate: evaluate alternate sourcing / expedite fees; alert downstream planning to adjust schedule or safety stock.
0.43640726053548373,High,Buyer follow-up call with supplier; evaluate expedite shipping quote.
0.47763928646018117,High,Buyer follow-up call with supplier; evaluate expedite shipping quote.
0.6556802485270063,Critical,Escalate: evaluate alternate sourcing / expedite fees; alert downstream planning to adjust schedule or safety stock.
0.3917631473465048,High,Buyer follow-up call with supplier; evaluate expedite shipping quote.
0.40146006937534834,High,Buyer follow-up call with supplier; evaluate expedite shipping quote.
0.42975830028516504,High,Buyer follow-up call with supplier; evaluate expedite shipping quote.
0.42840423499388286,High,Buyer follow-up call with supplier; evaluate expedite shipping quote.
0.3131592758775839,High,Buyer follow-up call with supplier; evaluate expedite shipping quote.
0.41835713408972136,High,Buyer follow-up call with supplier; evaluate expedite shipping quote.
0.5921768147932058,High,Buyer follow-up call with supplier; evaluate expedite shipping quote.
0.6158297835025862,Critical,Escalate: evaluate alternate sourcing / expedite fees; alert downstream planning to adjust schedule or safety stock.
0.6528261434920665,Critical,Escalate: evaluate alternate sourcing / expedite fees; alert downstream planning to adjust schedule or safety stock.
0.5184064886702113,High,Buyer follow-up call with supplier; evaluate expedite shipping quote.
0.2995450085601318,Medium,Automated supplier check-in email.
0.45570875382012715,High,Buyer follow-up call with supplier; evaluate expedite shipping quote.
0.418242153034553,High,Buyer follow-up call with supplier; evaluate expedite shipping quote.
0.42269336132853974,High,Buyer follow-up call with supplier; evaluate expedite shipping quote.
0.2918046596012987,Medium,Automated supplier check-in email.
0.3052708382822393,High,Buyer follow-up call with supplier; evaluate expedite shipping quote.
0.6627164393915957,Critical,Escalate: evaluate alternate sourcing / expedite fees; alert downstream planning to adjust schedule or safety stock.
0.41707586350093556,High,Buyer follow-up call with supplier; evaluate expedite shipping quote.
0.4213742849209908,High,Buyer follow-up call with supplier; evaluate expedite shipping quote.
0.3164888948719183,High,Buyer follow-up call with supplier; evaluate expedite shipping quote.
0.4636429954245772,High,Buyer follow-up call with supplier; evaluate expedite shipping quote.
0.2837079953256331,Medium,Automated supplier check-in email.
0.46995240127970106,High,Buyer follow-up call with supplier; evaluate expedite shipping quote.
0.6957735312874165,Critical,Escalate: evaluate alternate sourcing / expedite fees; alert downstream planning to adjust schedule or safety stock.
0.3622941696524668,High,Buyer follow-up call with supplier; evaluate expedite shipping quote.
0.4018666993584734,High,Buyer follow-up call with supplier; evaluate expedite shipping quote.
0.34787157965666554,High,Buyer follow-up call with supplier; evaluate expedite shipping quote.
0.7112576337728418,Critical,Escalate: evaluate alternate sourcing / expedite fees; alert downstream planning to adjust schedule or safety stock.
0.7552386104329836,Critical,Escalate: evaluate alternate sourcing / expedite fees; alert downstream planning to adjust schedule or safety stock.
0.30516626124612,High,Buyer follow-up call with supplier; evaluate expedite shipping quote.
0.6004279335149074,Critical,Escalate: evaluate alternate sourcing / expedite fees; alert downstream planning to adjust schedule or safety stock.
0.6258655746446268,Critical,Escalate: evaluate alternate sourcing / expedite fees; alert downstream planning to adjust schedule or safety stock.
0.601562579027145,Critical,Escalate: evaluate alternate sourcing / expedite fees; alert downstream planning to adjust schedule or safety stock.
0.7538922788519055,Critical,Escalate: evaluate alternate sourcing / expedite fees; alert downstream planning to adjust schedule or safety stock.
0.4404397756926707,High,Buyer follow-up call with supplier; evaluate expedite shipping quote.
0.522005696609462,High,Buyer follow-up call with supplier; evaluate expedite shipping quote.
0.5897744852723694,High,Buyer follow-up call with supplier; evaluate expedite shipping quote.
0.2905185948003492,Medium,Automated supplier check-in email.
0.46550895128966097,High,Buyer follow-up call with supplier; evaluate expedite shipping quote.
0.28808820712573335,Medium,Automated supplier check-in email.
0.4402894011001223,High,Buyer follow-up call with supplier; evaluate expedite shipping quote.
0.5530311948931553,High,Buyer follow-up call with supplier; evaluate expedite shipping quote.
0.6420252673372152,Critical,Escalate: evaluate alternate sourcing / expedite fees; alert downstream planning to adjust schedule or safety stock.
0.4878945092429781,High,Buyer follow-up call with supplier; evaluate expedite shipping quote.
0.41905852132937854,High,Buyer follow-up call with supplier; evaluate expedite shipping quote.
0.4675973317658414,High,Buyer follow-up call with supplier; evaluate expedite shipping quote.
0.48336086935405953,High,Buyer follow-up call with supplier; evaluate expedite shipping quote.
0.38047500894413355,High,Buyer follow-up call with supplier; evaluate expedite shipping quote.
0.5126085463184464,High,Buyer follow-up call with supplier; evaluate expedite shipping quote.
0.47213416864689667,High,Buyer follow-up call with supplier; evaluate expedite shipping quote.
0.3035055752907393,High,Buyer follow-up call with supplier; evaluate expedite shipping quote.
0.40312284083140365,High,Buyer follow-up call with supplier; evaluate expedite shipping quote.
0.6574911720564649,Critical,Escalate: evaluate alternate sourcing / expedite fees; alert downstream planning to adjust schedule or safety stock.
0.33752118270338755,High,Buyer follow-up call with supplier; evaluate expedite shipping quote.
0.4437059777635495,High,Buyer follow-up call with supplier; evaluate expedite shipping quote.
0.598532665453811,High,Buyer follow-up call with supplier; evaluate expedite shipping quote.
0.6572380317426483,Critical,Escalate: evaluate alternate sourcing / expedite fees; alert downstream planning to adjust schedule or safety stock.
0.29118875761786633,Medium,Automated supplier check-in email.
0.40013975463692497,High,Buyer follow-up call with supplier; evaluate expedite shipping quote.
0.3932243953770805,High,Buyer follow-up call with supplier; evaluate expedite shipping quote.
0.6547234126668543,Critical,Escalate: evaluate alternate sourcing / expedite fees; alert downstream planning to adjust schedule or safety stock.
0.43014208303167023,High,Buyer follow-up call with supplier; evaluate expedite shipping quote.
0.4584545765764556,High,Buyer follow-up call with supplier; evaluate expedite shipping quote.
0.2846521804702439,Medium,Automated supplier check-in email.
0.3083624670582185,High,Buyer follow-up call with supplier; evaluate expedite shipping quote.
0.43136777460821407,High,Buyer follow-up call with supplier; evaluate expedite shipping quote.
0.44131810639726177,High,Buyer follow-up call with supplier; evaluate expedite shipping quote.
0.6931764853640408,Critical,Escalate: evaluate alternate sourcing / expedite fees; alert downstream planning to adjust schedule or safety stock.
0.4409009254362073,High,Buyer follow-up call with supplier; evaluate expedite shipping quote.
0.46335220181890163,High,Buyer follow-up call with supplier; evaluate expedite shipping quote.
0.29037739804981266,Medium,Automated supplier check-in email.
0.43207655948412477,High,Buyer follow-up call with supplier; evaluate expedite shipping quote.
0.3036814561809046,High,Buyer follow-up call with supplier; evaluate expedite shipping quote.
0.558253789949171,High,Buyer follow-up call with supplier; evaluate expedite shipping quote.
0.5820226088951082,High,Buyer follow-up call with supplier; evaluate expedite shipping quote.
0.4455757624692518,High,Buyer follow-up call with supplier; evaluate expedite shipping quote.
0.6844101722757925,Critical,Escalate: evaluate alternate sourcing / expedite fees; alert downstream planning to adjust schedule or safety stock.
0.433760113351721,High,Buyer follow-up call with supplier; evaluate expedite shipping quote.
0.2890814364564635,Medium,Automated supplier check-in email.
0.2840295848489529,Medium,Automated supplier check-in email.
0.47701634700540047,High,Buyer follow-up call with supplier; evaluate expedite shipping quote.
0.30028741215792193,High,Buyer follow-up call with supplier; evaluate expedite shipping quote.
0.4724370370446008,High,Buyer follow-up call with supplier; evaluate expedite shipping quote.
0.3932795759243257,High,Buyer follow-up call with supplier; evaluate expedite shipping quote.
0.6006118700428781,Critical,Escalate: evaluate alternate sourcing / expedite fees; alert downstream planning to adjust schedule or safety stock.
0.30736100401788535,High,Buyer follow-up call with supplier; evaluate expedite shipping quote.
0.40143134849621004,High,Buyer follow-up call with supplier; evaluate expedite shipping quote.
0.39173539865853396,High,Buyer follow-up call with supplier; evaluate expedite shipping quote.
0.3919021901265119,High,Buyer follow-up call with supplier; evaluate expedite shipping quote.
0.2918284968061032,Medium,Automated supplier check-in email.
0.5234588048857178,High,Buyer follow-up call with supplier; evaluate expedite shipping quote.
0.4277357993863661,High,Buyer follow-up call with supplier; evaluate expedite shipping quote.
0.4594110802229502,High,Buyer follow-up call with supplier; evaluate expedite shipping quote.
0.29743225057272016,Medium,Automated supplier check-in email.
0.39023960682247527,High,Buyer follow-up call with supplier; evaluate expedite shipping quote.
0.4627914249197569,High,Buyer follow-up call with supplier; evaluate expedite shipping quote.
0.2790762334738953,Medium,Automated supplier check-in email.
0.44829136578104634,High,Buyer follow-up call with supplier; evaluate expedite shipping quote.
0.44511177260639845,High,Buyer follow-up call with supplier; evaluate expedite shipping quote.
0.3037366051381948,High,Buyer follow-up call with supplier; evaluate expedite shipping quote.
0.4113867646099312,High,Buyer follow-up call with supplier; evaluate expedite shipping quote.
0.4253975548595875,High,Buyer follow-up call with supplier; evaluate expedite shipping quote.
0.6203088203403181,Critical,Escalate: evaluate alternate sourcing / expedite fees; alert downstream planning to adjust schedule or safety stock.
0.5447952908868358,High,Buyer follow-up call with supplier; evaluate expedite shipping quote.
0.4017805189133585,High,Buyer follow-up call with supplier; evaluate expedite shipping quote.
0.3901973099116694,High,Buyer follow-up call with supplier; evaluate expedite shipping quote.
0.6003193359393988,Critical,Escalate: evaluate alternate sourcing / expedite fees; alert downstream planning to adjust schedule or safety stock.
0.4921259390324474,High,Buyer follow-up call with supplier; evaluate expedite shipping quote.
0.3710085858795062,High,Buyer follow-up call with supplier; evaluate expedite shipping quote.
0.40127145927034874,High,Buyer follow-up call with supplier; evaluate expedite shipping quote.
0.41934473947221607,High,Buyer follow-up call with supplier; evaluate expedite shipping quote.
0.5349312787029297,High,Buyer follow-up call with supplier; evaluate expedite shipping quote.
0.3706354987300637,High,Buyer follow-up call with supplier; evaluate expedite shipping quote.
0.4528823916072709,High,Buyer follow-up call with supplier; evaluate expedite shipping quote.
0.48823915682363583,High,Buyer follow-up call with supplier; evaluate expedite shipping quote.
0.6298575083177719,Critical,Escalate: evaluate alternate sourcing / expedite fees; alert downstream planning to adjust schedule or safety stock.
0.45978003213974206,High,Buyer follow-up call with supplier; evaluate expedite shipping quote.
0.38002187103307133,High,Buyer follow-up call with supplier; evaluate expedite shipping quote.
0.446207178891343,High,Buyer follow-up call with supplier; evaluate expedite shipping quote.
0.3073329239961858,High,Buyer follow-up call with supplier; evaluate expedite shipping quote.
0.6283844139560137,Critical,Escalate: evaluate alternate sourcing / expedite fees; alert downstream planning to adjust schedule or safety stock.
0.2964724790827109,Medium,Automated supplier check-in email.
0.644695151657978,Critical,Escalate: evaluate alternate sourcing / expedite fees; alert downstream planning to adjust schedule or safety stock.
0.34373848763492987,High,Buyer follow-up call with supplier; evaluate expedite shipping quote.
0.5979792764602283,High,Buyer follow-up call with supplier; evaluate expedite shipping quote.
0.3903442185082656,High,Buyer follow-up call with supplier; evaluate expedite shipping quote.
0.4923648938740727,High,Buyer follow-up call with supplier; evaluate expedite shipping quote.
0.27680639617318903,Medium,Automated supplier check-in email.
0.39379088477844076,High,Buyer follow-up call with supplier; evaluate expedite shipping quote.
0.5026286874045689,High,Buyer follow-up call with supplier; evaluate expedite shipping quote.
0.5846995073930894,High,Buyer follow-up call with supplier; evaluate expedite shipping quote.
0.5323778357930034,High,Buyer follow-up call with supplier; evaluate expedite shipping quote.
0.3822978223558181,High,Buyer follow-up call with supplier; evaluate expedite shipping quote.
0.6199015113993279,Critical,Escalate: evaluate alternate sourcing / expedite fees; alert downstream planning to adjust schedule or safety stock.
0.7126040767719228,Critical,Escalate: evaluate alternate sourcing / expedite fees; alert downstream planning to adjust schedule or safety stock.
0.3024806284017054,High,Buyer follow-up call with supplier; evaluate expedite shipping quote.
0.3765567537314822,High,Buyer follow-up call with supplier; evaluate expedite shipping quote.
0.6466313073302651,Critical,Escalate: evaluate alternate sourcing / expedite fees; alert downstream planning to adjust schedule or safety stock.
0.5034120562633864,High,Buyer follow-up call with supplier; evaluate expedite shipping quote.
0.39741267360803456,High,Buyer follow-up call with supplier; evaluate expedite shipping quote.
0.49058487283934565,High,Buyer follow-up call with supplier; evaluate expedite shipping quote.
0.616724334936697,Critical,Escalate: evaluate alternate sourcing / expedite fees; alert downstream planning to adjust schedule or safety stock.
0.4278147142178627,High,Buyer follow-up call with supplier; evaluate expedite shipping quote.
0.44095271915882395,High,Buyer follow-up call with supplier; evaluate expedite shipping quote.
0.5243739363118782,High,Buyer follow-up call with supplier; evaluate expedite shipping quote.
0.31688234615092375,High,Buyer follow-up call with supplier; evaluate expedite shipping quote.
0.30445446753775923,High,Buyer follow-up call with supplier; evaluate expedite shipping quote.
0.3638088946091802,High,Buyer follow-up call with supplier; evaluate expedite shipping quote.
0.3064618097486307,High,Buyer follow-up call with supplier; evaluate expedite shipping quote.
0.3688276267521263,High,Buyer follow-up call with supplier; evaluate expedite shipping quote.
0.3147182560571251,High,Buyer follow-up call with supplier; evaluate expedite shipping quote.
0.6926896657191921,Critical,Escalate: evaluate alternate sourcing / expedite fees; alert downstream planning to adjust schedule or safety stock.
0.640732898952826,Critical,Escalate: evaluate alternate sourcing / expedite fees; alert downstream planning to adjust schedule or safety stock.
0.5595107190810735,High,Buyer follow-up call with supplier; evaluate expedite shipping quote.
0.3052422228545856,High,Buyer follow-up call with supplier; evaluate expedite shipping quote.
0.45157667901476045,High,Buyer follow-up call with supplier; evaluate expedite shipping quote.
0.5985056024655621,High,Buyer follow-up call with supplier; evaluate expedite shipping quote.
0.5768653883750919,High,Buyer follow-up call with supplier; evaluate expedite shipping quote.
0.3855923742168812,High,Buyer follow-up call with supplier; evaluate expedite shipping quote.
0.45159031183448994,High,Buyer follow-up call with supplier; evaluate expedite shipping quote.
0.572461925035758,High,Buyer follow-up call with supplier; evaluate expedite shipping quote.
0.5538177666899398,High,Buyer follow-up call with supplier; evaluate expedite shipping quote.
0.292502738949291,Medium,Automated supplier check-in email.
0.6571346802693852,Critical,Escalate: evaluate alternate sourcing / expedite fees; alert downstream planning to adjust schedule or safety stock.
0.6379704841368636,Critical,Escalate: evaluate alternate sourcing / expedite fees; alert downstream planning to adjust schedule or safety stock.
0.6773975420628223,Critical,Escalate: evaluate alternate sourcing / expedite fees; alert downstream planning to adjust schedule or safety stock.
0.427228380344975,High,Buyer follow-up call with supplier; evaluate expedite shipping quote.
0.7944449145420784,Critical,Escalate: evaluate alternate sourcing / expedite fees; alert downstream planning to adjust schedule or safety stock.
0.4647557427604201,High,Buyer follow-up call with supplier; evaluate expedite shipping quote.
0.44750584387979536,High,Buyer follow-up call with supplier; evaluate expedite shipping quote.
0.3710934102033901,High,Buyer follow-up call with supplier; evaluate expedite shipping quote.
0.4204585124100374,High,Buyer follow-up call with supplier; evaluate expedite shipping quote.
0.4077148649914304,High,Buyer follow-up call with supplier; evaluate expedite shipping quote.
0.3138769154208633,High,Buyer follow-up call with supplier; evaluate expedite shipping quote.
0.4841850039723582,High,Buyer follow-up call with supplier; evaluate expedite shipping quote.
0.6361466993342475,Critical,Escalate: evaluate alternate sourcing / expedite fees; alert downstream planning to adjust schedule or safety stock.
0.3885939652909225,High,Buyer follow-up call with supplier; evaluate expedite shipping quote.
0.44422631071513613,High,Buyer follow-up call with supplier; evaluate expedite shipping quote.
0.4504491457653411,High,Buyer follow-up call with supplier; evaluate expedite shipping quote.
0.4557030655345928,High,Buyer follow-up call with supplier; evaluate expedite shipping quote.
0.57664594895981,High,Buyer follow-up call with supplier; evaluate expedite shipping quote.
0.3362656587745837,High,Buyer follow-up call with supplier; evaluate expedite shipping quote.
0.4236773246251082,High,Buyer follow-up call with supplier; evaluate expedite shipping quote.
0.398392248745767,High,Buyer follow-up call with supplier; evaluate expedite shipping quote.
0.41999049961431795,High,Buyer follow-up call with supplier; evaluate expedite shipping quote.
0.40044518695625103,High,Buyer follow-up call with supplier; evaluate expedite shipping quote.
0.4543983433033786,High,Buyer follow-up call with supplier; evaluate expedite shipping quote.
0.4304944454290596,High,Buyer follow-up call with supplier; evaluate expedite shipping quote.
0.5545891366645789,High,Buyer follow-up call with supplier; evaluate expedite shipping quote.
0.6199971190900359,Critical,Escalate: evaluate alternate sourcing / expedite fees; alert downstream planning to adjust schedule or safety stock.
0.6349706241103131,Critical,Escalate: evaluate alternate sourcing / expedite fees; alert downstream planning to adjust schedule or safety stock.
0.6815997303768397,Critical,Escalate: evaluate alternate sourcing / expedite fees; alert downstream planning to adjust schedule or safety stock.
0.6394174312367155,Critical,Escalate: evaluate alternate sourcing / expedite fees; alert downstream planning to adjust schedule or safety stock.
0.4748552735268099,High,Buyer follow-up call with supplier; evaluate expedite shipping quote.
0.4956178766590829,High,Buyer follow-up call with supplier; evaluate expedite shipping quote.
0.49554265888764043,High,Buyer follow-up call with supplier; evaluate expedite shipping quote.
0.4611626656767716,High,Buyer follow-up call with supplier; evaluate expedite shipping quote.
0.6366513710347604,Critical,Escalate: evaluate alternate sourcing / expedite fees; alert downstream planning to adjust schedule or safety stock.
0.6134582119100754,Critical,Escalate: evaluate alternate sourcing / expedite fees; alert downstream planning to adjust schedule or safety stock.
0.5314904626685321,High,Buyer follow-up call with supplier; evaluate expedite shipping quote.
0.47930554778871315,High,Buyer follow-up call with supplier; evaluate expedite shipping quote.
0.35800407426242276,High,Buyer follow-up call with supplier; evaluate expedite shipping quote.
0.4220239714271451,High,Buyer follow-up call with supplier; evaluate expedite shipping quote.
0.5179942947481176,High,Buyer follow-up call with supplier; evaluate expedite shipping quote.
0.5594048286725519,High,Buyer follow-up call with supplier; evaluate expedite shipping quote.
0.3457717450710361,High,Buyer follow-up call with supplier; evaluate expedite shipping quote.
0.6461537582697681,Critical,Escalate: evaluate alternate sourcing / expedite fees; alert downstream planning to adjust schedule or safety stock.
0.6298354224348859,Critical,Escalate: evaluate alternate sourcing / expedite fees; alert downstream planning to adjust schedule or safety stock.
0.48772671738237283,High,Buyer follow-up call with supplier; evaluate expedite shipping quote.
0.7211037620542498,Critical,Escalate: evaluate alternate sourcing / expedite fees; alert downstream planning to adjust schedule or safety stock.
0.4892647346876905,High,Buyer follow-up call with supplier; evaluate expedite shipping quote.
0.5762980551572582,High,Buyer follow-up call with supplier; evaluate expedite shipping quote.
0.5460113478740158,High,Buyer follow-up call with supplier; evaluate expedite shipping quote.
0.4780942024352515,High,Buyer follow-up call with supplier; evaluate expedite shipping quote.
0.48143138628888366,High,Buyer follow-up call with supplier; evaluate expedite shipping quote.
0.5338151666122148,High,Buyer follow-up call with supplier; evaluate expedite shipping quote.
0.582738873226729,High,Buyer follow-up call with supplier; evaluate expedite shipping quote.
0.4673569733725432,High,Buyer follow-up call with supplier; evaluate expedite shipping quote.
0.541811256464229,High,Buyer follow-up call with supplier; evaluate expedite shipping quote.
0.46262994182419725,High,Buyer follow-up call with supplier; evaluate expedite shipping quote.
0.35103520710533087,High,Buyer follow-up call with supplier; evaluate expedite shipping quote.
0.5746554017562724,High,Buyer follow-up call with supplier; evaluate expedite shipping quote.
0.4666422366648874,High,Buyer follow-up call with supplier; evaluate expedite shipping quote.
0.3364426754805997,High,Buyer follow-up call with supplier; evaluate expedite shipping quote.
0.4914549347672948,High,Buyer follow-up call with supplier; evaluate expedite shipping quote.
0.35386719889516516,High,Buyer follow-up call with supplier; evaluate expedite shipping quote.
0.3674248259491661,High,Buyer follow-up call with supplier; evaluate expedite shipping quote.
0.5768287709029577,High,Buyer follow-up call with supplier; evaluate expedite shipping quote.
0.6713904305370115,Critical,Escalate: evaluate alternate sourcing / expedite fees; alert downstream planning to adjust schedule or safety stock.
0.5536130776984928,High,Buyer follow-up call with supplier; evaluate expedite shipping quote.
0.4662621378184915,High,Buyer follow-up call with supplier; evaluate expedite shipping quote.
0.7364231009062704,Critical,Escalate: evaluate alternate sourcing / expedite fees; alert downstream planning to adjust schedule or safety stock.
0.5070406032316866,High,Buyer follow-up call with supplier; evaluate expedite shipping quote.
0.4735156272779764,High,Buyer follow-up call with supplier; evaluate expedite shipping quote.
0.5100484676406049,High,Buyer follow-up call with supplier; evaluate expedite shipping quote.
0.3607980070900237,High,Buyer follow-up call with supplier; evaluate expedite shipping quote.
0.4828171152372427,High,Buyer follow-up call with supplier; evaluate expedite shipping quote.
0.5703455198764468,High,Buyer follow-up call with supplier; evaluate expedite shipping quote.
0.4530500033209665,High,Buyer follow-up call with supplier; evaluate expedite shipping quote.
0.49545158375709586,High,Buyer follow-up call with supplier; evaluate expedite shipping quote.
0.4565364059406093,High,Buyer follow-up call with supplier; evaluate expedite shipping quote.
0.6861921878251682,Critical,Escalate: evaluate alternate sourcing / expedite fees; alert downstream planning to adjust schedule or safety stock.
0.5402988320393974,High,Buyer follow-up call with supplier; evaluate expedite shipping quote.
0.7361798556295526,Critical,Escalate: evaluate alternate sourcing / expedite fees; alert downstream planning to adjust schedule or safety stock.
0.33914938343740014,High,Buyer follow-up call with supplier; evaluate expedite shipping quote.
0.6849137933496735,Critical,Escalate: evaluate alternate sourcing / expedite fees; alert downstream planning to adjust schedule or safety stock.
0.6048196729399771,Critical,Escalate: evaluate alternate sourcing / expedite fees; alert downstream planning to adjust schedule or safety stock.
0.3419849505104656,High,Buyer follow-up call with supplier; evaluate expedite shipping quote.
0.3573609476313831,High,Buyer follow-up call with supplier; evaluate expedite shipping quote.
0.4934555866415854,High,Buyer follow-up call with supplier; evaluate expedite shipping quote.
0.5611495355492165,High,Buyer follow-up call with supplier; evaluate expedite shipping quote.
0.3357713542012682,High,Buyer follow-up call with supplier; evaluate expedite shipping quote.
0.4080312456025395,High,Buyer follow-up call with supplier; evaluate expedite shipping quote.
0.495910046086796,High,Buyer follow-up call with supplier; evaluate expedite shipping quote.
0.5507622445176699,High,Buyer follow-up call with supplier; evaluate expedite shipping quote.
0.35920633057993817,High,Buyer follow-up call with supplier; evaluate expedite shipping quote.
0.5108100923471782,High,Buyer follow-up call with supplier; evaluate expedite shipping quote.
0.40677200308898626,High,Buyer follow-up call with supplier; evaluate expedite shipping quote.
0.37847931671159235,High,Buyer follow-up call with supplier; evaluate expedite shipping quote.
0.49874327545657976,High,Buyer follow-up call with supplier; evaluate expedite shipping quote.
0.48863484639134175,High,Buyer follow-up call with supplier; evaluate expedite shipping quote.
0.6663495915885329,Critical,Escalate: evaluate alternate sourcing / expedite fees; alert downstream planning to adjust schedule or safety stock.
0.49920607974851466,High,Buyer follow-up call with supplier; evaluate expedite shipping quote.
0.6711038714277201,Critical,Escalate: evaluate alternate sourcing / expedite fees; alert downstream planning to adjust schedule or safety stock.
0.4151843175277024,High,Buyer follow-up call with supplier; evaluate expedite shipping quote.
0.6690780315016924,Critical,Escalate: evaluate alternate sourcing / expedite fees; alert downstream planning to adjust schedule or safety stock.
0.5123242062459321,High,Buyer follow-up call with supplier; evaluate expedite shipping quote.
0.5275569344854473,High,Buyer follow-up call with supplier; evaluate expedite shipping quote.
0.6386195688423789,Critical,Escalate: evaluate alternate sourcing / expedite fees; alert downstream planning to adjust schedule or safety stock.
0.5853887057735943,High,Buyer follow-up call with supplier; evaluate expedite shipping quote.
0.6645294846076252,Critical,Escalate: evaluate alternate sourcing / expedite fees; alert downstream planning to adjust schedule or safety stock.
0.377522516928363,High,Buyer follow-up call with supplier; evaluate expedite shipping quote.
0.6896870954801981,Critical,Escalate: evaluate alternate sourcing / expedite fees; alert downstream planning to adjust schedule or safety stock.
0.46664095628755736,High,Buyer follow-up call with supplier; evaluate expedite shipping quote.
0.5219555532018092,High,Buyer follow-up call with supplier; evaluate expedite shipping quote.
0.47948132952605926,High,Buyer follow-up call with supplier; evaluate expedite shipping quote.
0.6619015008566439,Critical,Escalate: evaluate alternate sourcing / expedite fees; alert downstream planning to adjust schedule or safety stock.
0.6188470898031221,Critical,Escalate: evaluate alternate sourcing / expedite fees; alert downstream planning to adjust schedule or safety stock.
0.41832342088267177,High,Buyer follow-up call with supplier; evaluate expedite shipping quote.
0.5210079819152335,High,Buyer follow-up call with supplier; evaluate expedite shipping quote.
0.4529463740555765,High,Buyer follow-up call with supplier; evaluate expedite shipping quote.
0.6306599997249831,Critical,Escalate: evaluate alternate sourcing / expedite fees; alert downstream planning to adjust schedule or safety stock.
0.5092371765927564,High,Buyer follow-up call with supplier; evaluate expedite shipping quote.
0.5491730295412773,High,Buyer follow-up call with supplier; evaluate expedite shipping quote.
0.5709065352903933,High,Buyer follow-up call with supplier; evaluate expedite shipping quote.
0.5222278556934287,High,Buyer follow-up call with supplier; evaluate expedite shipping quote.
0.4855659556935914,High,Buyer follow-up call with supplier; evaluate expedite shipping quote.
0.5144173043723557,High,Buyer follow-up call with supplier; evaluate expedite shipping quote.
0.5574087419700078,High,Buyer follow-up call with supplier; evaluate expedite shipping quote.
0.4936248115711131,High,Buyer follow-up call with supplier; evaluate expedite shipping quote.
0.7247919313484267,Critical,Escalate: evaluate alternate sourcing / expedite fees; alert downstream planning to adjust schedule or safety stock.
0.6206920499197413,Critical,Escalate: evaluate alternate sourcing / expedite fees; alert downstream planning to adjust schedule or safety stock.
0.32805965473497656,High,Buyer follow-up call with supplier; evaluate expedite shipping quote.
0.4758946462403675,High,Buyer follow-up call with supplier; evaluate expedite shipping quote.
0.4868185557724316,High,Buyer follow-up call with supplier; evaluate expedite shipping quote.
0.4653673362541057,High,Buyer follow-up call with supplier; evaluate expedite shipping quote.
0.6649581171964295,Critical,Escalate: evaluate alternate sourcing / expedite fees; alert downstream planning to adjust schedule or safety stock.
0.5047767906095384,High,Buyer follow-up call with supplier; evaluate expedite shipping quote.
0.5577493126616975,High,Buyer follow-up call with supplier; evaluate expedite shipping quote.
0.3479823382652878,High,Buyer follow-up call with supplier; evaluate expedite shipping quote.
0.5094371856566677,High,Buyer follow-up call with supplier; evaluate expedite shipping quote.
0.7257482316793878,Critical,Escalate: evaluate alternate sourcing / expedite fees; alert downstream planning to adjust schedule or safety stock.
0.7574401601217692,Critical,Escalate: evaluate alternate sourcing / expedite fees; alert downstream planning to adjust schedule or safety stock.
0.4716870562530864,High,Buyer follow-up call with supplier; evaluate expedite shipping quote.
0.3275802765040121,High,Buyer follow-up call with supplier; evaluate expedite shipping quote.
0.4984439564072909,High,Buyer follow-up call with supplier; evaluate expedite shipping quote.
0.6677336525627952,Critical,Escalate: evaluate alternate sourcing / expedite fees; alert downstream planning to adjust schedule or safety stock.
0.4834864206576603,High,Buyer follow-up call with supplier; evaluate expedite shipping quote.
0.4880736069337505,High,Buyer follow-up call with supplier; evaluate expedite shipping quote.
0.5156264522475321,High,Buyer follow-up call with supplier; evaluate expedite shipping quote.
0.5231260004826994,High,Buyer follow-up call with supplier; evaluate expedite shipping quote.
0.5386173463054836,High,Buyer follow-up call with supplier; evaluate expedite shipping quote.
0.47923956384766747,High,Buyer follow-up call with supplier; evaluate expedite shipping quote.
0.48616230332053656,High,Buyer follow-up call with supplier; evaluate expedite shipping quote.
0.33199405694039447,High,Buyer follow-up call with supplier; evaluate expedite shipping quote.
0.5212369973183535,High,Buyer follow-up call with supplier; evaluate expedite shipping quote.
0.6387126468601474,Critical,Escalate: evaluate alternate sourcing / expedite fees; alert downstream planning to adjust schedule or safety stock.
0.48957454361303865,High,Buyer follow-up call with supplier; evaluate expedite shipping quote.
0.32862479701406894,High,Buyer follow-up call with supplier; evaluate expedite shipping quote.
0.5729152263080638,High,Buyer follow-up call with supplier; evaluate expedite shipping quote.
0.6001940092133867,Critical,Escalate: evaluate alternate sourcing / expedite fees; alert downstream planning to adjust schedule or safety stock.
0.6060364126755468,Critical,Escalate: evaluate alternate sourcing / expedite fees; alert downstream planning to adjust schedule or safety stock.
0.43511233234795194,High,Buyer follow-up call with supplier; evaluate expedite shipping quote.
0.5531998277939264,High,Buyer follow-up call with supplier; evaluate expedite shipping quote.
0.35477956403023325,High,Buyer follow-up call with supplier; evaluate expedite shipping quote.
0.4694387737181992,High,Buyer follow-up call with supplier; evaluate expedite shipping quote.
0.47179067161993116,High,Buyer follow-up call with supplier; evaluate expedite shipping quote.
0.45349030407955515,High,Buyer follow-up call with supplier; evaluate expedite shipping quote.
0.5262565386458398,High,Buyer follow-up call with supplier; evaluate expedite shipping quote.
0.6684325982020327,Critical,Escalate: evaluate alternate sourcing / expedite fees; alert downstream planning to adjust schedule or safety stock.
0.4991472911675644,High,Buyer follow-up call with supplier; evaluate expedite shipping quote.
0.4910282283915872,High,Buyer follow-up call with supplier; evaluate expedite shipping quote.
0.519250244128139,High,Buyer follow-up call with supplier; evaluate expedite shipping quote.
0.522524989425518,High,Buyer follow-up call with supplier; evaluate expedite shipping quote.
0.53009540548122,High,Buyer follow-up call with supplier; evaluate expedite shipping quote.
0.4509132622486667,High,Buyer follow-up call with supplier; evaluate expedite shipping quote.
0.4622541060285806,High,Buyer follow-up call with supplier; evaluate expedite shipping quote.
0.5346286057343144,High,Buyer follow-up call with supplier; evaluate expedite shipping quote.
0.5437102299809752,High,Buyer follow-up call with supplier; evaluate expedite shipping quote.
0.3864687410665353,High,Buyer follow-up call with supplier; evaluate expedite shipping quote.
0.673227595022729,Critical,Escalate: evaluate alternate sourcing / expedite fees; alert downstream planning to adjust schedule or safety stock.
0.6194223571940626,Critical,Escalate: evaluate alternate sourcing / expedite fees; alert downstream planning to adjust schedule or safety stock.
0.5916279792561224,High,Buyer follow-up call with supplier; evaluate expedite shipping quote.
0.6831764674560085,Critical,Escalate: evaluate alternate sourcing / expedite fees; alert downstream planning to adjust schedule or safety stock.
0.507202847672077,High,Buyer follow-up call with supplier; evaluate expedite shipping quote.
0.3652643660123259,High,Buyer follow-up call with supplier; evaluate expedite shipping quote.
0.5283880641510642,High,Buyer follow-up call with supplier; evaluate expedite shipping quote.
0.5153076566473367,High,Buyer follow-up call with supplier; evaluate expedite shipping quote.
0.3820297590744855,High,Buyer follow-up call with supplier; evaluate expedite shipping quote.
0.7361798556295526,Critical,Escalate: evaluate alternate sourcing / expedite fees; alert downstream planning to adjust schedule or safety stock.
0.6657648437475757,Critical,Escalate: evaluate alternate sourcing / expedite fees; alert downstream planning to adjust schedule or safety stock.
0.7170544730062565,Critical,Escalate: evaluate alternate sourcing / expedite fees; alert downstream planning to adjust schedule or safety stock.
0.49547809991561964,High,Buyer follow-up call with supplier; evaluate expedite shipping quote.
0.3511950661004117,High,Buyer follow-up call with supplier; evaluate expedite shipping quote.
0.3166907527055585,High,Buyer follow-up call with supplier; evaluate expedite shipping quote.
0.6004410891554073,Critical,Escalate: evaluate alternate sourcing / expedite fees; alert downstream planning to adjust schedule or safety stock.
0.5117862410767731,High,Buyer follow-up call with supplier; evaluate expedite shipping quote.
0.606255363215157,Critical,Escalate: evaluate alternate sourcing / expedite fees; alert downstream planning to adjust schedule or safety stock.
0.5089491259723328,High,Buyer follow-up call with supplier; evaluate expedite shipping quote.
0.5836033192782958,High,Buyer follow-up call with supplier; evaluate expedite shipping quote.
0.4202317732710206,High,Buyer follow-up call with supplier; evaluate expedite shipping quote.
0.6655299578366208,Critical,Escalate: evaluate alternate sourcing / expedite fees; alert downstream planning to adjust schedule or safety stock.
0.46673602706692613,High,Buyer follow-up call with supplier; evaluate expedite shipping quote.
0.4681797272399983,High,Buyer follow-up call with supplier; evaluate expedite shipping quote.
0.5423881983657804,High,Buyer follow-up call with supplier; evaluate expedite shipping quote.
0.7021212731720475,Critical,Escalate: evaluate alternate sourcing / expedite fees; alert downstream planning to adjust schedule or safety stock.
0.5324329588018394,High,Buyer follow-up call with supplier; evaluate expedite shipping quote.
0.628578904106314,Critical,Escalate: evaluate alternate sourcing / expedite fees; alert downstream planning to adjust schedule or safety stock.
0.4492782143147543,High,Buyer follow-up call with supplier; evaluate expedite shipping quote.
0.4827632940577787,High,Buyer follow-up call with supplier; evaluate expedite shipping quote.
0.5917388237052132,High,Buyer follow-up call with supplier; evaluate expedite shipping quote.
0.33695185928763066,High,Buyer follow-up call with supplier; evaluate expedite shipping quote.
0.7337569481606836,Critical,Escalate: evaluate alternate sourcing / expedite fees; alert downstream planning to adjust schedule or safety stock.
0.6623135245004093,Critical,Escalate: evaluate alternate sourcing / expedite fees; alert downstream planning to adjust schedule or safety stock.
0.6640970608858994,Critical,Escalate: evaluate alternate sourcing / expedite fees; alert downstream planning to adjust schedule or safety stock.
0.5201805179011939,High,Buyer follow-up call with supplier; evaluate expedite shipping quote.
0.5396857391448565,High,Buyer follow-up call with supplier; evaluate expedite shipping quote.
0.6264532153889237,Critical,Escalate: evaluate alternate sourcing / expedite fees; alert downstream planning to adjust schedule or safety stock.
0.5755463061408568,High,Buyer follow-up call with supplier; evaluate expedite shipping quote.
0.45218350688953257,High,Buyer follow-up call with supplier; evaluate expedite shipping quote.
0.3613695746709898,High,Buyer follow-up call with supplier; evaluate expedite shipping quote.
0.500725515854306,High,Buyer follow-up call with supplier; evaluate expedite shipping quote.
0.46157272911671987,High,Buyer follow-up call with supplier; evaluate expedite shipping quote.
0.7067546050838552,Critical,Escalate: evaluate alternate sourcing / expedite fees; alert downstream planning to adjust schedule or safety stock.
0.558775607457508,High,Buyer follow-up call with supplier; evaluate expedite shipping quote.
0.5630388854081461,High,Buyer follow-up call with supplier; evaluate expedite shipping quote.
0.341771410976039,High,Buyer follow-up call with supplier; evaluate expedite shipping quote.
0.4966982428739625,High,Buyer follow-up call with supplier; evaluate expedite shipping quote.
0.4678344788604519,High,Buyer follow-up call with supplier; evaluate expedite shipping quote.
0.47036159264224886,High,Buyer follow-up call with supplier; evaluate expedite shipping quote.
0.6657157821778038,Critical,Escalate: evaluate alternate sourcing / expedite fees; alert downstream planning to adjust schedule or safety stock.
0.6039322650504348,Critical,Escalate: evaluate alternate sourcing / expedite fees; alert downstream planning to adjust schedule or safety stock.
0.4636204902803819,High,Buyer follow-up call with supplier; evaluate expedite shipping quote.
0.5143796409956565,High,Buyer follow-up call with supplier; evaluate expedite shipping quote.
0.5562747485876884,High,Buyer follow-up call with supplier; evaluate expedite shipping quote.
0.6195086323702554,Critical,Escalate: evaluate alternate sourcing / expedite fees; alert downstream planning to adjust schedule or safety stock.
0.5155826633901063,High,Buyer follow-up call with supplier; evaluate expedite shipping quote.
0.3290561125052342,High,Buyer follow-up call with supplier; evaluate expedite shipping quote.
0.48864259231379853,High,Buyer follow-up call with supplier; evaluate expedite shipping quote.
0.38186926462275234,High,Buyer follow-up call with supplier; evaluate expedite shipping quote.
0.6009890444634852,Critical,Escalate: evaluate alternate sourcing / expedite fees; alert downstream planning to adjust schedule or safety stock.
0.5113970062879583,High,Buyer follow-up call with supplier; evaluate expedite shipping quote.
0.502025959688264,High,Buyer follow-up call with supplier; evaluate expedite shipping quote.
0.5002129697335896,High,Buyer follow-up call with supplier; evaluate expedite shipping quote.
0.5968913961085143,High,Buyer follow-up call with supplier; evaluate expedite shipping quote.
0.7235984423442519,Critical,Escalate: evaluate alternate sourcing / expedite fees; alert downstream planning to adjust schedule or safety stock.
0.36058176254523105,High,Buyer follow-up call with supplier; evaluate expedite shipping quote.
0.39417618184322484,High,Buyer follow-up call with supplier; evaluate expedite shipping quote.
0.327461661970127,High,Buyer follow-up call with supplier; evaluate expedite shipping quote.
0.4950405999421981,High,Buyer follow-up call with supplier; evaluate expedite shipping quote.
0.6203653662877788,Critical,Escalate: evaluate alternate sourcing / expedite fees; alert downstream planning to adjust schedule or safety stock.
0.39377342215902816,High,Buyer follow-up call with supplier; evaluate expedite shipping quote.
0.6195563567167183,Critical,Escalate: evaluate alternate sourcing / expedite fees; alert downstream planning to adjust schedule or safety stock.
0.5448267600369114,High,Buyer follow-up call with supplier; evaluate expedite shipping quote.
0.5261204007299028,High,Buyer follow-up call with supplier; evaluate expedite shipping quote.
0.6338155976136368,Critical,Escalate: evaluate alternate sourcing / expedite fees; alert downstream planning to adjust schedule or safety stock.
0.47466218618909467,High,Buyer follow-up call with supplier; evaluate expedite shipping quote.
0.5189747341813433,High,Buyer follow-up call with supplier; evaluate expedite shipping quote.
0.49508986808820127,High,Buyer follow-up call with supplier; evaluate expedite shipping quote.
0.5177825566969072,High,Buyer follow-up call with supplier; evaluate expedite shipping quote.
0.5066890096338773,High,Buyer follow-up call with supplier; evaluate expedite shipping quote.
0.7512623903712806,Critical,Escalate: evaluate alternate sourcing / expedite fees; alert downstream planning to adjust schedule or safety stock.
0.4650564398290459,High,Buyer follow-up call with supplier; evaluate expedite shipping quote.
0.48151006694279447,High,Buyer follow-up call with supplier; evaluate expedite shipping quote.
0.7235984423442519,Critical,Escalate: evaluate alternate sourcing / expedite fees; alert downstream planning to adjust schedule or safety stock.
0.3886509684107958,High,Buyer follow-up call with supplier; evaluate expedite shipping quote.
0.5322588224407706,High,Buyer follow-up call with supplier; evaluate expedite shipping quote.
0.46106409326270326,High,Buyer follow-up call with supplier; evaluate expedite shipping quote.
0.5962953455863517,High,Buyer follow-up call with supplier; evaluate expedite shipping quote.
0.49672328138387506,High,Buyer follow-up call with supplier; evaluate expedite shipping quote.
0.66157891972333,Critical,Escalate: evaluate alternate sourcing / expedite fees; alert downstream planning to adjust schedule or safety stock.
0.6231934215510876,Critical,Escalate: evaluate alternate sourcing / expedite fees; alert downstream planning to adjust schedule or safety stock.
0.5008444916546798,High,Buyer follow-up call with supplier; evaluate expedite shipping quote.
0.6170719294181828,Critical,Escalate: evaluate alternate sourcing / expedite fees; alert downstream planning to adjust schedule or safety stock.
0.5092305463133134,High,Buyer follow-up call with supplier; evaluate expedite shipping quote.
0.32004127283184947,High,Buyer follow-up call with supplier; evaluate expedite shipping quote.
0.5420420095693621,High,Buyer follow-up call with supplier; evaluate expedite shipping quote.
0.5174151033321691,High,Buyer follow-up call with supplier; evaluate expedite shipping quote.
0.4951317231730124,High,Buyer follow-up call with supplier; evaluate expedite shipping quote.
0.6049642980172579,Critical,Escalate: evaluate alternate sourcing / expedite fees; alert downstream planning to adjust schedule or safety stock.
0.5229845584201492,High,Buyer follow-up call with supplier; evaluate expedite shipping quote.
0.5253765006881275,High,Buyer follow-up call with supplier; evaluate expedite shipping quote.
0.5081744329549107,High,Buyer follow-up call with supplier; evaluate expedite shipping quote.
0.4206432793634965,High,Buyer follow-up call with supplier; evaluate expedite shipping quote.
0.47865087389005406,High,Buyer follow-up call with supplier; evaluate expedite shipping quote.
0.5254354597279985,High,Buyer follow-up call with supplier; evaluate expedite shipping quote.
0.5373304670491046,High,Buyer follow-up call with supplier; evaluate expedite shipping quote.
0.4848339876596034,High,Buyer follow-up call with supplier; evaluate expedite shipping quote.
0.4286705483070764,High,Buyer follow-up call with supplier; evaluate expedite shipping quote.
0.6190087447588825,Critical,Escalate: evaluate alternate sourcing / expedite fees; alert downstream planning to adjust schedule or safety stock.
0.707506076432892,Critical,Escalate: evaluate alternate sourcing / expedite fees; alert downstream planning to adjust schedule or safety stock.
0.5812283800951904,High,Buyer follow-up call with supplier; evaluate expedite shipping quote.
0.5748792551227627,High,Buyer follow-up call with supplier; evaluate expedite shipping quote.
0.5077342045424775,High,Buyer follow-up call with supplier; evaluate expedite shipping quote.
0.5824989870039513,High,Buyer follow-up call with supplier; evaluate expedite shipping quote.
0.563550237613423,High,Buyer follow-up call with supplier; evaluate expedite shipping quote.
0.5536886970348843,High,Buyer follow-up call with supplier; evaluate expedite shipping quote.
0.4913082164230635,High,Buyer follow-up call with supplier; evaluate expedite shipping quote.
0.48021516418891713,High,Buyer follow-up call with supplier; evaluate expedite shipping quote.
0.4852055095612442,High,Buyer follow-up call with supplier; evaluate expedite shipping quote.
0.4936413759556522,High,Buyer follow-up call with supplier; evaluate expedite shipping quote.
0.5265014045207421,High,Buyer follow-up call with supplier; evaluate expedite shipping quote.
0.4997614756199069,High,Buyer follow-up call with supplier; evaluate expedite shipping quote.
0.5087462697106105,High,Buyer follow-up call with supplier; evaluate expedite shipping quote.
0.5220717485785014,High,Buyer follow-up call with supplier; evaluate expedite shipping quote.
0.3645483428096173,High,Buyer follow-up call with supplier; evaluate expedite shipping quote.
0.45684583155705405,High,Buyer follow-up call with supplier; evaluate expedite shipping quote.
0.48689614556748306,High,Buyer follow-up call with supplier; evaluate expedite shipping quote.
0.683284812329281,Critical,Escalate: evaluate alternate sourcing / expedite fees; alert downstream planning to adjust schedule or safety stock.
0.367296533093356,High,Buyer follow-up call with supplier; evaluate expedite shipping quote.
0.49107915019353393,High,Buyer follow-up call with supplier; evaluate expedite shipping quote.
0.4961142779049289,High,Buyer follow-up call with supplier; evaluate expedite shipping quote.
0.47697643609366025,High,Buyer follow-up call with supplier; evaluate expedite shipping quote.
0.3296895598986262,High,Buyer follow-up call with supplier; evaluate expedite shipping quote.
0.7171234574214111,Critical,Escalate: evaluate alternate sourcing / expedite fees; alert downstream planning to adjust schedule or safety stock.
0.3510444534835811,High,Buyer follow-up call with supplier; evaluate expedite shipping quote.
0.307761760142705,High,Buyer follow-up call with supplier; evaluate expedite shipping quote.
0.4457217037447653,High,Buyer follow-up call with supplier; evaluate expedite shipping quote.
0.5429568308379329,High,Buyer follow-up call with supplier; evaluate expedite shipping quote.
0.5026671339163746,High,Buyer follow-up call with supplier; evaluate expedite shipping quote.
0.5556165449574958,High,Buyer follow-up call with supplier; evaluate expedite shipping quote.
0.4519794390848247,High,Buyer follow-up call with supplier; evaluate expedite shipping quote.
0.5438453688296199,High,Buyer follow-up call with supplier; evaluate expedite shipping quote.
0.3385653180564097,High,Buyer follow-up call with supplier; evaluate expedite shipping quote.
0.6705583913785947,Critical,Escalate: evaluate alternate sourcing / expedite fees; alert downstream planning to adjust schedule or safety stock.
0.5496737568904192,High,Buyer follow-up call with supplier; evaluate expedite shipping quote.
0.48547962802405825,High,Buyer follow-up call with supplier; evaluate expedite shipping quote.
0.5139976356661297,High,Buyer follow-up call with supplier; evaluate expedite shipping quote.
0.40452194096370697,High,Buyer follow-up call with supplier; evaluate expedite shipping quote.
0.49550007235976623,High,Buyer follow-up call with supplier; evaluate expedite shipping quote.
0.49387174391068617,High,Buyer follow-up call with supplier; evaluate expedite shipping quote.
0.7217570977728132,Critical,Escalate: evaluate alternate sourcing / expedite fees; alert downstream planning to adjust schedule or safety stock.
0.5096355245540344,High,Buyer follow-up call with supplier; evaluate expedite shipping quote.
0.5109434226375158,High,Buyer follow-up call with supplier; evaluate expedite shipping quote.
0.3333447394750453,High,Buyer follow-up call with supplier; evaluate expedite shipping quote.
0.5149963217928749,High,Buyer follow-up call with supplier; evaluate expedite shipping quote.
0.4718611089157445,High,Buyer follow-up call with supplier; evaluate expedite shipping quote.
0.6344015224921025,Critical,Escalate: evaluate alternate sourcing / expedite fees; alert downstream planning to adjust schedule or safety stock.
0.5279793577339109,High,Buyer follow-up call with supplier; evaluate expedite shipping quote.
0.3390573507301,High,Buyer follow-up call with supplier; evaluate expedite shipping quote.
0.512630355510843,High,Buyer follow-up call with supplier; evaluate expedite shipping quote.
0.6291436621437952,Critical,Escalate: evaluate alternate sourcing / expedite fees; alert downstream planning to adjust schedule or safety stock.
0.6409787641225352,Critical,Escalate: evaluate alternate sourcing / expedite fees; alert downstream planning to adjust schedule or safety stock.
0.46000356408565213,High,Buyer follow-up call with supplier; evaluate expedite shipping quote.
0.4603889986672997,High,Buyer follow-up call with supplier; evaluate expedite shipping quote.
0.32920504242523624,High,Buyer follow-up call with supplier; evaluate expedite shipping quote.
0.373092955695334,High,Buyer follow-up call with supplier; evaluate expedite shipping quote.
0.5255771154068255,High,Buyer follow-up call with supplier; evaluate expedite shipping quote.
0.4487019492359317,High,Buyer follow-up call with supplier; evaluate expedite shipping quote.
0.3322735085568194,High,Buyer follow-up call with supplier; evaluate expedite shipping quote.
0.5218236534316285,High,Buyer follow-up call with supplier; evaluate expedite shipping quote.
0.7007830237468792,Critical,Escalate: evaluate alternate sourcing / expedite fees; alert downstream planning to adjust schedule or safety stock.
0.4894901794974663,High,Buyer follow-up call with supplier; evaluate expedite shipping quote.
0.3262809166322669,High,Buyer follow-up call with supplier; evaluate expedite shipping quote.
0.3456988148997908,High,Buyer follow-up call with supplier; evaluate expedite shipping quote.
0.5306084072689141,High,Buyer follow-up call with supplier; evaluate expedite shipping quote.
0.5712534008624595,High,Buyer follow-up call with supplier; evaluate expedite shipping quote.
0.33233590852062883,High,Buyer follow-up call with supplier; evaluate expedite shipping quote.
0.5131839355331832,High,Buyer follow-up call with supplier; evaluate expedite shipping quote.
0.4888893232777186,High,Buyer follow-up call with supplier; evaluate expedite shipping quote.
0.5154118789928752,High,Buyer follow-up call with supplier; evaluate expedite shipping quote.
0.3621996846345309,High,Buyer follow-up call with supplier; evaluate expedite shipping quote.
0.3405599306488065,High,Buyer follow-up call with supplier; evaluate expedite shipping quote.
0.4705758517652411,High,Buyer follow-up call with supplier; evaluate expedite shipping quote.
0.6972386131489678,Critical,Escalate: evaluate alternate sourcing / expedite fees; alert downstream planning to adjust schedule or safety stock.
0.5129766175501151,High,Buyer follow-up call with supplier; evaluate expedite shipping quote.
0.6017903006222856,Critical,Escalate: evaluate alternate sourcing / expedite fees; alert downstream planning to adjust schedule or safety stock.
0.4782409059845557,High,Buyer follow-up call with supplier; evaluate expedite shipping quote.
0.533169418049526,High,Buyer follow-up call with supplier; evaluate expedite shipping quote.
0.47743945129693904,High,Buyer follow-up call with supplier; evaluate expedite shipping quote.
0.5714764998420137,High,Buyer follow-up call with supplier; evaluate expedite shipping quote.
0.5043209002717844,High,Buyer follow-up call with supplier; evaluate expedite shipping quote.
0.47438474194674246,High,Buyer follow-up call with supplier; evaluate expedite shipping quote.
0.33711223595241074,High,Buyer follow-up call with supplier; evaluate expedite shipping quote.
0.5862963692977339,High,Buyer follow-up call with supplier; evaluate expedite shipping quote.
0.6017557191590058,Critical,Escalate: evaluate alternate sourcing / expedite fees; alert downstream planning to adjust schedule or safety stock.
0.5504159485368972,High,Buyer follow-up call with supplier; evaluate expedite shipping quote.
0.52789921592977,High,Buyer follow-up call with supplier; evaluate expedite shipping quote.
0.38268025063784344,High,Buyer follow-up call with supplier; evaluate expedite shipping quote.
0.48867276020206063,High,Buyer follow-up call with supplier; evaluate expedite shipping quote.
0.6513122419484639,Critical,Escalate: evaluate alternate sourcing / expedite fees; alert downstream planning to adjust schedule or safety stock.
0.5524068224424364,High,Buyer follow-up call with supplier; evaluate expedite shipping quote.
0.3333822625269467,High,Buyer follow-up call with supplier; evaluate expedite shipping quote.
0.4933948372695575,High,Buyer follow-up call with supplier; evaluate expedite shipping quote.
0.4802157090632222,High,Buyer follow-up call with supplier; evaluate expedite shipping quote.
0.34636393801180543,High,Buyer follow-up call with supplier; evaluate expedite shipping quote.
0.6358804385342297,Critical,Escalate: evaluate alternate sourcing / expedite fees; alert downstream planning to adjust schedule or safety stock.
0.706738045079947,Critical,Escalate: evaluate alternate sourcing / expedite fees; alert downstream planning to adjust schedule or safety stock.
0.5052204324298156,High,Buyer follow-up call with supplier; evaluate expedite shipping quote.
0.5644715997495213,High,Buyer follow-up call with supplier; evaluate expedite shipping quote.
0.4279514491121421,High,Buyer follow-up call with supplier; evaluate expedite shipping quote.
0.4746907886312126,High,Buyer follow-up call with supplier; evaluate expedite shipping quote.
0.5801370971767313,High,Buyer follow-up call with supplier; evaluate expedite shipping quote.
0.38206841860279916,High,Buyer follow-up call with supplier; evaluate expedite shipping quote.
0.30318885424637454,High,Buyer follow-up call with supplier; evaluate expedite shipping quote.
0.524336531383056,High,Buyer follow-up call with supplier; evaluate expedite shipping quote.
0.45082988534121915,High,Buyer follow-up call with supplier; evaluate expedite shipping quote.
0.5122489508589461,High,Buyer follow-up call with supplier; evaluate expedite shipping quote.
0.3554467155239203,High,Buyer follow-up call with supplier; evaluate expedite shipping quote.
0.5743641421728217,High,Buyer follow-up call with supplier; evaluate expedite shipping quote.
0.43505206152086323,High,Buyer follow-up call with supplier; evaluate expedite shipping quote.
0.3337845530542694,High,Buyer follow-up call with supplier; evaluate expedite shipping quote.
0.4412978538289849,High,Buyer follow-up call with supplier; evaluate expedite shipping quote.
0.504959756959963,High,Buyer follow-up call with supplier; evaluate expedite shipping quote.
0.5857264707946684,High,Buyer follow-up call with supplier; evaluate expedite shipping quote.
0.4087182622345203,High,Buyer follow-up call with supplier; evaluate expedite shipping quote.
0.5202227147156033,High,Buyer follow-up call with supplier; evaluate expedite shipping quote.
0.29181057678278316,Medium,Automated supplier check-in email.
0.3409355002215388,High,Buyer follow-up call with supplier; evaluate expedite shipping quote.
0.29551591302576863,Medium,Automated supplier check-in email.
0.40081743898286654,High,Buyer follow-up call with supplier; evaluate expedite shipping quote.
0.3914299020889544,High,Buyer follow-up call with supplier; evaluate expedite shipping quote.
0.4304950728718134,High,Buyer follow-up call with supplier; evaluate expedite shipping quote.
0.3506970391591772,High,Buyer follow-up call with supplier; evaluate expedite shipping quote.
0.433640448672612,High,Buyer follow-up call with supplier; evaluate expedite shipping quote.
0.4380224543261483,High,Buyer follow-up call with supplier; evaluate expedite shipping quote.
0.42784991395228744,High,Buyer follow-up call with supplier; evaluate expedite shipping quote.
0.3340309793280304,High,Buyer follow-up call with supplier; evaluate expedite shipping quote.
0.3989766763053547,High,Buyer follow-up call with supplier; evaluate expedite shipping quote.
0.3003145312133503,High,Buyer follow-up call with supplier; evaluate expedite shipping quote.
0.4521361042102813,High,Buyer follow-up call with supplier; evaluate expedite shipping quote.
0.29469786394080344,Medium,Automated supplier check-in email.
0.29825553664708015,Medium,Automated supplier check-in email.
0.7126040767719228,Critical,Escalate: evaluate alternate sourcing / expedite fees; alert downstream planning to adjust schedule or safety stock.
0.5303766155327367,High,Buyer follow-up call with supplier; evaluate expedite shipping quote.
0.2919385340696494,Medium,Automated supplier check-in email.
0.5565053995252757,High,Buyer follow-up call with supplier; evaluate expedite shipping quote.
0.42994319682760085,High,Buyer follow-up call with supplier; evaluate expedite shipping quote.
0.3775744091278084,High,Buyer follow-up call with supplier; evaluate expedite shipping quote.
0.7849735221418994,Critical,Escalate: evaluate alternate sourcing / expedite fees; alert downstream planning to adjust schedule or safety stock.
0.6154156445317772,Critical,Escalate: evaluate alternate sourcing / expedite fees; alert downstream planning to adjust schedule or safety stock.
0.5155890746818474,High,Buyer follow-up call with supplier; evaluate expedite shipping quote.
0.44185246684302903,High,Buyer follow-up call with supplier; evaluate expedite shipping quote.
0.3912207696995614,High,Buyer follow-up call with supplier; evaluate expedite shipping quote.
0.4765581626786653,High,Buyer follow-up call with supplier; evaluate expedite shipping quote.
0.55309430035231,High,Buyer follow-up call with supplier; evaluate expedite shipping quote.
0.4341094504070615,High,Buyer follow-up call with supplier; evaluate expedite shipping quote.
0.5865417048917658,High,Buyer follow-up call with supplier; evaluate expedite shipping quote.
0.45285626860228717,High,Buyer follow-up call with supplier; evaluate expedite shipping quote.
0.5599231423509007,High,Buyer follow-up call with supplier; evaluate expedite shipping quote.
0.5091878681336116,High,Buyer follow-up call with supplier; evaluate expedite shipping quote.
0.7256678397927273,Critical,Escalate: evaluate alternate sourcing / expedite fees; alert downstream planning to adjust schedule or safety stock.
0.5355045775187907,High,Buyer follow-up call with supplier; evaluate expedite shipping quote.
0.2962019209084255,Medium,Automated supplier check-in email.
0.6290969824519476,Critical,Escalate: evaluate alternate sourcing / expedite fees; alert downstream planning to adjust schedule or safety stock.
0.27928604224244385,Medium,Automated supplier check-in email.
0.43995066815526634,High,Buyer follow-up call with supplier; evaluate expedite shipping quote.
0.4361161626419512,High,Buyer follow-up call with supplier; evaluate expedite shipping quote.
0.34317933119383287,High,Buyer follow-up call with supplier; evaluate expedite shipping quote.
0.6798443576882536,Critical,Escalate: evaluate alternate sourcing / expedite fees; alert downstream planning to adjust schedule or safety stock.
0.49436695894981975,High,Buyer follow-up call with supplier; evaluate expedite shipping quote.
0.513804576586857,High,Buyer follow-up call with supplier; evaluate expedite shipping quote.
0.32120143433183607,High,Buyer follow-up call with supplier; evaluate expedite shipping quote.
0.6680897653728789,Critical,Escalate: evaluate alternate sourcing / expedite fees; alert downstream planning to adjust schedule or safety stock.
0.5571631454668183,High,Buyer follow-up call with supplier; evaluate expedite shipping quote.
0.5139053493238925,High,Buyer follow-up call with supplier; evaluate expedite shipping quote.
0.3877612965416785,High,Buyer follow-up call with supplier; evaluate expedite shipping quote.
0.4805766017562025,High,Buyer follow-up call with supplier; evaluate expedite shipping quote.
0.4311451582917843,High,Buyer follow-up call with supplier; evaluate expedite shipping quote.
0.5563465538568144,High,Buyer follow-up call with supplier; evaluate expedite shipping quote.
0.5506899786919486,High,Buyer follow-up call with supplier; evaluate expedite shipping quote.
0.4071200649832923,High,Buyer follow-up call with supplier; evaluate expedite shipping quote.
0.4426176095455032,High,Buyer follow-up call with supplier; evaluate expedite shipping quote.
0.4420182759124938,High,Buyer follow-up call with supplier; evaluate expedite shipping quote.
0.4428502743256779,High,Buyer follow-up call with supplier; evaluate expedite shipping quote.
0.38336064253411445,High,Buyer follow-up call with supplier; evaluate expedite shipping quote.
0.3775122839454161,High,Buyer follow-up call with supplier; evaluate expedite shipping quote.
0.41063432472030087,High,Buyer follow-up call with supplier; evaluate expedite shipping quote.
0.5132746445584453,High,Buyer follow-up call with supplier; evaluate expedite shipping quote.
0.5444907862244523,High,Buyer follow-up call with supplier; evaluate expedite shipping quote.
0.29730002368102,Medium,Automated supplier check-in email.
0.5354735173908298,High,Buyer follow-up call with supplier; evaluate expedite shipping quote.
0.37919451439214563,High,Buyer follow-up call with supplier; evaluate expedite shipping quote.
0.2967514405973402,Medium,Automated supplier check-in email.
0.2976780530827064,Medium,Automated supplier check-in email.
0.5045524011895581,High,Buyer follow-up call with supplier; evaluate expedite shipping quote.
0.30019702889517713,High,Buyer follow-up call with supplier; evaluate expedite shipping quote.
0.46194202551101876,High,Buyer follow-up call with supplier; evaluate expedite shipping quote.
0.5984878537482115,High,Buyer follow-up call with supplier; evaluate expedite shipping quote.
0.45235056434319837,High,Buyer follow-up call with supplier; evaluate expedite shipping quote.
0.27287958758204534,Medium,Automated supplier check-in email.
0.4348476052098006,High,Buyer follow-up call with supplier; evaluate expedite shipping quote.
0.3752507094472683,High,Buyer follow-up call with supplier; evaluate expedite shipping quote.
0.6623815474631979,Critical,Escalate: evaluate alternate sourcing / expedite fees; alert downstream planning to adjust schedule or safety stock.
0.3095366393918942,High,Buyer follow-up call with supplier; evaluate expedite shipping quote.
0.3002536914764622,High,Buyer follow-up call with supplier; evaluate expedite shipping quote.
0.4398045354796127,High,Buyer follow-up call with supplier; evaluate expedite shipping quote.
0.2985252401660098,Medium,Automated supplier check-in email.
0.4682188539501837,High,Buyer follow-up call with supplier; evaluate expedite shipping quote.
0.5759442450352399,High,Buyer follow-up call with supplier; evaluate expedite shipping quote.
0.36759250187398107,High,Buyer follow-up call with supplier; evaluate expedite shipping quote.
0.46143274053953315,High,Buyer follow-up call with supplier; evaluate expedite shipping quote.
0.5083547506776778,High,Buyer follow-up call with supplier; evaluate expedite shipping quote.
0.6176834410275098,Critical,Escalate: evaluate alternate sourcing / expedite fees; alert downstream planning to adjust schedule or safety stock.
0.4963556047797654,High,Buyer follow-up call with supplier; evaluate expedite shipping quote.
0.3864269240058529,High,Buyer follow-up call with supplier; evaluate expedite shipping quote.
0.45353070859345107,High,Buyer follow-up call with supplier; evaluate expedite shipping quote.
0.4008027426165082,High,Buyer follow-up call with supplier; evaluate expedite shipping quote.
0.45928349175656075,High,Buyer follow-up call with supplier; evaluate expedite shipping quote.
0.3816483169811815,High,Buyer follow-up call with supplier; evaluate expedite shipping quote.
0.2600333192523526,Medium,Automated supplier check-in email.
0.37518984047863124,High,Buyer follow-up call with supplier; evaluate expedite shipping quote.
0.6475547330440672,Critical,Escalate: evaluate alternate sourcing / expedite fees; alert downstream planning to adjust schedule or safety stock.
0.41406254113205027,High,Buyer follow-up call with supplier; evaluate expedite shipping quote.
0.3957881901741161,High,Buyer follow-up call with supplier; evaluate expedite shipping quote.
0.48970509519426625,High,Buyer follow-up call with supplier; evaluate expedite shipping quote.
0.4944514300158076,High,Buyer follow-up call with supplier; evaluate expedite shipping quote.
0.5394062443143335,High,Buyer follow-up call with supplier; evaluate expedite shipping quote.
0.40744614913194005,High,Buyer follow-up call with supplier; evaluate expedite shipping quote.
0.5960287177394998,High,Buyer follow-up call with supplier; evaluate expedite shipping quote.
0.4316676041995339,High,Buyer follow-up call with supplier; evaluate expedite shipping quote.
0.5536065595876094,High,Buyer follow-up call with supplier; evaluate expedite shipping quote.
0.5925180678391346,High,Buyer follow-up call with supplier; evaluate expedite shipping quote.
0.614558456010563,Critical,Escalate: evaluate alternate sourcing / expedite fees; alert downstream planning to adjust schedule or safety stock.
0.4137984147858909,High,Buyer follow-up call with supplier; evaluate expedite shipping quote.
0.30604024544148,High,Buyer follow-up call with supplier; evaluate expedite shipping quote.
0.41196984390665586,High,Buyer follow-up call with supplier; evaluate expedite shipping quote.
0.37083373824721433,High,Buyer follow-up call with supplier; evaluate expedite shipping quote.
0.5860303634975736,High,Buyer follow-up call with supplier; evaluate expedite shipping quote.
0.536010380500001,High,Buyer follow-up call with supplier; evaluate expedite shipping quote.
0.3228204431711767,High,Buyer follow-up call with supplier; evaluate expedite shipping quote.
0.4672681535281481,High,Buyer follow-up call with supplier; evaluate expedite shipping quote.
0.5765298597356184,High,Buyer follow-up call with supplier; evaluate expedite shipping quote.
0.5154279789503341,High,Buyer follow-up call with supplier; evaluate expedite shipping quote.
0.2958898547538387,Medium,Automated supplier check-in email.
0.4757796160135398,High,Buyer follow-up call with supplier; evaluate expedite shipping quote.
0.536108225227821,High,Buyer follow-up call with supplier; evaluate expedite shipping quote.
0.2932342494943567,Medium,Automated supplier check-in email.
0.4714528083338075,High,Buyer follow-up call with supplier; evaluate expedite shipping quote.
0.4166861524398191,High,Buyer follow-up call with supplier; evaluate expedite shipping quote.
0.3817003531184329,High,Buyer follow-up call with supplier; evaluate expedite shipping quote.
0.4276166950827185,High,Buyer follow-up call with supplier; evaluate expedite shipping quote.
0.45590029068126636,High,Buyer follow-up call with supplier; evaluate expedite shipping quote.
0.4587727755791404,High,Buyer follow-up call with supplier; evaluate expedite shipping quote.
0.4151299723221402,High,Buyer follow-up call with supplier; evaluate expedite shipping quote.
0.5561024033819397,High,Buyer follow-up call with supplier; evaluate expedite shipping quote.
0.29618239061286705,Medium,Automated supplier check-in email.
0.4579816894524395,High,Buyer follow-up call with supplier; evaluate expedite shipping quote.
0.6209484501854188,Critical,Escalate: evaluate alternate sourcing / expedite fees; alert downstream planning to adjust schedule or safety stock.
0.6549242864066831,Critical,Escalate: evaluate alternate sourcing / expedite fees; alert downstream planning to adjust schedule or safety stock.
0.3063441131159624,High,Buyer follow-up call with supplier; evaluate expedite shipping quote.
0.3355055026225788,High,Buyer follow-up call with supplier; evaluate expedite shipping quote.
0.6013226098653822,Critical,Escalate: evaluate alternate sourcing / expedite fees; alert downstream planning to adjust schedule or safety stock.
0.28739436135976687,Medium,Automated supplier check-in email.
0.6956946294932473,Critical,Escalate: evaluate alternate sourcing / expedite fees; alert downstream planning to adjust schedule or safety stock.
0.5789817160252158,High,Buyer follow-up call with supplier; evaluate expedite shipping quote.
0.548805794349919,High,Buyer follow-up call with supplier; evaluate expedite shipping quote.
0.4192018585032026,High,Buyer follow-up call with supplier; evaluate expedite shipping quote.
0.45292401352994643,High,Buyer follow-up call with supplier; evaluate expedite shipping quote.
0.42455967808216777,High,Buyer follow-up call with supplier; evaluate expedite shipping quote.
0.46607726356205587,High,Buyer follow-up call with supplier; evaluate expedite shipping quote.
0.30509606867916067,High,Buyer follow-up call with supplier; evaluate expedite shipping quote.
0.3020341237920916,High,Buyer follow-up call with supplier; evaluate expedite shipping quote.
0.3799411006842021,High,Buyer follow-up call with supplier; evaluate expedite shipping quote.
0.3539391474417111,High,Buyer follow-up call with supplier; evaluate expedite shipping quote.
0.6795304642025581,Critical,Escalate: evaluate alternate sourcing / expedite fees; alert downstream planning to adjust schedule or safety stock.
0.5704363924885829,High,Buyer follow-up call with supplier; evaluate expedite shipping quote.
0.6284247360321117,Critical,Escalate: evaluate alternate sourcing / expedite fees; alert downstream planning to adjust schedule or safety stock.
0.41988860045381815,High,Buyer follow-up call with supplier; evaluate expedite shipping quote.
0.3788647799371443,High,Buyer follow-up call with supplier; evaluate expedite shipping quote.
0.32471604626312234,High,Buyer follow-up call with supplier; evaluate expedite shipping quote.
0.6160901351114505,Critical,Escalate: evaluate alternate sourcing / expedite fees; alert downstream planning to adjust schedule or safety stock.
0.4980251759674057,High,Buyer follow-up call with supplier; evaluate expedite shipping quote.
0.6748473851253103,Critical,Escalate: evaluate alternate sourcing / expedite fees; alert downstream planning to adjust schedule or safety stock.
0.41063584157717853,High,Buyer follow-up call with supplier; evaluate expedite shipping quote.
0.3068107963962781,High,Buyer follow-up call with supplier; evaluate expedite shipping quote.
0.6841440728880107,Critical,Escalate: evaluate alternate sourcing / expedite fees; alert downstream planning to adjust schedule or safety stock.
0.5436160653158029,High,Buyer follow-up call with supplier; evaluate expedite shipping quote.
0.351842255227436,High,Buyer follow-up call with supplier; evaluate expedite shipping quote.
0.6004173460245691,Critical,Escalate: evaluate alternate sourcing / expedite fees; alert downstream planning to adjust schedule or safety stock.
0.6783571754504611,Critical,Escalate: evaluate alternate sourcing / expedite fees; alert downstream planning to adjust schedule or safety stock.
0.41256519149476995,High,Buyer follow-up call with supplier; evaluate expedite shipping quote.
0.46282389825444986,High,Buyer follow-up call with supplier; evaluate expedite shipping quote.
0.27287078002709797,Medium,Automated supplier check-in email.
0.7268261913067882,Critical,Escalate: evaluate alternate sourcing / expedite fees; alert downstream planning to adjust schedule or safety stock.
0.44587275142169325,High,Buyer follow-up call with supplier; evaluate expedite shipping quote.
0.31016827775834876,High,Buyer follow-up call with supplier; evaluate expedite shipping quote.
0.4866591598128846,High,Buyer follow-up call with supplier; evaluate expedite shipping quote.
0.31369837029258185,High,Buyer follow-up call with supplier; evaluate expedite shipping quote.
0.5392533960114986,High,Buyer follow-up call with supplier; evaluate expedite shipping quote.
0.5326603547754194,High,Buyer follow-up call with supplier; evaluate expedite shipping quote.
0.41046210574051295,High,Buyer follow-up call with supplier; evaluate expedite shipping quote.
0.4903432928983221,High,Buyer follow-up call with supplier; evaluate expedite shipping quote.
0.2960150977809714,Medium,Automated supplier check-in email.
0.44789144325656005,High,Buyer follow-up call with supplier; evaluate expedite shipping quote.
0.44616216164930855,High,Buyer follow-up call with supplier; evaluate expedite shipping quote.
0.4253481527381138,High,Buyer follow-up call with supplier; evaluate expedite shipping quote.
0.6337829316586576,Critical,Escalate: evaluate alternate sourcing / expedite fees; alert downstream planning to adjust schedule or safety stock.
0.4277809706394819,High,Buyer follow-up call with supplier; evaluate expedite shipping quote.
0.2962113926063821,Medium,Automated supplier check-in email.
0.6734407783911663,Critical,Escalate: evaluate alternate sourcing / expedite fees; alert downstream planning to adjust schedule or safety stock.
0.6670125344821919,Critical,Escalate: evaluate alternate sourcing / expedite fees; alert downstream planning to adjust schedule or safety stock.
0.5535331378905806,High,Buyer follow-up call with supplier; evaluate expedite shipping quote.
0.26954137112610477,Medium,Automated supplier check-in email.
0.40316744605089605,High,Buyer follow-up call with supplier; evaluate expedite shipping quote.
0.6295718540252511,Critical,Escalate: evaluate alternate sourcing / expedite fees; alert downstream planning to adjust schedule or safety stock.
0.46813487267986653,High,Buyer follow-up call with supplier; evaluate expedite shipping quote.
0.44826070883813535,High,Buyer follow-up call with supplier; evaluate expedite shipping quote.
0.7093919709840636,Critical,Escalate: evaluate alternate sourcing / expedite fees; alert downstream planning to adjust schedule or safety stock.
0.35200415424477965,High,Buyer follow-up call with supplier; evaluate expedite shipping quote.
0.3911086958990232,High,Buyer follow-up call with supplier; evaluate expedite shipping quote.
0.6066458670139456,Critical,Escalate: evaluate alternate sourcing / expedite fees; alert downstream planning to adjust schedule or safety stock.
0.4439870134014243,High,Buyer follow-up call with supplier; evaluate expedite shipping quote.
0.4450717785353018,High,Buyer follow-up call with supplier; evaluate expedite shipping quote.
0.36888074203293536,High,Buyer follow-up call with supplier; evaluate expedite shipping quote.
0.5798624515664854,High,Buyer follow-up call with supplier; evaluate expedite shipping quote.
0.44811050345913456,High,Buyer follow-up call with supplier; evaluate expedite shipping quote.
0.5569732364120602,High,Buyer follow-up call with supplier; evaluate expedite shipping quote.
0.4213574542431577,High,Buyer follow-up call with supplier; evaluate expedite shipping quote.
0.3128311057910613,High,Buyer follow-up call with supplier; evaluate expedite shipping quote.
0.6461704654910949,Critical,Escalate: evaluate alternate sourcing / expedite fees; alert downstream planning to adjust schedule or safety stock.
0.29666393095712434,Medium,Automated supplier check-in email.
0.30287472609595406,High,Buyer follow-up call with supplier; evaluate expedite shipping quote.
0.2973005320343354,Medium,Automated supplier check-in email.
0.5246639391794072,High,Buyer follow-up call with supplier; evaluate expedite shipping quote.
0.3170494866307485,High,Buyer follow-up call with supplier; evaluate expedite shipping quote.
0.4251822910276232,High,Buyer follow-up call with supplier; evaluate expedite shipping quote.
0.5140905539052802,High,Buyer follow-up call with supplier; evaluate expedite shipping quote.
0.5489708129314009,High,Buyer follow-up call with supplier; evaluate expedite shipping quote.
0.39194299432856694,High,Buyer follow-up call with supplier; evaluate expedite shipping quote.
0.5809506945133497,High,Buyer follow-up call with supplier; evaluate expedite shipping quote.
0.3051357752024318,High,Buyer follow-up call with supplier; evaluate expedite shipping quote.
0.5751641862370199,High,Buyer follow-up call with supplier; evaluate expedite shipping quote.
0.5624017281159802,High,Buyer follow-up call with supplier; evaluate expedite shipping quote.
0.5340669154098356,High,Buyer follow-up call with supplier; evaluate expedite shipping quote.
0.6162681845530905,Critical,Escalate: evaluate alternate sourcing / expedite fees; alert downstream planning to adjust schedule or safety stock.
0.32184838839647206,High,Buyer follow-up call with supplier; evaluate expedite shipping quote.
0.4621432158552478,High,Buyer follow-up call with supplier; evaluate expedite shipping quote.
0.41141951947557237,High,Buyer follow-up call with supplier; evaluate expedite shipping quote.
0.49286150242728066,High,Buyer follow-up call with supplier; evaluate expedite shipping quote.
0.37785199741367503,High,Buyer follow-up call with supplier; evaluate expedite shipping quote.
0.298760911744354,Medium,Automated supplier check-in email.
0.35488028701212254,High,Buyer follow-up call with supplier; evaluate expedite shipping quote.
0.5610565669431039,High,Buyer follow-up call with supplier; evaluate expedite shipping quote.
0.63031718219252,Critical,Escalate: evaluate alternate sourcing / expedite fees; alert downstream planning to adjust schedule or safety stock.
0.4359830017955716,High,Buyer follow-up call with supplier; evaluate expedite shipping quote.
0.5868591999631873,High,Buyer follow-up call with supplier; evaluate expedite shipping quote.
0.4635652706870807,High,Buyer follow-up call with supplier; evaluate expedite shipping quote.
0.4253187827181483,High,Buyer follow-up call with supplier; evaluate expedite shipping quote.
0.4211617901858709,High,Buyer follow-up call with supplier; evaluate expedite shipping quote.
0.6451129128685733,Critical,Escalate: evaluate alternate sourcing / expedite fees; alert downstream planning to adjust schedule or safety stock.
0.4290119935617805,High,Buyer follow-up call with supplier; evaluate expedite shipping quote.
0.5878529649395273,High,Buyer follow-up call with supplier; evaluate expedite shipping quote.
0.44216763850057017,High,Buyer follow-up call with supplier; evaluate expedite shipping quote.
0.4450820419357844,High,Buyer follow-up call with supplier; evaluate expedite shipping quote.
0.6849537350522926,Critical,Escalate: evaluate alternate sourcing / expedite fees; alert downstream planning to adjust schedule or safety stock.
0.4472486711488968,High,Buyer follow-up call with supplier; evaluate expedite shipping quote.
0.584225819736415,High,Buyer follow-up call with supplier; evaluate expedite shipping quote.
0.4433840526524193,High,Buyer follow-up call with supplier; evaluate expedite shipping quote.
0.5547526396425824,High,Buyer follow-up call with supplier; evaluate expedite shipping quote.
0.5710954027681082,High,Buyer follow-up call with supplier; evaluate expedite shipping quote.
0.5544977984612467,High,Buyer follow-up call with supplier; evaluate expedite shipping quote.
0.2959902563408927,Medium,Automated supplier check-in email.
0.4189228118186134,High,Buyer follow-up call with supplier; evaluate expedite shipping quote.
0.6507866595921303,Critical,Escalate: evaluate alternate sourcing / expedite fees; alert downstream planning to adjust schedule or safety stock.
0.5730412402197175,High,Buyer follow-up call with supplier; evaluate expedite shipping quote.
0.36189833503591096,High,Buyer follow-up call with supplier; evaluate expedite shipping quote.
0.5926675263577114,High,Buyer follow-up call with supplier; evaluate expedite shipping quote.
0.38374538706019573,High,Buyer follow-up call with supplier; evaluate expedite shipping quote.
0.4570994905221057,High,Buyer follow-up call with supplier; evaluate expedite shipping quote.
0.3817397281511311,High,Buyer follow-up call with supplier; evaluate expedite shipping quote.
0.4453788390037101,High,Buyer follow-up call with supplier; evaluate expedite shipping quote.
0.44759691430925874,High,Buyer follow-up call with supplier; evaluate expedite shipping quote.
0.6207882412830319,Critical,Escalate: evaluate alternate sourcing / expedite fees; alert downstream planning to adjust schedule or safety stock.
0.5982864868506683,High,Buyer follow-up call with supplier; evaluate expedite shipping quote.
0.5813331396008,High,Buyer follow-up call with supplier; evaluate expedite shipping quote.
0.5414775744571425,High,Buyer follow-up call with supplier; evaluate expedite shipping quote.
0.37112113306123473,High,Buyer follow-up call with supplier; evaluate expedite shipping quote.
0.4461146967551131,High,Buyer follow-up call with supplier; evaluate expedite shipping quote.
0.44145607302588263,High,Buyer follow-up call with supplier; evaluate expedite shipping quote.
0.4480269777724586,High,Buyer follow-up call with supplier; evaluate expedite shipping quote.
0.7603348914312908,Critical,Escalate: evaluate alternate sourcing / expedite fees; alert downstream planning to adjust schedule or safety stock.
0.37805947056053,High,Buyer follow-up call with supplier; evaluate expedite shipping quote.
0.3503146697393015,High,Buyer follow-up call with supplier; evaluate expedite shipping quote.
0.3314017215299513,High,Buyer follow-up call with supplier; evaluate expedite shipping quote.
0.5526734898154988,High,Buyer follow-up call with supplier; evaluate expedite shipping quote.
0.396665157484433,High,Buyer follow-up call with supplier; evaluate expedite shipping quote.
0.44832971298565333,High,Buyer follow-up call with supplier; evaluate expedite shipping quote.
0.3169036206843736,High,Buyer follow-up call with supplier; evaluate expedite shipping quote.
0.5533948682124346,High,Buyer follow-up call with supplier; evaluate expedite shipping quote.
0.578128129878787,High,Buyer follow-up call with supplier; evaluate expedite shipping quote.
0.6162296336521216,Critical,Escalate: evaluate alternate sourcing / expedite fees; alert downstream planning to adjust schedule or safety stock.
0.36961973747408494,High,Buyer follow-up call with supplier; evaluate expedite shipping quote.
0.3021336070113209,High,Buyer follow-up call with supplier; evaluate expedite shipping quote.
0.49003001023405524,High,Buyer follow-up call with supplier; evaluate expedite shipping quote.
0.6215093171713467,Critical,Escalate: evaluate alternate sourcing / expedite fees; alert downstream planning to adjust schedule or safety stock.
0.40056820307962465,High,Buyer follow-up call with supplier; evaluate expedite shipping quote.
0.4155222118153102,High,Buyer follow-up call with supplier; evaluate expedite shipping quote.
0.7003893807111924,Critical,Escalate: evaluate alternate sourcing / expedite fees; alert downstream planning to adjust schedule or safety stock.
0.5549916258037105,High,Buyer follow-up call with supplier; evaluate expedite shipping quote.
0.30197057684066897,High,Buyer follow-up call with supplier; evaluate expedite shipping quote.
0.6130963772188152,Critical,Escalate: evaluate alternate sourcing / expedite fees; alert downstream planning to adjust schedule or safety stock.
0.4923988795433863,High,Buyer follow-up call with supplier; evaluate expedite shipping quote.
0.3875314361424187,High,Buyer follow-up call with supplier; evaluate expedite shipping quote.
0.5102487186486054,High,Buyer follow-up call with supplier; evaluate expedite shipping quote.
0.5323174088972328,High,Buyer follow-up call with supplier; evaluate expedite shipping quote.
0.3836365664307203,High,Buyer follow-up call with supplier; evaluate expedite shipping quote.
0.5695313565199054,High,Buyer follow-up call with supplier; evaluate expedite shipping quote.
0.6408943328086653,Critical,Escalate: evaluate alternate sourcing / expedite fees; alert downstream planning to adjust schedule or safety stock.
0.4538659230955304,High,Buyer follow-up call with supplier; evaluate expedite shipping quote.
0.45082122882468795,High,Buyer follow-up call with supplier; evaluate expedite shipping quote.
0.49329219057394647,High,Buyer follow-up call with supplier; evaluate expedite shipping quote.
0.48977552214857556,High,Buyer follow-up call with supplier; evaluate expedite shipping quote.
0.5696610154100901,High,Buyer follow-up call with supplier; evaluate expedite shipping quote.
0.41998195863342114,High,Buyer follow-up call with supplier; evaluate expedite shipping quote.
0.488049720406107,High,Buyer follow-up call with supplier; evaluate expedite shipping quote.
0.457698543645807,High,Buyer follow-up call with supplier; evaluate expedite shipping quote.
0.3113609698483422,High,Buyer follow-up call with supplier; evaluate expedite shipping quote.
0.632287928999333,Critical,Escalate: evaluate alternate sourcing / expedite fees; alert downstream planning to adjust schedule or safety stock.
0.4626501466918388,High,Buyer follow-up call with supplier; evaluate expedite shipping quote.
0.3225742295684274,High,Buyer follow-up call with supplier; evaluate expedite shipping quote.
0.6269565405027046,Critical,Escalate: evaluate alternate sourcing / expedite fees; alert downstream planning to adjust schedule or safety stock.
0.4598684306596362,High,Buyer follow-up call with supplier; evaluate expedite shipping quote.
0.4224261288145604,High,Buyer follow-up call with supplier; evaluate expedite shipping quote.
0.6682605661141217,Critical,Escalate: evaluate alternate sourcing / expedite fees; alert downstream planning to adjust schedule or safety stock.
0.6298562368031865,Critical,Escalate: evaluate alternate sourcing / expedite fees; alert downstream planning to adjust schedule or safety stock.
0.4968081506120077,High,Buyer follow-up call with supplier; evaluate expedite shipping quote.
0.29696674458158173,Medium,Automated supplier check-in email.
0.5200607737850106,High,Buyer follow-up call with supplier; evaluate expedite shipping quote.
0.42242446454698523,High,Buyer follow-up call with supplier; evaluate expedite shipping quote.
0.6746772743074069,Critical,Escalate: evaluate alternate sourcing / expedite fees; alert downstream planning to adjust schedule or safety stock.
0.6469188080918679,Critical,Escalate: evaluate alternate sourcing / expedite fees; alert downstream planning to adjust schedule or safety stock.
0.6419051913447482,Critical,Escalate: evaluate alternate sourcing / expedite fees; alert downstream planning to adjust schedule or safety stock.
0.38884931185956667,High,Buyer follow-up call with supplier; evaluate expedite shipping quote.
0.4003866824221623,High,Buyer follow-up call with supplier; evaluate expedite shipping quote.
0.6477183336050355,Critical,Escalate: evaluate alternate sourcing / expedite fees; alert downstream planning to adjust schedule or safety stock.
0.4556517316703441,High,Buyer follow-up call with supplier; evaluate expedite shipping quote.
0.3783138053822499,High,Buyer follow-up call with supplier; evaluate expedite shipping quote.
0.5607662933759722,High,Buyer follow-up call with supplier; evaluate expedite shipping quote.
0.6362311864264477,Critical,Escalate: evaluate alternate sourcing / expedite fees; alert downstream planning to adjust schedule or safety stock.
0.5322440937718461,High,Buyer follow-up call with supplier; evaluate expedite shipping quote.
0.3103858040839243,High,Buyer follow-up call with supplier; evaluate expedite shipping quote.
0.37312954583759017,High,Buyer follow-up call with supplier; evaluate expedite shipping quote.
0.4310463643928919,High,Buyer follow-up call with supplier; evaluate expedite shipping quote.
0.5857635407739336,High,Buyer follow-up call with supplier; evaluate expedite shipping quote.
0.3913241383462787,High,Buyer follow-up call with supplier; evaluate expedite shipping quote.
0.42488837879311564,High,Buyer follow-up call with supplier; evaluate expedite shipping quote.
0.46154260014147985,High,Buyer follow-up call with supplier; evaluate expedite shipping quote.
0.3729605542941343,High,Buyer follow-up call with supplier; evaluate expedite shipping quote.
0.45785259216476765,High,Buyer follow-up call with supplier; evaluate expedite shipping quote.
0.3029873446027849,High,Buyer follow-up call with supplier; evaluate expedite shipping quote.
0.3862716483433064,High,Buyer follow-up call with supplier; evaluate expedite shipping quote.
0.4224631506162625,High,Buyer follow-up call with supplier; evaluate expedite shipping quote.
0.38642909855399193,High,Buyer follow-up call with supplier; evaluate expedite shipping quote.
0.678863724187511,Critical,Escalate: evaluate alternate sourcing / expedite fees; alert downstream planning to adjust schedule or safety stock.
0.5539405837961257,High,Buyer follow-up call with supplier; evaluate expedite shipping quote.
0.4195303016187939,High,Buyer follow-up call with supplier; evaluate expedite shipping quote.
0.4936715648471924,High,Buyer follow-up call with supplier; evaluate expedite shipping quote.
0.3959637923078786,High,Buyer follow-up call with supplier; evaluate expedite shipping quote.
0.6527928557457798,Critical,Escalate: evaluate alternate sourcing / expedite fees; alert downstream planning to adjust schedule or safety stock.
0.4651527579647195,High,Buyer follow-up call with supplier; evaluate expedite shipping quote.
0.6056577171732869,Critical,Escalate: evaluate alternate sourcing / expedite fees; alert downstream planning to adjust schedule or safety stock.
0.4128429327965588,High,Buyer follow-up call with supplier; evaluate expedite shipping quote.
0.6537290635857665,Critical,Escalate: evaluate alternate sourcing / expedite fees; alert downstream planning to adjust schedule or safety stock.
0.2854239226036769,Medium,Automated supplier check-in email.
0.5933455883321689,High,Buyer follow-up call with supplier; evaluate expedite shipping quote.
0.6274677165731903,Critical,Escalate: evaluate alternate sourcing / expedite fees; alert downstream planning to adjust schedule or safety stock.
0.4321387971182902,High,Buyer follow-up call with supplier; evaluate expedite shipping quote.
0.5722216174205771,High,Buyer follow-up call with supplier; evaluate expedite shipping quote.
0.5197869109805697,High,Buyer follow-up call with supplier; evaluate expedite shipping quote.
0.5746888396165525,High,Buyer follow-up call with supplier; evaluate expedite shipping quote.
0.5575189930128397,High,Buyer follow-up call with supplier; evaluate expedite shipping quote.
0.34502977648776384,High,Buyer follow-up call with supplier; evaluate expedite shipping quote.
0.6098901270447726,Critical,Escalate: evaluate alternate sourcing / expedite fees; alert downstream planning to adjust schedule or safety stock.
0.36435679887965927,High,Buyer follow-up call with supplier; evaluate expedite shipping quote.
0.4958041239486282,High,Buyer follow-up call with supplier; evaluate expedite shipping quote.
0.5677958948048993,High,Buyer follow-up call with supplier; evaluate expedite shipping quote.
0.30761286328674364,High,Buyer follow-up call with supplier; evaluate expedite shipping quote.
0.40735564777307526,High,Buyer follow-up call with supplier; evaluate expedite shipping quote.
0.6381233803954738,Critical,Escalate: evaluate alternate sourcing / expedite fees; alert downstream planning to adjust schedule or safety stock.
0.44829887989287054,High,Buyer follow-up call with supplier; evaluate expedite shipping quote.
0.6522301765374987,Critical,Escalate: evaluate alternate sourcing / expedite fees; alert downstream planning to adjust schedule or safety stock.
0.4238294623303603,High,Buyer follow-up call with supplier; evaluate expedite shipping quote.
0.5555798888005546,High,Buyer follow-up call with supplier; evaluate expedite shipping quote.
0.522701627418581,High,Buyer follow-up call with supplier; evaluate expedite shipping quote.
0.34747744575166595,High,Buyer follow-up call with supplier; evaluate expedite shipping quote.
0.3896782292787348,High,Buyer follow-up call with supplier; evaluate expedite shipping quote.
0.5915125628646437,High,Buyer follow-up call with supplier; evaluate expedite shipping quote.
0.5623175732420428,High,Buyer follow-up call with supplier; evaluate expedite shipping quote.
0.5926143568727221,High,Buyer follow-up call with supplier; evaluate expedite shipping quote.
0.6016711418922377,Critical,Escalate: evaluate alternate sourcing / expedite fees; alert downstream planning to adjust schedule or safety stock.
0.4481355550850146,High,Buyer follow-up call with supplier; evaluate expedite shipping quote.
0.2709299110200546,Medium,Automated supplier check-in email.
0.31565810377839426,High,Buyer follow-up call with supplier; evaluate expedite shipping quote.
0.4468768848417341,High,Buyer follow-up call with supplier; evaluate expedite shipping quote.
0.6624878224937665,Critical,Escalate: evaluate alternate sourcing / expedite fees; alert downstream planning to adjust schedule or safety stock.
0.31831217313327376,High,Buyer follow-up call with supplier; evaluate expedite shipping quote.
0.693493313484254,Critical,Escalate: evaluate alternate sourcing / expedite fees; alert downstream planning to adjust schedule or safety stock.
0.4490078326586726,High,Buyer follow-up call with supplier; evaluate expedite shipping quote.
0.4385486169042872,High,Buyer follow-up call with supplier; evaluate expedite shipping quote.
0.38675628688577335,High,Buyer follow-up call with supplier; evaluate expedite shipping quote.
0.6189160572280002,Critical,Escalate: evaluate alternate sourcing / expedite fees; alert downstream planning to adjust schedule or safety stock.
0.5102381087522427,High,Buyer follow-up call with supplier; evaluate expedite shipping quote.
0.6175337262332496,Critical,Escalate: evaluate alternate sourcing / expedite fees; alert downstream planning to adjust schedule or safety stock.
0.46359256176982133,High,Buyer follow-up call with supplier; evaluate expedite shipping quote.
0.35438121958331414,High,Buyer follow-up call with supplier; evaluate expedite shipping quote.
0.41972554493841213,High,Buyer follow-up call with supplier; evaluate expedite shipping quote.
0.6232936254000472,Critical,Escalate: evaluate alternate sourcing / expedite fees; alert downstream planning to adjust schedule or safety stock.
0.48817464792732695,High,Buyer follow-up call with supplier; evaluate expedite shipping quote.
0.42387558052010327,High,Buyer follow-up call with supplier; evaluate expedite shipping quote.
0.6153978291505575,Critical,Escalate: evaluate alternate sourcing / expedite fees; alert downstream planning to adjust schedule or safety stock.
0.43416366806396545,High,Buyer follow-up call with supplier; evaluate expedite shipping quote.
0.36983016627962717,High,Buyer follow-up call with supplier; evaluate expedite shipping quote.
0.4521813254553155,High,Buyer follow-up call with supplier; evaluate expedite shipping quote.
0.43161690415776793,High,Buyer follow-up call with supplier; evaluate expedite shipping quote.
0.3886798812574959,High,Buyer follow-up call with supplier; evaluate expedite shipping quote.
0.31206156823516223,High,Buyer follow-up call with supplier; evaluate expedite shipping quote.
0.68839610397912,Critical,Escalate: evaluate alternate sourcing / expedite fees; alert downstream planning to adjust schedule or safety stock.
0.40707510583810225,High,Buyer follow-up call with supplier; evaluate expedite shipping quote.
0.45796336219945727,High,Buyer follow-up call with supplier; evaluate expedite shipping quote.
0.4451962572818501,High,Buyer follow-up call with supplier; evaluate expedite shipping quote.
0.5979248177917397,High,Buyer follow-up call with supplier; evaluate expedite shipping quote.
0.4214412329930614,High,Buyer follow-up call with supplier; evaluate expedite shipping quote.
0.4893134243749812,High,Buyer follow-up call with supplier; evaluate expedite shipping quote.
0.6637809496676798,Critical,Escalate: evaluate alternate sourcing / expedite fees; alert downstream planning to adjust schedule or safety stock.
0.5565981496955442,High,Buyer follow-up call with supplier; evaluate expedite shipping quote.
0.48444005007759594,High,Buyer follow-up call with supplier; evaluate expedite shipping quote.
0.38581942470754077,High,Buyer follow-up call with supplier; evaluate expedite shipping quote.
0.5730482437944534,High,Buyer follow-up call with supplier; evaluate expedite shipping quote.
0.44803148871549425,High,Buyer follow-up call with supplier; evaluate expedite shipping quote.
0.4434277237793302,High,Buyer follow-up call with supplier; evaluate expedite shipping quote.
0.5923241015093602,High,Buyer follow-up call with supplier; evaluate expedite shipping quote.
0.28442458266261034,Medium,Automated supplier check-in email.
0.5112322680342339,High,Buyer follow-up call with supplier; evaluate expedite shipping quote.
0.4655913726594125,High,Buyer follow-up call with supplier; evaluate expedite shipping quote.
0.5119298345830149,High,Buyer follow-up call with supplier; evaluate expedite shipping quote.
0.4194652380330121,High,Buyer follow-up call with supplier; evaluate expedite shipping quote.
0.5997788211510591,High,Buyer follow-up call with supplier; evaluate expedite shipping quote.
0.5131383169911894,High,Buyer follow-up call with supplier; evaluate expedite shipping quote.
0.31825761089368737,High,Buyer follow-up call with supplier; evaluate expedite shipping quote.
0.5500516220568916,High,Buyer follow-up call with supplier; evaluate expedite shipping quote.
0.7285295610740028,Critical,Escalate: evaluate alternate sourcing / expedite fees; alert downstream planning to adjust schedule or safety stock.
0.5938958814174411,High,Buyer follow-up call with supplier; evaluate expedite shipping quote.
0.516273239988321,High,Buyer follow-up call with supplier; evaluate expedite shipping quote.
0.706906244305373,Critical,Escalate: evaluate alternate sourcing / expedite fees; alert downstream planning to adjust schedule or safety stock.
0.456948968810411,High,Buyer follow-up call with supplier; evaluate expedite shipping quote.
0.28917633175854873,Medium,Automated supplier check-in email.
0.4603707539530513,High,Buyer follow-up call with supplier; evaluate expedite shipping quote.
0.6009945866478115,Critical,Escalate: evaluate alternate sourcing / expedite fees; alert downstream planning to adjust schedule or safety stock.
0.40283412947040165,High,Buyer follow-up call with supplier; evaluate expedite shipping quote.
0.39104660694927507,High,Buyer follow-up call with supplier; evaluate expedite shipping quote.
0.47338963416197827,High,Buyer follow-up call with supplier; evaluate expedite shipping quote.
0.28147847808082743,Medium,Automated supplier check-in email.
0.3151590024241821,High,Buyer follow-up call with supplier; evaluate expedite shipping quote.
0.43945383337588306,High,Buyer follow-up call with supplier; evaluate expedite shipping quote.
0.6154897870207883,Critical,Escalate: evaluate alternate sourcing / expedite fees; alert downstream planning to adjust schedule or safety stock.
0.6669185599343299,Critical,Escalate: evaluate alternate sourcing / expedite fees; alert downstream planning to adjust schedule or safety stock.
0.4962438826132426,High,Buyer follow-up call with supplier; evaluate expedite shipping quote.
0.4218197622072709,High,Buyer follow-up call with supplier; evaluate expedite shipping quote.
0.6110308309019795,Critical,Escalate: evaluate alternate sourcing / expedite fees; alert downstream planning to adjust schedule or safety stock.
0.3933450052313239,High,Buyer follow-up call with supplier; evaluate expedite shipping quote.
0.4517058908172378,High,Buyer follow-up call with supplier; evaluate expedite shipping quote.
0.41915503834251716,High,Buyer follow-up call with supplier; evaluate expedite shipping quote.
0.4980117052140414,High,Buyer follow-up call with supplier; evaluate expedite shipping quote.
0.5396208529516553,High,Buyer follow-up call with supplier; evaluate expedite shipping quote.
0.39615805563707546,High,Buyer follow-up call with supplier; evaluate expedite shipping quote.
0.5706897962824246,High,Buyer follow-up call with supplier; evaluate expedite shipping quote.
0.5740309252780995,High,Buyer follow-up call with supplier; evaluate expedite shipping quote.
0.38421011750309486,High,Buyer follow-up call with supplier; evaluate expedite shipping quote.
0.2995136741368886,Medium,Automated supplier check-in email.
0.652003016261254,Critical,Escalate: evaluate alternate sourcing / expedite fees; alert downstream planning to adjust schedule or safety stock.
0.6278111039589103,Critical,Escalate: evaluate alternate sourcing / expedite fees; alert downstream planning to adjust schedule or safety stock.
0.7655680920970432,Critical,Escalate: evaluate alternate sourcing / expedite fees; alert downstream planning to adjust schedule or safety stock.
0.5089171433210022,High,Buyer follow-up call with supplier; evaluate expedite shipping quote.
0.4543594532948079,High,Buyer follow-up call with supplier; evaluate expedite shipping quote.
0.6188457622869238,Critical,Escalate: evaluate alternate sourcing / expedite fees; alert downstream planning to adjust schedule or safety stock.
0.6683959985546065,Critical,Escalate: evaluate alternate sourcing / expedite fees; alert downstream planning to adjust schedule or safety stock.
0.39667905108393614,High,Buyer follow-up call with supplier; evaluate expedite shipping quote.
0.46569327550380996,High,Buyer follow-up call with supplier; evaluate expedite shipping quote.
0.29157599224905023,Medium,Automated supplier check-in email.
0.5944976722634541,High,Buyer follow-up call with supplier; evaluate expedite shipping quote.
0.38681523250542016,High,Buyer follow-up call with supplier; evaluate expedite shipping quote.
0.4264283619071291,High,Buyer follow-up call with supplier; evaluate expedite shipping quote.
0.5753708151786402,High,Buyer follow-up call with supplier; evaluate expedite shipping quote.
0.3915280812795742,High,Buyer follow-up call with supplier; evaluate expedite shipping quote.
0.3758574669553647,High,Buyer follow-up call with supplier; evaluate expedite shipping quote.
0.4559645082433643,High,Buyer follow-up call with supplier; evaluate expedite shipping quote.
0.4485868784857995,High,Buyer follow-up call with supplier; evaluate expedite shipping quote.
0.4337541874911096,High,Buyer follow-up call with supplier; evaluate expedite shipping quote.
0.4630651304874669,High,Buyer follow-up call with supplier; evaluate expedite shipping quote.
0.3876393954920312,High,Buyer follow-up call with supplier; evaluate expedite shipping quote.
0.4302639372999232,High,Buyer follow-up call with supplier; evaluate expedite shipping quote.
0.515928491642716,High,Buyer follow-up call with supplier; evaluate expedite shipping quote.
0.36107229575832056,High,Buyer follow-up call with supplier; evaluate expedite shipping quote.
0.390030842798792,High,Buyer follow-up call with supplier; evaluate expedite shipping quote.
0.44472017189853147,High,Buyer follow-up call with supplier; evaluate expedite shipping quote.
0.447099366828101,High,Buyer follow-up call with supplier; evaluate expedite shipping quote.
0.38615553047641943,High,Buyer follow-up call with supplier; evaluate expedite shipping quote.
0.37843998225826603,High,Buyer follow-up call with supplier; evaluate expedite shipping quote.
0.4333486458632867,High,Buyer follow-up call with supplier; evaluate expedite shipping quote.
0.42684012186465864,High,Buyer follow-up call with supplier; evaluate expedite shipping quote.
0.42799852456575027,High,Buyer follow-up call with supplier; evaluate expedite shipping quote.
0.3295411219018003,High,Buyer follow-up call with supplier; evaluate expedite shipping quote.
0.2948590997143442,Medium,Automated supplier check-in email.
0.4637003042947213,High,Buyer follow-up call with supplier; evaluate expedite shipping quote.
0.5604676846507041,High,Buyer follow-up call with supplier; evaluate expedite shipping quote.
0.40633024052196365,High,Buyer follow-up call with supplier; evaluate expedite shipping quote.
0.4278955593847837,High,Buyer follow-up call with supplier; evaluate expedite shipping quote.
0.4795636845513855,High,Buyer follow-up call with supplier; evaluate expedite shipping quote.
0.5695305589722189,High,Buyer follow-up call with supplier; evaluate expedite shipping quote.
0.42984083540008494,High,Buyer follow-up call with supplier; evaluate expedite shipping quote.
0.42624142835369483,High,Buyer follow-up call with supplier; evaluate expedite shipping quote.
0.4057968901734093,High,Buyer follow-up call with supplier; evaluate expedite shipping quote.
0.3905222876540127,High,Buyer follow-up call with supplier; evaluate expedite shipping quote.
0.570070741867115,High,Buyer follow-up call with supplier; evaluate expedite shipping quote.
0.6709311893057295,Critical,Escalate: evaluate alternate sourcing / expedite fees; alert downstream planning to adjust schedule or safety stock.
0.49512090976396744,High,Buyer follow-up call with supplier; evaluate expedite shipping quote.
0.2998701966402026,Medium,Automated supplier check-in email.
0.6042148155545963,Critical,Escalate: evaluate alternate sourcing / expedite fees; alert downstream planning to adjust schedule or safety stock.
0.4193539678338971,High,Buyer follow-up call with supplier; evaluate expedite shipping quote.
0.44131638781268434,High,Buyer follow-up call with supplier; evaluate expedite shipping quote.
0.4445120825053649,High,Buyer follow-up call with supplier; evaluate expedite shipping quote.
0.293517610864366,Medium,Automated supplier check-in email.
0.4041367173691233,High,Buyer follow-up call with supplier; evaluate expedite shipping quote.
0.3026847034315819,High,Buyer follow-up call with supplier; evaluate expedite shipping quote.
0.33780096815353955,High,Buyer follow-up call with supplier; evaluate expedite shipping quote.
0.6386477683584274,Critical,Escalate: evaluate alternate sourcing / expedite fees; alert downstream planning to adjust schedule or safety stock.
0.38898154898431386,High,Buyer follow-up call with supplier; evaluate expedite shipping quote.
0.4711028876295652,High,Buyer follow-up call with supplier; evaluate expedite shipping quote.
0.42931770738416786,High,Buyer follow-up call with supplier; evaluate expedite shipping quote.
0.622800975230887,Critical,Escalate: evaluate alternate sourcing / expedite fees; alert downstream planning to adjust schedule or safety stock.
0.4435673598343889,High,Buyer follow-up call with supplier; evaluate expedite shipping quote.
0.5641174087363311,High,Buyer follow-up call with supplier; evaluate expedite shipping quote.
0.6848056188800323,Critical,Escalate: evaluate alternate sourcing / expedite fees; alert downstream planning to adjust schedule or safety stock.
0.4837423012416712,High,Buyer follow-up call with supplier; evaluate expedite shipping quote.
0.41994519765089644,High,Buyer follow-up call with supplier; evaluate expedite shipping quote.
0.4124975203404943,High,Buyer follow-up call with supplier; evaluate expedite shipping quote.
0.5986897204242664,High,Buyer follow-up call with supplier; evaluate expedite shipping quote.
0.5446249491096568,High,Buyer follow-up call with supplier; evaluate expedite shipping quote.
0.6841440728880107,Critical,Escalate: evaluate alternate sourcing / expedite fees; alert downstream planning to adjust schedule or safety stock.
0.4333528084540751,High,Buyer follow-up call with supplier; evaluate expedite shipping quote.
0.4201045990066215,High,Buyer follow-up call with supplier; evaluate expedite shipping quote.
0.4331583187612209,High,Buyer follow-up call with supplier; evaluate expedite shipping quote.
0.30782739732595665,High,Buyer follow-up call with supplier; evaluate expedite shipping quote.
0.568593935976135,High,Buyer follow-up call with supplier; evaluate expedite shipping quote.
0.3960324322302661,High,Buyer follow-up call with supplier; evaluate expedite shipping quote.
0.29624886479263285,Medium,Automated supplier check-in email.
0.610054448316984,Critical,Escalate: evaluate alternate sourcing / expedite fees; alert downstream planning to adjust schedule or safety stock.
0.6248913380623445,Critical,Escalate: evaluate alternate sourcing / expedite fees; alert downstream planning to adjust schedule or safety stock.
0.45012381010112346,High,Buyer follow-up call with supplier; evaluate expedite shipping quote.
0.38605531128642573,High,Buyer follow-up call with supplier; evaluate expedite shipping quote.
0.6227770079381935,Critical,Escalate: evaluate alternate sourcing / expedite fees; alert downstream planning to adjust schedule or safety stock.
0.3064670950949873,High,Buyer follow-up call with supplier; evaluate expedite shipping quote.
0.45397159214521715,High,Buyer follow-up call with supplier; evaluate expedite shipping quote.
0.3905230231095926,High,Buyer follow-up call with supplier; evaluate expedite shipping quote.
0.5630712110112882,High,Buyer follow-up call with supplier; evaluate expedite shipping quote.
0.4523421950482626,High,Buyer follow-up call with supplier; evaluate expedite shipping quote.
0.492759600497067,High,Buyer follow-up call with supplier; evaluate expedite shipping quote.
0.5715813037927311,High,Buyer follow-up call with supplier; evaluate expedite shipping quote.
0.3900516242737733,High,Buyer follow-up call with supplier; evaluate expedite shipping quote.
0.4041854947082845,High,Buyer follow-up call with supplier; evaluate expedite shipping quote.
0.5778284776945287,High,Buyer follow-up call with supplier; evaluate expedite shipping quote.
0.38459193369083966,High,Buyer follow-up call with supplier; evaluate expedite shipping quote.
0.4304447427176002,High,Buyer follow-up call with supplier; evaluate expedite shipping quote.
0.4583153112729125,High,Buyer follow-up call with supplier; evaluate expedite shipping quote.
0.46239223389504885,High,Buyer follow-up call with supplier; evaluate expedite shipping quote.
0.43058977533941273,High,Buyer follow-up call with supplier; evaluate expedite shipping quote.
0.6890930247616692,Critical,Escalate: evaluate alternate sourcing / expedite fees; alert downstream planning to adjust schedule or safety stock.
0.44059286646119106,High,Buyer follow-up call with supplier; evaluate expedite shipping quote.
0.6688945445272345,Critical,Escalate: evaluate alternate sourcing / expedite fees; alert downstream planning to adjust schedule or safety stock.
0.5746123016663423,High,Buyer follow-up call with supplier; evaluate expedite shipping quote.
0.45083637307830915,High,Buyer follow-up call with supplier; evaluate expedite shipping quote.
0.6185804598773467,Critical,Escalate: evaluate alternate sourcing / expedite fees; alert downstream planning to adjust schedule or safety stock.
0.45272121567528306,High,Buyer follow-up call with supplier; evaluate expedite shipping quote.
0.5735817593286178,High,Buyer follow-up call with supplier; evaluate expedite shipping quote.
0.7479652486965584,Critical,Escalate: evaluate alternate sourcing / expedite fees; alert downstream planning to adjust schedule or safety stock.
0.46046487625112553,High,Buyer follow-up call with supplier; evaluate expedite shipping quote.
0.5614873060746257,High,Buyer follow-up call with supplier; evaluate expedite shipping quote.
0.4495328547246103,High,Buyer follow-up call with supplier; evaluate expedite shipping quote.
0.4433581717026498,High,Buyer follow-up call with supplier; evaluate expedite shipping quote.
0.3762083608455914,High,Buyer follow-up call with supplier; evaluate expedite shipping quote.
0.37564130554665187,High,Buyer follow-up call with supplier; evaluate expedite shipping quote.
0.4346797467489348,High,Buyer follow-up call with supplier; evaluate expedite shipping quote.
0.5666094147974988,High,Buyer follow-up call with supplier; evaluate expedite shipping quote.
0.45685166116448467,High,Buyer follow-up call with supplier; evaluate expedite shipping quote.
0.4449796288865922,High,Buyer follow-up call with supplier; evaluate expedite shipping quote.
0.6841440728880107,Critical,Escalate: evaluate alternate sourcing / expedite fees; alert downstream planning to adjust schedule or safety stock.
0.42439928216176454,High,Buyer follow-up call with supplier; evaluate expedite shipping quote.
0.5833339670227744,High,Buyer follow-up call with supplier; evaluate expedite shipping quote.
0.6457207184846553,Critical,Escalate: evaluate alternate sourcing / expedite fees; alert downstream planning to adjust schedule or safety stock.
0.38010473173502285,High,Buyer follow-up call with supplier; evaluate expedite shipping quote.
0.2986653000599031,Medium,Automated supplier check-in email.
0.661054768599835,Critical,Escalate: evaluate alternate sourcing / expedite fees; alert downstream planning to adjust schedule or safety stock.
0.30251436991005115,High,Buyer follow-up call with supplier; evaluate expedite shipping quote.
0.48684083799681305,High,Buyer follow-up call with supplier; evaluate expedite shipping quote.
0.2955846499359311,Medium,Automated supplier check-in email.
0.37889552969183354,High,Buyer follow-up call with supplier; evaluate expedite shipping quote.
0.3837759077219456,High,Buyer follow-up call with supplier; evaluate expedite shipping quote.
0.3166591640364843,High,Buyer follow-up call with supplier; evaluate expedite shipping quote.
0.6552765682839039,Critical,Escalate: evaluate alternate sourcing / expedite fees; alert downstream planning to adjust schedule or safety stock.
0.36729604650028247,High,Buyer follow-up call with supplier; evaluate expedite shipping quote.
0.2983438104306321,Medium,Automated supplier check-in email.
0.43649110061246704,High,Buyer follow-up call with supplier; evaluate expedite shipping quote.
0.40453920207633787,High,Buyer follow-up call with supplier; evaluate expedite shipping quote.
0.3961391516633566,High,Buyer follow-up call with supplier; evaluate expedite shipping quote.
0.42954034735134355,High,Buyer follow-up call with supplier; evaluate expedite shipping quote.
0.4316768411923456,High,Buyer follow-up call with supplier; evaluate expedite shipping quote.
0.326494235548668,High,Buyer follow-up call with supplier; evaluate expedite shipping quote.
0.4307624525345794,High,Buyer follow-up call with supplier; evaluate expedite shipping quote.
0.3676462842310663,High,Buyer follow-up call with supplier; evaluate expedite shipping quote.
0.3287542887443395,High,Buyer follow-up call with supplier; evaluate expedite shipping quote.
0.502666936990689,High,Buyer follow-up call with supplier; evaluate expedite shipping quote.
0.47237143720248975,High,Buyer follow-up call with supplier; evaluate expedite shipping quote.
0.3203381007753178,High,Buyer follow-up call with supplier; evaluate expedite shipping quote.
0.39184982643168564,High,Buyer follow-up call with supplier; evaluate expedite shipping quote.
0.30172060810147927,High,Buyer follow-up call with supplier; evaluate expedite shipping quote.
0.4818565727091724,High,Buyer follow-up call with supplier; evaluate expedite shipping quote.
0.6272709120173731,Critical,Escalate: evaluate alternate sourcing / expedite fees; alert downstream planning to adjust schedule or safety stock.
0.4160878613796063,High,Buyer follow-up call with supplier; evaluate expedite shipping quote.
0.582118143990292,High,Buyer follow-up call with supplier; evaluate expedite shipping quote.
0.4439288118818728,High,Buyer follow-up call with supplier; evaluate expedite shipping quote.
0.4686522324778726,High,Buyer follow-up call with supplier; evaluate expedite shipping quote.
0.4015606032421721,High,Buyer follow-up call with supplier; evaluate expedite shipping quote.
0.3733022025922805,High,Buyer follow-up call with supplier; evaluate expedite shipping quote.
0.46580179675333144,High,Buyer follow-up call with supplier; evaluate expedite shipping quote.
0.2933871693042832,Medium,Automated supplier check-in email.
0.4595717958443402,High,Buyer follow-up call with supplier; evaluate expedite shipping quote.
0.4085358922149727,High,Buyer follow-up call with supplier; evaluate expedite shipping quote.
0.40747195591023605,High,Buyer follow-up call with supplier; evaluate expedite shipping quote.
0.3720448177012092,High,Buyer follow-up call with supplier; evaluate expedite shipping quote.
0.6555138607769773,Critical,Escalate: evaluate alternate sourcing / expedite fees; alert downstream planning to adjust schedule or safety stock.
0.4510277406672056,High,Buyer follow-up call with supplier; evaluate expedite shipping quote.
0.38832164627858207,High,Buyer follow-up call with supplier; evaluate expedite shipping quote.
0.5041287252621492,High,Buyer follow-up call with supplier; evaluate expedite shipping quote.
0.3666366915905561,High,Buyer follow-up call with supplier; evaluate expedite shipping quote.
0.2979769691387218,Medium,Automated supplier check-in email.
0.5939626050054579,High,Buyer follow-up call with supplier; evaluate expedite shipping quote.
0.599498764914647,High,Buyer follow-up call with supplier; evaluate expedite shipping quote.
0.4499388389251706,High,Buyer follow-up call with supplier; evaluate expedite shipping quote.
0.29743198674590415,Medium,Automated supplier check-in email.
0.6219816672012273,Critical,Escalate: evaluate alternate sourcing / expedite fees; alert downstream planning to adjust schedule or safety stock.
0.44391871414758055,High,Buyer follow-up call with supplier; evaluate expedite shipping quote.
0.4404096771109181,High,Buyer follow-up call with supplier; evaluate expedite shipping quote.
0.33508980686911705,High,Buyer follow-up call with supplier; evaluate expedite shipping quote.
0.45839927362104194,High,Buyer follow-up call with supplier; evaluate expedite shipping quote.
0.47718428429020665,High,Buyer follow-up call with supplier; evaluate expedite shipping quote.
0.6241578467621507,Critical,Escalate: evaluate alternate sourcing / expedite fees; alert downstream planning to adjust schedule or safety stock.
0.41780478302961593,High,Buyer follow-up call with supplier; evaluate expedite shipping quote.
0.28064534147855996,Medium,Automated supplier check-in email.
0.5639383680235249,High,Buyer follow-up call with supplier; evaluate expedite shipping quote.
0.5306605887132474,High,Buyer follow-up call with supplier; evaluate expedite shipping quote.
0.590320341574918,High,Buyer follow-up call with supplier; evaluate expedite shipping quote.
0.7931777208025839,Critical,Escalate: evaluate alternate sourcing / expedite fees; alert downstream planning to adjust schedule or safety stock.
0.43457768114055756,High,Buyer follow-up call with supplier; evaluate expedite shipping quote.
0.6228255196356798,Critical,Escalate: evaluate alternate sourcing / expedite fees; alert downstream planning to adjust schedule or safety stock.
0.28646876269713795,Medium,Automated supplier check-in email.
0.3763665561590535,High,Buyer follow-up call with supplier; evaluate expedite shipping quote.
0.578873456701448,High,Buyer follow-up call with supplier; evaluate expedite shipping quote.
0.38966227927465286,High,Buyer follow-up call with supplier; evaluate expedite shipping quote.
0.478534712957397,High,Buyer follow-up call with supplier; evaluate expedite shipping quote.
0.43599150506464396,High,Buyer follow-up call with supplier; evaluate expedite shipping quote.
0.6206615901930835,Critical,Escalate: evaluate alternate sourcing / expedite fees; alert downstream planning to adjust schedule or safety stock.
0.40919733244884093,High,Buyer follow-up call with supplier; evaluate expedite shipping quote.
0.5732813505722749,High,Buyer follow-up call with supplier; evaluate expedite shipping quote.
0.3136404012771799,High,Buyer follow-up call with supplier; evaluate expedite shipping quote.
0.4659480774645648,High,Buyer follow-up call with supplier; evaluate expedite shipping quote.
0.5779978520688789,High,Buyer follow-up call with supplier; evaluate expedite shipping quote.
0.621421257068746,Critical,Escalate: evaluate alternate sourcing / expedite fees; alert downstream planning to adjust schedule or safety stock.
0.3961117564373886,High,Buyer follow-up call with supplier; evaluate expedite shipping quote.
0.38224172144041385,High,Buyer follow-up call with supplier; evaluate expedite shipping quote.
0.6649356420114965,Critical,Escalate: evaluate alternate sourcing / expedite fees; alert downstream planning to adjust schedule or safety stock.
0.5103374051382544,High,Buyer follow-up call with supplier; evaluate expedite shipping quote.
0.470492993873739,High,Buyer follow-up call with supplier; evaluate expedite shipping quote.
0.4476321517211426,High,Buyer follow-up call with supplier; evaluate expedite shipping quote.
0.39459613294561996,High,Buyer follow-up call with supplier; evaluate expedite shipping quote.
0.3741120285586964,High,Buyer follow-up call with supplier; evaluate expedite shipping quote.
0.29738425059333057,Medium,Automated supplier check-in email.
0.4547262915386705,High,Buyer follow-up call with supplier; evaluate expedite shipping quote.
0.3390600655021968,High,Buyer follow-up call with supplier; evaluate expedite shipping quote.
0.43961524466913116,High,Buyer follow-up call with supplier; evaluate expedite shipping quote.
0.6044988679561267,Critical,Escalate: evaluate alternate sourcing / expedite fees; alert downstream planning to adjust schedule or safety stock.
0.40772579598480585,High,Buyer follow-up call with supplier; evaluate expedite shipping quote.
0.3544609224807857,High,Buyer follow-up call with supplier; evaluate expedite shipping quote.
0.5672814077290597,High,Buyer follow-up call with supplier; evaluate expedite shipping quote.
0.42334431848605725,High,Buyer follow-up call with supplier; evaluate expedite shipping quote.
0.47322423428662824,High,Buyer follow-up call with supplier; evaluate expedite shipping quote.
0.3903496333569895,High,Buyer follow-up call with supplier; evaluate expedite shipping quote.
0.2949883540136793,Medium,Automated supplier check-in email.
0.3130901853478007,High,Buyer follow-up call with supplier; evaluate expedite shipping quote.
0.4440170267249247,High,Buyer follow-up call with supplier; evaluate expedite shipping quote.
0.5096802837791168,High,Buyer follow-up call with supplier; evaluate expedite shipping quote.
0.6238059026485268,Critical,Escalate: evaluate alternate sourcing / expedite fees; alert downstream planning to adjust schedule or safety stock.
0.3969829156756839,High,Buyer follow-up call with supplier; evaluate expedite shipping quote.
0.6932613236519499,Critical,Escalate: evaluate alternate sourcing / expedite fees; alert downstream planning to adjust schedule or safety stock.
0.30451779227759446,High,Buyer follow-up call with supplier; evaluate expedite shipping quote.
0.5722551793057655,High,Buyer follow-up call with supplier; evaluate expedite shipping quote.
0.3747932436613637,High,Buyer follow-up call with supplier; evaluate expedite shipping quote.
0.5718209019850194,High,Buyer follow-up call with supplier; evaluate expedite shipping quote.
0.5852885740854475,High,Buyer follow-up call with supplier; evaluate expedite shipping quote.
0.4357944928541897,High,Buyer follow-up call with supplier; evaluate expedite shipping quote.
0.28379670214303604,Medium,Automated supplier check-in email.
0.6593392907597353,Critical,Escalate: evaluate alternate sourcing / expedite fees; alert downstream planning to adjust schedule or safety stock.
0.4024939863419217,High,Buyer follow-up call with supplier; evaluate expedite shipping quote.
0.34702052023740604,High,Buyer follow-up call with supplier; evaluate expedite shipping quote.
0.43133271305492543,High,Buyer follow-up call with supplier; evaluate expedite shipping quote.
0.401205491341909,High,Buyer follow-up call with supplier; evaluate expedite shipping quote.
0.47282789988636775,High,Buyer follow-up call with supplier; evaluate expedite shipping quote.
0.6804253376154421,Critical,Escalate: evaluate alternate sourcing / expedite fees; alert downstream planning to adjust schedule or safety stock.
0.42791395306262386,High,Buyer follow-up call with supplier; evaluate expedite shipping quote.
0.7082836331083547,Critical,Escalate: evaluate alternate sourcing / expedite fees; alert downstream planning to adjust schedule or safety stock.
0.40569398108198196,High,Buyer follow-up call with supplier; evaluate expedite shipping quote.
0.572231561977047,High,Buyer follow-up call with supplier; evaluate expedite shipping quote.
0.39099832381807137,High,Buyer follow-up call with supplier; evaluate expedite shipping quote.
0.3017204001868284,High,Buyer follow-up call with supplier; evaluate expedite shipping quote.
0.4411069773526451,High,Buyer follow-up call with supplier; evaluate expedite shipping quote.
0.47516217564511704,High,Buyer follow-up call with supplier; evaluate expedite shipping quote.
0.47618667294581724,High,Buyer follow-up call with supplier; evaluate expedite shipping quote.
0.5141978052125766,High,Buyer follow-up call with supplier; evaluate expedite shipping quote.
0.2757848826738661,Medium,Automated supplier check-in email.
0.5899038369185619,High,Buyer follow-up call with supplier; evaluate expedite shipping quote.
0.3810308152098352,High,Buyer follow-up call with supplier; evaluate expedite shipping quote.
0.5361378805288148,High,Buyer follow-up call with supplier; evaluate expedite shipping quote.
0.3319908710056488,High,Buyer follow-up call with supplier; evaluate expedite shipping quote.
0.4599539278740515,High,Buyer follow-up call with supplier; evaluate expedite shipping quote.
0.4261378673620286,High,Buyer follow-up call with supplier; evaluate expedite shipping quote.
0.6750880343066324,Critical,Escalate: evaluate alternate sourcing / expedite fees; alert downstream planning to adjust schedule or safety stock.
0.31437811851421604,High,Buyer follow-up call with supplier; evaluate expedite shipping quote.
0.6454482869162372,Critical,Escalate: evaluate alternate sourcing / expedite fees; alert downstream planning to adjust schedule or safety stock.
0.27189635356718117,Medium,Automated supplier check-in email.
0.5628049062546845,High,Buyer follow-up call with supplier; evaluate expedite shipping quote.
0.43419115020293897,High,Buyer follow-up call with supplier; evaluate expedite shipping quote.
0.44553657265537777,High,Buyer follow-up call with supplier; evaluate expedite shipping quote.
0.3929719263502864,High,Buyer follow-up call with supplier; evaluate expedite shipping quote.
0.6021415681187992,Critical,Escalate: evaluate alternate sourcing / expedite fees; alert downstream planning to adjust schedule or safety stock.
0.3888982947889507,High,Buyer follow-up call with supplier; evaluate expedite shipping quote.
0.3178135560020206,High,Buyer follow-up call with supplier; evaluate expedite shipping quote.
0.45366990763856385,High,Buyer follow-up call with supplier; evaluate expedite shipping quote.
0.6333588433191305,Critical,Escalate: evaluate alternate sourcing / expedite fees; alert downstream planning to adjust schedule or safety stock.
0.43663246449710696,High,Buyer follow-up call with supplier; evaluate expedite shipping quote.
0.7044411608596227,Critical,Escalate: evaluate alternate sourcing / expedite fees; alert downstream planning to adjust schedule or safety stock.
0.44142328135623116,High,Buyer follow-up call with supplier; evaluate expedite shipping quote.
0.6308169509161056,Critical,Escalate: evaluate alternate sourcing / expedite fees; alert downstream planning to adjust schedule or safety stock.
0.47923822491015755,High,Buyer follow-up call with supplier; evaluate expedite shipping quote.
0.400952485163469,High,Buyer follow-up call with supplier; evaluate expedite shipping quote.
0.5084812295600157,High,Buyer follow-up call with supplier; evaluate expedite shipping quote.
0.28713951936715915,Medium,Automated supplier check-in email.
0.7119378267779872,Critical,Escalate: evaluate alternate sourcing / expedite fees; alert downstream planning to adjust schedule or safety stock.
0.31633876842696723,High,Buyer follow-up call with supplier; evaluate expedite shipping quote.
0.30311161657176283,High,Buyer follow-up call with supplier; evaluate expedite shipping quote.
0.6074378641950406,Critical,Escalate: evaluate alternate sourcing / expedite fees; alert downstream planning to adjust schedule or safety stock.
0.6982023507816808,Critical,Escalate: evaluate alternate sourcing / expedite fees; alert downstream planning to adjust schedule or safety stock.
0.30065076785729333,High,Buyer follow-up call with supplier; evaluate expedite shipping quote.
0.45082851858386863,High,Buyer follow-up call with supplier; evaluate expedite shipping quote.
0.28427507707243366,Medium,Automated supplier check-in email.
0.6010021319372646,Critical,Escalate: evaluate alternate sourcing / expedite fees; alert downstream planning to adjust schedule or safety stock.
0.6420252673372152,Critical,Escalate: evaluate alternate sourcing / expedite fees; alert downstream planning to adjust schedule or safety stock.
0.45306162500466024,High,Buyer follow-up call with supplier; evaluate expedite shipping quote.
0.6145148878954182,Critical,Escalate: evaluate alternate sourcing / expedite fees; alert downstream planning to adjust schedule or safety stock.
0.5145925511961063,High,Buyer follow-up call with supplier; evaluate expedite shipping quote.
0.40347561617208544,High,Buyer follow-up call with supplier; evaluate expedite shipping quote.
0.3867372810085497,High,Buyer follow-up call with supplier; evaluate expedite shipping quote.
0.7119248203928099,Critical,Escalate: evaluate alternate sourcing / expedite fees; alert downstream planning to adjust schedule or safety stock.
0.4927497543745179,High,Buyer follow-up call with supplier; evaluate expedite shipping quote.
0.45015663188559213,High,Buyer follow-up call with supplier; evaluate expedite shipping quote.
0.3562947094821089,High,Buyer follow-up call with supplier; evaluate expedite shipping quote.
0.5045275541831652,High,Buyer follow-up call with supplier; evaluate expedite shipping quote.
0.5829149146757526,High,Buyer follow-up call with supplier; evaluate expedite shipping quote.
0.5049634827892832,High,Buyer follow-up call with supplier; evaluate expedite shipping quote.
0.5814692410624406,High,Buyer follow-up call with supplier; evaluate expedite shipping quote.
0.40023892040687253,High,Buyer follow-up call with supplier; evaluate expedite shipping quote.
0.5736526083570047,High,Buyer follow-up call with supplier; evaluate expedite shipping quote.
0.36557121562622436,High,Buyer follow-up call with supplier; evaluate expedite shipping quote.
0.3060953453507656,High,Buyer follow-up call with supplier; evaluate expedite shipping quote.
0.4372307143279187,High,Buyer follow-up call with supplier; evaluate expedite shipping quote.
0.6947881317909713,Critical,Escalate: evaluate alternate sourcing / expedite fees; alert downstream planning to adjust schedule or safety stock.
0.5761326243833269,High,Buyer follow-up call with supplier; evaluate expedite shipping quote.
0.42900882240444166,High,Buyer follow-up call with supplier; evaluate expedite shipping quote.
0.5881119398746387,High,Buyer follow-up call with supplier; evaluate expedite shipping quote.
0.4417853533901759,High,Buyer follow-up call with supplier; evaluate expedite shipping quote.
0.5998312785383558,High,Buyer follow-up call with supplier; evaluate expedite shipping quote.
0.4441253569623042,High,Buyer follow-up call with supplier; evaluate expedite shipping quote.
0.38954501308096334,High,Buyer follow-up call with supplier; evaluate expedite shipping quote.
0.39731098021406874,High,Buyer follow-up call with supplier; evaluate expedite shipping quote.
0.39865339646073755,High,Buyer follow-up call with supplier; evaluate expedite shipping quote.
0.39418955465753885,High,Buyer follow-up call with supplier; evaluate expedite shipping quote.
0.5680318767183905,High,Buyer follow-up call with supplier; evaluate expedite shipping quote.
0.6641751791506592,Critical,Escalate: evaluate alternate sourcing / expedite fees; alert downstream planning to adjust schedule or safety stock.
0.31334658902615276,High,Buyer follow-up call with supplier; evaluate expedite shipping quote.
0.4611822312156643,High,Buyer follow-up call with supplier; evaluate expedite shipping quote.
0.3144771686961053,High,Buyer follow-up call with supplier; evaluate expedite shipping quote.
0.5768084631117478,High,Buyer follow-up call with supplier; evaluate expedite shipping quote.
0.38257025000163125,High,Buyer follow-up call with supplier; evaluate expedite shipping quote.
0.4701415618243488,High,Buyer follow-up call with supplier; evaluate expedite shipping quote.
0.5653539579363482,High,Buyer follow-up call with supplier; evaluate expedite shipping quote.
0.5317387114416225,High,Buyer follow-up call with supplier; evaluate expedite shipping quote.
0.6428284700056787,Critical,Escalate: evaluate alternate sourcing / expedite fees; alert downstream planning to adjust schedule or safety stock.
0.38854958165439796,High,Buyer follow-up call with supplier; evaluate expedite shipping quote.
0.5848637199002673,High,Buyer follow-up call with supplier; evaluate expedite shipping quote.
0.42720301639440394,High,Buyer follow-up call with supplier; evaluate expedite shipping quote.
0.6124386582804368,Critical,Escalate: evaluate alternate sourcing / expedite fees; alert downstream planning to adjust schedule or safety stock.
0.5137467015121056,High,Buyer follow-up call with supplier; evaluate expedite shipping quote.
0.3052682711239465,High,Buyer follow-up call with supplier; evaluate expedite shipping quote.
0.49223598009577724,High,Buyer follow-up call with supplier; evaluate expedite shipping quote.
0.31411880891347804,High,Buyer follow-up call with supplier; evaluate expedite shipping quote.
0.35067192946149367,High,Buyer follow-up call with supplier; evaluate expedite shipping quote.
0.6189173270019274,Critical,Escalate: evaluate alternate sourcing / expedite fees; alert downstream planning to adjust schedule or safety stock.
0.5860557903399018,High,Buyer follow-up call with supplier; evaluate expedite shipping quote.
0.4353677342358283,High,Buyer follow-up call with supplier; evaluate expedite shipping quote.
0.3930910980820697,High,Buyer follow-up call with supplier; evaluate expedite shipping quote.
0.406496977471803,High,Buyer follow-up call with supplier; evaluate expedite shipping quote.
0.3133493233586136,High,Buyer follow-up call with supplier; evaluate expedite shipping quote.
0.46991362154700334,High,Buyer follow-up call with supplier; evaluate expedite shipping quote.
0.3195305157219139,High,Buyer follow-up call with supplier; evaluate expedite shipping quote.
0.561540588273316,High,Buyer follow-up call with supplier; evaluate expedite shipping quote.
0.5985816956867523,High,Buyer follow-up call with supplier; evaluate expedite shipping quote.
0.46000639794773607,High,Buyer follow-up call with supplier; evaluate expedite shipping quote.
0.40006497212418074,High,Buyer follow-up call with supplier; evaluate expedite shipping quote.
0.4114870989833392,High,Buyer follow-up call with supplier; evaluate expedite shipping quote.
0.6640819176598436,Critical,Escalate: evaluate alternate sourcing / expedite fees; alert downstream planning to adjust schedule or safety stock.
0.38981649138134855,High,Buyer follow-up call with supplier; evaluate expedite shipping quote.
0.5123306482185253,High,Buyer follow-up call with supplier; evaluate expedite shipping quote.
0.49985987470803145,High,Buyer follow-up call with supplier; evaluate expedite shipping quote.
0.4201068322849757,High,Buyer follow-up call with supplier; evaluate expedite shipping quote.
0.42096218026617194,High,Buyer follow-up call with supplier; evaluate expedite shipping quote.
0.3049266039895156,High,Buyer follow-up call with supplier; evaluate expedite shipping quote.
0.3069652382670271,High,Buyer follow-up call with supplier; evaluate expedite shipping quote.
0.4783302165721429,High,Buyer follow-up call with supplier; evaluate expedite shipping quote.
0.4941705974917326,High,Buyer follow-up call with supplier; evaluate expedite shipping quote.
0.42611922706295696,High,Buyer follow-up call with supplier; evaluate expedite shipping quote.
0.5926197844609877,High,Buyer follow-up call with supplier; evaluate expedite shipping quote.
0.4638334352117858,High,Buyer follow-up call with supplier; evaluate expedite shipping quote.
0.6592711708365733,Critical,Escalate: evaluate alternate sourcing / expedite fees; alert downstream planning to adjust schedule or safety stock.
0.3810592098790312,High,Buyer follow-up call with supplier; evaluate expedite shipping quote.
0.48645869531571495,High,Buyer follow-up call with supplier; evaluate expedite shipping quote.
0.42546181721972826,High,Buyer follow-up call with supplier; evaluate expedite shipping quote.
0.40662313088463864,High,Buyer follow-up call with supplier; evaluate expedite shipping quote.
0.43444630491715513,High,Buyer follow-up call with supplier; evaluate expedite shipping quote.
0.4248583022810544,High,Buyer follow-up call with supplier; evaluate expedite shipping quote.
0.41191554174745226,High,Buyer follow-up call with supplier; evaluate expedite shipping quote.
0.4597551865626024,High,Buyer follow-up call with supplier; evaluate expedite shipping quote.
0.383127630761795,High,Buyer follow-up call with supplier; evaluate expedite shipping quote.
0.31839093593488305,High,Buyer follow-up call with supplier; evaluate expedite shipping quote.
0.40207271363410957,High,Buyer follow-up call with supplier; evaluate expedite shipping quote.
0.5048979800940339,High,Buyer follow-up call with supplier; evaluate expedite shipping quote.
0.38683495344696744,High,Buyer follow-up call with supplier; evaluate expedite shipping quote.
0.6655028189826819,Critical,Escalate: evaluate alternate sourcing / expedite fees; alert downstream planning to adjust schedule or safety stock.
0.4079420587702842,High,Buyer follow-up call with supplier; evaluate expedite shipping quote.
0.43150967064946116,High,Buyer follow-up call with supplier; evaluate expedite shipping quote.
0.6438301870088873,Critical,Escalate: evaluate alternate sourcing / expedite fees; alert downstream planning to adjust schedule or safety stock.
0.30437687078824915,High,Buyer follow-up call with supplier; evaluate expedite shipping quote.
0.6590439302280009,Critical,Escalate: evaluate alternate sourcing / expedite fees; alert downstream planning to adjust schedule or safety stock.
0.5260274938500343,High,Buyer follow-up call with supplier; evaluate expedite shipping quote.
0.5753874605691356,High,Buyer follow-up call with supplier; evaluate expedite shipping quote.
0.38247294402722753,High,Buyer follow-up call with supplier; evaluate expedite shipping quote.
0.6040457694921799,Critical,Escalate: evaluate alternate sourcing / expedite fees; alert downstream planning to adjust schedule or safety stock.
0.46512444388285534,High,Buyer follow-up call with supplier; evaluate expedite shipping quote.
0.6100456330302723,Critical,Escalate: evaluate alternate sourcing / expedite fees; alert downstream planning to adjust schedule or safety stock.
0.7107187705315321,Critical,Escalate: evaluate alternate sourcing / expedite fees; alert downstream planning to adjust schedule or safety stock.
0.4420928584550026,High,Buyer follow-up call with supplier; evaluate expedite shipping quote.
0.4164595192888327,High,Buyer follow-up call with supplier; evaluate expedite shipping quote.
0.5079696218988707,High,Buyer follow-up call with supplier; evaluate expedite shipping quote.
0.3019626758328659,High,Buyer follow-up call with supplier; evaluate expedite shipping quote.
0.6206463719125114,Critical,Escalate: evaluate alternate sourcing / expedite fees; alert downstream planning to adjust schedule or safety stock.
0.32853240549247914,High,Buyer follow-up call with supplier; evaluate expedite shipping quote.
0.3685208152289626,High,Buyer follow-up call with supplier; evaluate expedite shipping quote.
0.3957122414562792,High,Buyer follow-up call with supplier; evaluate expedite shipping quote.
0.4082411477609661,High,Buyer follow-up call with supplier; evaluate expedite shipping quote.
0.46673812483414906,High,Buyer follow-up call with supplier; evaluate expedite shipping quote.
0.4126952067340484,High,Buyer follow-up call with supplier; evaluate expedite shipping quote.
0.4352824214754863,High,Buyer follow-up call with supplier; evaluate expedite shipping quote.
0.29808198056309665,Medium,Automated supplier check-in email.
0.4284559533953865,High,Buyer follow-up call with supplier; evaluate expedite shipping quote.
0.587662875161402,High,Buyer follow-up call with supplier; evaluate expedite shipping quote.
0.6048348888690241,Critical,Escalate: evaluate alternate sourcing / expedite fees; alert downstream planning to adjust schedule or safety stock.
0.6494128610012772,Critical,Escalate: evaluate alternate sourcing / expedite fees; alert downstream planning to adjust schedule or safety stock.
0.5953868906686731,High,Buyer follow-up call with supplier; evaluate expedite shipping quote.
0.36021075232878136,High,Buyer follow-up call with supplier; evaluate expedite shipping quote.
0.6108133289924011,Critical,Escalate: evaluate alternate sourcing / expedite fees; alert downstream planning to adjust schedule or safety stock.
0.41344849629276137,High,Buyer follow-up call with supplier; evaluate expedite shipping quote.
0.39714031836155117,High,Buyer follow-up call with supplier; evaluate expedite shipping quote.
0.30644475940003346,High,Buyer follow-up call with supplier; evaluate expedite shipping quote.
0.3213883707902442,High,Buyer follow-up call with supplier; evaluate expedite shipping quote.
0.431746165681699,High,Buyer follow-up call with supplier; evaluate expedite shipping quote.
0.4524930351561896,High,Buyer follow-up call with supplier; evaluate expedite shipping quote.
0.354355694706284,High,Buyer follow-up call with supplier; evaluate expedite shipping quote.
0.44976052508621195,High,Buyer follow-up call with supplier; evaluate expedite shipping quote.
0.45885620089822027,High,Buyer follow-up call with supplier; evaluate expedite shipping quote.
0.4058433161087796,High,Buyer follow-up call with supplier; evaluate expedite shipping quote.
0.5119384527257926,High,Buyer follow-up call with supplier; evaluate expedite shipping quote.
0.5777121723357203,High,Buyer follow-up call with supplier; evaluate expedite shipping quote.
0.5721898306878272,High,Buyer follow-up call with supplier; evaluate expedite shipping quote.
0.6071128687424796,Critical,Escalate: evaluate alternate sourcing / expedite fees; alert downstream planning to adjust schedule or safety stock.
0.3213882407675852,High,Buyer follow-up call with supplier; evaluate expedite shipping quote.
0.5681815146577839,High,Buyer follow-up call with supplier; evaluate expedite shipping quote.
0.6580231933492233,Critical,Escalate: evaluate alternate sourcing / expedite fees; alert downstream planning to adjust schedule or safety stock.
0.3100786839079185,High,Buyer follow-up call with supplier; evaluate expedite shipping quote.
0.5681815146577839,High,Buyer follow-up call with supplier; evaluate expedite shipping quote.
0.6911911750480182,Critical,Escalate: evaluate alternate sourcing / expedite fees; alert downstream planning to adjust schedule or safety stock.
0.6577222967364985,Critical,Escalate: evaluate alternate sourcing / expedite fees; alert downstream planning to adjust schedule or safety stock.
0.46310742119803744,High,Buyer follow-up call with supplier; evaluate expedite shipping quote.
0.3113830746482017,High,Buyer follow-up call with supplier; evaluate expedite shipping quote.
0.436739922939232,High,Buyer follow-up call with supplier; evaluate expedite shipping quote.
0.6922148711618055,Critical,Escalate: evaluate alternate sourcing / expedite fees; alert downstream planning to adjust schedule or safety stock.
0.4460987917162015,High,Buyer follow-up call with supplier; evaluate expedite shipping quote.
0.2822732151359946,Medium,Automated supplier check-in email.
0.4255263070927995,High,Buyer follow-up call with supplier; evaluate expedite shipping quote.
0.44315306600360455,High,Buyer follow-up call with supplier; evaluate expedite shipping quote.
0.6069070978564212,Critical,Escalate: evaluate alternate sourcing / expedite fees; alert downstream planning to adjust schedule or safety stock.
0.6126603687011098,Critical,Escalate: evaluate alternate sourcing / expedite fees; alert downstream planning to adjust schedule or safety stock.
0.3091511910618,High,Buyer follow-up call with supplier; evaluate expedite shipping quote.
0.6605178488158165,Critical,Escalate: evaluate alternate sourcing / expedite fees; alert downstream planning to adjust schedule or safety stock.
0.4366020798087507,High,Buyer follow-up call with supplier; evaluate expedite shipping quote.
0.7015206450729169,Critical,Escalate: evaluate alternate sourcing / expedite fees; alert downstream planning to adjust schedule or safety stock.
0.6906311517059673,Critical,Escalate: evaluate alternate sourcing / expedite fees; alert downstream planning to adjust schedule or safety stock.
0.5686671212710267,High,Buyer follow-up call with supplier; evaluate expedite shipping quote.
0.4412778572291732,High,Buyer follow-up call with supplier; evaluate expedite shipping quote.
0.5784438064078625,High,Buyer follow-up call with supplier; evaluate expedite shipping quote.
0.4404693778704875,High,Buyer follow-up call with supplier; evaluate expedite shipping quote.
0.6795364749220162,Critical,Escalate: evaluate alternate sourcing / expedite fees; alert downstream planning to adjust schedule or safety stock.
0.3622212651446085,High,Buyer follow-up call with supplier; evaluate expedite shipping quote.
0.2881908551063911,Medium,Automated supplier check-in email.
0.3891594697308856,High,Buyer follow-up call with supplier; evaluate expedite shipping quote.
0.4350087028930742,High,Buyer follow-up call with supplier; evaluate expedite shipping quote.
0.4657693669258835,High,Buyer follow-up call with supplier; evaluate expedite shipping quote.
0.30901252823465186,High,Buyer follow-up call with supplier; evaluate expedite shipping quote.
0.3023238122983854,High,Buyer follow-up call with supplier; evaluate expedite shipping quote.
0.4261037782517802,High,Buyer follow-up call with supplier; evaluate expedite shipping quote.
0.3696348979435863,High,Buyer follow-up call with supplier; evaluate expedite shipping quote.
0.5051480920356743,High,Buyer follow-up call with supplier; evaluate expedite shipping quote.
0.4264328622144129,High,Buyer follow-up call with supplier; evaluate expedite shipping quote.
0.2929483527930186,Medium,Automated supplier check-in email.
0.6700733687642727,Critical,Escalate: evaluate alternate sourcing / expedite fees; alert downstream planning to adjust schedule or safety stock.
0.6868615431816155,Critical,Escalate: evaluate alternate sourcing / expedite fees; alert downstream planning to adjust schedule or safety stock.
0.3674746796222512,High,Buyer follow-up call with supplier; evaluate expedite shipping quote.
0.45552138969541334,High,Buyer follow-up call with supplier; evaluate expedite shipping quote.
0.42340521409318044,High,Buyer follow-up call with supplier; evaluate expedite shipping quote.
0.45750257945978723,High,Buyer follow-up call with supplier; evaluate expedite shipping quote.
0.4373135977539414,High,Buyer follow-up call with supplier; evaluate expedite shipping quote.
0.3033366316387059,High,Buyer follow-up call with supplier; evaluate expedite shipping quote.
0.4606840502295821,High,Buyer follow-up call with supplier; evaluate expedite shipping quote.
0.36884089415150306,High,Buyer follow-up call with supplier; evaluate expedite shipping quote.
0.30923803137630834,High,Buyer follow-up call with supplier; evaluate expedite shipping quote.
0.3220426324381356,High,Buyer follow-up call with supplier; evaluate expedite shipping quote.
0.5758308143610715,High,Buyer follow-up call with supplier; evaluate expedite shipping quote.
0.5613889833588571,High,Buyer follow-up call with supplier; evaluate expedite shipping quote.
0.6271212870540532,Critical,Escalate: evaluate alternate sourcing / expedite fees; alert downstream planning to adjust schedule or safety stock.
0.4714567454877449,High,Buyer follow-up call with supplier; evaluate expedite shipping quote.
0.43336707636725647,High,Buyer follow-up call with supplier; evaluate expedite shipping quote.
0.4390039500562451,High,Buyer follow-up call with supplier; evaluate expedite shipping quote.
0.4056003919848411,High,Buyer follow-up call with supplier; evaluate expedite shipping quote.
0.40704240497459115,High,Buyer follow-up call with supplier; evaluate expedite shipping quote.
0.3001693044560697,High,Buyer follow-up call with supplier; evaluate expedite shipping quote.
0.45736027318192235,High,Buyer follow-up call with supplier; evaluate expedite shipping quote.
0.43901892653664815,High,Buyer follow-up call with supplier; evaluate expedite shipping quote.
0.6163512032083412,Critical,Escalate: evaluate alternate sourcing / expedite fees; alert downstream planning to adjust schedule or safety stock.
0.334251370464367,High,Buyer follow-up call with supplier; evaluate expedite shipping quote.
0.6315067247671087,Critical,Escalate: evaluate alternate sourcing / expedite fees; alert downstream planning to adjust schedule or safety stock.
0.6828214040540068,Critical,Escalate: evaluate alternate sourcing / expedite fees; alert downstream planning to adjust schedule or safety stock.
0.6417166427656323,Critical,Escalate: evaluate alternate sourcing / expedite fees; alert downstream planning to adjust schedule or safety stock.
0.6692815419555334,Critical,Escalate: evaluate alternate sourcing / expedite fees; alert downstream planning to adjust schedule or safety stock.
0.5194030441458464,High,Buyer follow-up call with supplier; evaluate expedite shipping quote.
0.562977733739753,High,Buyer follow-up call with supplier; evaluate expedite shipping quote.
0.7651536674450026,Critical,Escalate: evaluate alternate sourcing / expedite fees; alert downstream planning to adjust schedule or safety stock.
0.44705221844787657,High,Buyer follow-up call with supplier; evaluate expedite shipping quote.
0.3454755183178999,High,Buyer follow-up call with supplier; evaluate expedite shipping quote.
0.38866144592145424,High,Buyer follow-up call with supplier; evaluate expedite shipping quote.
0.45267746089628835,High,Buyer follow-up call with supplier; evaluate expedite shipping quote.
0.4140206296723174,High,Buyer follow-up call with supplier; evaluate expedite shipping quote.
0.3323684227420399,High,Buyer follow-up call with supplier; evaluate expedite shipping quote.
0.7422474076426364,Critical,Escalate: evaluate alternate sourcing / expedite fees; alert downstream planning to adjust schedule or safety stock.
0.3031188750622567,High,Buyer follow-up call with supplier; evaluate expedite shipping quote.
0.30702772041105875,High,Buyer follow-up call with supplier; evaluate expedite shipping quote.
0.4701799563825336,High,Buyer follow-up call with supplier; evaluate expedite shipping quote.
0.27757571563829087,Medium,Automated supplier check-in email.
0.5457445417621997,High,Buyer follow-up call with supplier; evaluate expedite shipping quote.
0.5329291821845739,High,Buyer follow-up call with supplier; evaluate expedite shipping quote.
0.2963623522915789,Medium,Automated supplier check-in email.
0.4867171023127823,High,Buyer follow-up call with supplier; evaluate expedite shipping quote.
0.4849566009080035,High,Buyer follow-up call with supplier; evaluate expedite shipping quote.
0.6430427761161086,Critical,Escalate: evaluate alternate sourcing / expedite fees; alert downstream planning to adjust schedule or safety stock.
0.3892259862570305,High,Buyer follow-up call with supplier; evaluate expedite shipping quote.
0.6593765761701983,Critical,Escalate: evaluate alternate sourcing / expedite fees; alert downstream planning to adjust schedule or safety stock.
0.5316062833578882,High,Buyer follow-up call with supplier; evaluate expedite shipping quote.
0.41689197579173803,High,Buyer follow-up call with supplier; evaluate expedite shipping quote.
0.735477628475968,Critical,Escalate: evaluate alternate sourcing / expedite fees; alert downstream planning to adjust schedule or safety stock.
0.304112819824313,High,Buyer follow-up call with supplier; evaluate expedite shipping quote.
0.45788967881140286,High,Buyer follow-up call with supplier; evaluate expedite shipping quote.
0.4589935400744812,High,Buyer follow-up call with supplier; evaluate expedite shipping quote.
0.44428933468258636,High,Buyer follow-up call with supplier; evaluate expedite shipping quote.
0.4308826637778919,High,Buyer follow-up call with supplier; evaluate expedite shipping quote.
0.30301890799390513,High,Buyer follow-up call with supplier; evaluate expedite shipping quote.
0.339739568621087,High,Buyer follow-up call with supplier; evaluate expedite shipping quote.
0.7126040767719228,Critical,Escalate: evaluate alternate sourcing / expedite fees; alert downstream planning to adjust schedule or safety stock.
0.41161988378770803,High,Buyer follow-up call with supplier; evaluate expedite shipping quote.
0.31851417718605,High,Buyer follow-up call with supplier; evaluate expedite shipping quote.
0.4650165827863992,High,Buyer follow-up call with supplier; evaluate expedite shipping quote.
0.40017790481282495,High,Buyer follow-up call with supplier; evaluate expedite shipping quote.
0.5976714438025884,High,Buyer follow-up call with supplier; evaluate expedite shipping quote.
0.5601896954950717,High,Buyer follow-up call with supplier; evaluate expedite shipping quote.
0.6308758944413415,Critical,Escalate: evaluate alternate sourcing / expedite fees; alert downstream planning to adjust schedule or safety stock.
0.33082147619965085,High,Buyer follow-up call with supplier; evaluate expedite shipping quote.
0.40938177640050416,High,Buyer follow-up call with supplier; evaluate expedite shipping quote.
0.4349126272817549,High,Buyer follow-up call with supplier; evaluate expedite shipping quote.
0.559364242984995,High,Buyer follow-up call with supplier; evaluate expedite shipping quote.
0.7631886141765821,Critical,Escalate: evaluate alternate sourcing / expedite fees; alert downstream planning to adjust schedule or safety stock.
0.4155352318948726,High,Buyer follow-up call with supplier; evaluate expedite shipping quote.
0.46346393567906347,High,Buyer follow-up call with supplier; evaluate expedite shipping quote.
0.43902176503199813,High,Buyer follow-up call with supplier; evaluate expedite shipping quote.
0.39085894139387467,High,Buyer follow-up call with supplier; evaluate expedite shipping quote.
0.34028330711246474,High,Buyer follow-up call with supplier; evaluate expedite shipping quote.
0.49041692898621336,High,Buyer follow-up call with supplier; evaluate expedite shipping quote.
0.6180052887606706,Critical,Escalate: evaluate alternate sourcing / expedite fees; alert downstream planning to adjust schedule or safety stock.
0.47420314012196296,High,Buyer follow-up call with supplier; evaluate expedite shipping quote.
0.30270612920937334,High,Buyer follow-up call with supplier; evaluate expedite shipping quote.
0.4235077371228144,High,Buyer follow-up call with supplier; evaluate expedite shipping quote.
0.34519092721277217,High,Buyer follow-up call with supplier; evaluate expedite shipping quote.
0.4355044573966135,High,Buyer follow-up call with supplier; evaluate expedite shipping quote.
0.5577549423193511,High,Buyer follow-up call with supplier; evaluate expedite shipping quote.
0.32120585669159085,High,Buyer follow-up call with supplier; evaluate expedite shipping quote.
0.47706198936359856,High,Buyer follow-up call with supplier; evaluate expedite shipping quote.
0.6639240520944603,Critical,Escalate: evaluate alternate sourcing / expedite fees; alert downstream planning to adjust schedule or safety stock.
0.5160174538269242,High,Buyer follow-up call with supplier; evaluate expedite shipping quote.
0.582911061560286,High,Buyer follow-up call with supplier; evaluate expedite shipping quote.
0.3303674939980292,High,Buyer follow-up call with supplier; evaluate expedite shipping quote.
0.639936128537326,Critical,Escalate: evaluate alternate sourcing / expedite fees; alert downstream planning to adjust schedule or safety stock.
0.6178286055216832,Critical,Escalate: evaluate alternate sourcing / expedite fees; alert downstream planning to adjust schedule or safety stock.
0.4368502661150437,High,Buyer follow-up call with supplier; evaluate expedite shipping quote.
0.3597958922910955,High,Buyer follow-up call with supplier; evaluate expedite shipping quote.
0.379540948818721,High,Buyer follow-up call with supplier; evaluate expedite shipping quote.
0.6511593762937794,Critical,Escalate: evaluate alternate sourcing / expedite fees; alert downstream planning to adjust schedule or safety stock.
0.3888736608130872,High,Buyer follow-up call with supplier; evaluate expedite shipping quote.
0.5955864173413583,High,Buyer follow-up call with supplier; evaluate expedite shipping quote.
0.4761639162563144,High,Buyer follow-up call with supplier; evaluate expedite shipping quote.
0.5273240817741272,High,Buyer follow-up call with supplier; evaluate expedite shipping quote.
0.7294758298028969,Critical,Escalate: evaluate alternate sourcing / expedite fees; alert downstream planning to adjust schedule or safety stock.
0.4326690938106858,High,Buyer follow-up call with supplier; evaluate expedite shipping quote.
0.5456259616771985,High,Buyer follow-up call with supplier; evaluate expedite shipping quote.
0.44155690478105303,High,Buyer follow-up call with supplier; evaluate expedite shipping quote.
0.6098901270447726,Critical,Escalate: evaluate alternate sourcing / expedite fees; alert downstream planning to adjust schedule or safety stock.
0.5713649066587954,High,Buyer follow-up call with supplier; evaluate expedite shipping quote.
0.532212905749104,High,Buyer follow-up call with supplier; evaluate expedite shipping quote.
0.4742837455799705,High,Buyer follow-up call with supplier; evaluate expedite shipping quote.
0.4623674731087814,High,Buyer follow-up call with supplier; evaluate expedite shipping quote.
0.37254180455412333,High,Buyer follow-up call with supplier; evaluate expedite shipping quote.
0.41833196643325493,High,Buyer follow-up call with supplier; evaluate expedite shipping quote.
0.6582505977736947,Critical,Escalate: evaluate alternate sourcing / expedite fees; alert downstream planning to adjust schedule or safety stock.
0.435975939526108,High,Buyer follow-up call with supplier; evaluate expedite shipping quote.
0.5636343921031867,High,Buyer follow-up call with supplier; evaluate expedite shipping quote.
0.41885482459761353,High,Buyer follow-up call with supplier; evaluate expedite shipping quote.
0.6192551498231967,Critical,Escalate: evaluate alternate sourcing / expedite fees; alert downstream planning to adjust schedule or safety stock.
0.37093018655069443,High,Buyer follow-up call with supplier; evaluate expedite shipping quote.
0.4104765415678057,High,Buyer follow-up call with supplier; evaluate expedite shipping quote.
0.4197980502268485,High,Buyer follow-up call with supplier; evaluate expedite shipping quote.
0.4280662945406033,High,Buyer follow-up call with supplier; evaluate expedite shipping quote.
0.3011074025299511,High,Buyer follow-up call with supplier; evaluate expedite shipping quote.
0.7418623358351835,Critical,Escalate: evaluate alternate sourcing / expedite fees; alert downstream planning to adjust schedule or safety stock.
0.4023978247430959,High,Buyer follow-up call with supplier; evaluate expedite shipping quote.
0.36585239390431296,High,Buyer follow-up call with supplier; evaluate expedite shipping quote.
0.5396086790358406,High,Buyer follow-up call with supplier; evaluate expedite shipping quote.
0.30775130572613524,High,Buyer follow-up call with supplier; evaluate expedite shipping quote.
0.41186397789348694,High,Buyer follow-up call with supplier; evaluate expedite shipping quote.
0.3022954031161481,High,Buyer follow-up call with supplier; evaluate expedite shipping quote.
0.6665903640796949,Critical,Escalate: evaluate alternate sourcing / expedite fees; alert downstream planning to adjust schedule or safety stock.
0.5477760496584684,High,Buyer follow-up call with supplier; evaluate expedite shipping quote.
0.6116090211293029,Critical,Escalate: evaluate alternate sourcing / expedite fees; alert downstream planning to adjust schedule or safety stock.
0.6272238165127818,Critical,Escalate: evaluate alternate sourcing / expedite fees; alert downstream planning to adjust schedule or safety stock.
0.4231033199396163,High,Buyer follow-up call with supplier; evaluate expedite shipping quote.
0.5849363876045477,High,Buyer follow-up call with supplier; evaluate expedite shipping quote.
0.6426521157490281,Critical,Escalate: evaluate alternate sourcing / expedite fees; alert downstream planning to adjust schedule or safety stock.
0.441163363486767,High,Buyer follow-up call with supplier; evaluate expedite shipping quote.
0.32931042900897906,High,Buyer follow-up call with supplier; evaluate expedite shipping quote.
0.4325224188558548,High,Buyer follow-up call with supplier; evaluate expedite shipping quote.
0.6490864119610791,Critical,Escalate: evaluate alternate sourcing / expedite fees; alert downstream planning to adjust schedule or safety stock.
0.4694184773457234,High,Buyer follow-up call with supplier; evaluate expedite shipping quote.
0.44846046952298246,High,Buyer follow-up call with supplier; evaluate expedite shipping quote.
0.6808174705200327,Critical,Escalate: evaluate alternate sourcing / expedite fees; alert downstream planning to adjust schedule or safety stock.
0.605696116956598,Critical,Escalate: evaluate alternate sourcing / expedite fees; alert downstream planning to adjust schedule or safety stock.
0.2768342969189024,Medium,Automated supplier check-in email.
0.28996082535595374,Medium,Automated supplier check-in email.
0.3093460387532718,High,Buyer follow-up call with supplier; evaluate expedite shipping quote.
0.4696957442411782,High,Buyer follow-up call with supplier; evaluate expedite shipping quote.
0.4634416242808875,High,Buyer follow-up call with supplier; evaluate expedite shipping quote.
0.5209374566776734,High,Buyer follow-up call with supplier; evaluate expedite shipping quote.
0.2954427465543582,Medium,Automated supplier check-in email.
0.28980889191377224,Medium,Automated supplier check-in email.
0.39837789888901065,High,Buyer follow-up call with supplier; evaluate expedite shipping quote.
0.610159535748757,Critical,Escalate: evaluate alternate sourcing / expedite fees; alert downstream planning to adjust schedule or safety stock.
0.43933466018613604,High,Buyer follow-up call with supplier; evaluate expedite shipping quote.
0.46393372210579925,High,Buyer follow-up call with supplier; evaluate expedite shipping quote.
0.29863302409692205,Medium,Automated supplier check-in email.
0.45346876103527267,High,Buyer follow-up call with supplier; evaluate expedite shipping quote.
0.38716153238293727,High,Buyer follow-up call with supplier; evaluate expedite shipping quote.
0.489130488976809,High,Buyer follow-up call with supplier; evaluate expedite shipping quote.
0.5750984941234604,High,Buyer follow-up call with supplier; evaluate expedite shipping quote.
0.4573489817596437,High,Buyer follow-up call with supplier; evaluate expedite shipping quote.
0.4769879279589445,High,Buyer follow-up call with supplier; evaluate expedite shipping quote.
0.31210935192466266,High,Buyer follow-up call with supplier; evaluate expedite shipping quote.
0.37418638682573774,High,Buyer follow-up call with supplier; evaluate expedite shipping quote.
0.635164081314052,Critical,Escalate: evaluate alternate sourcing / expedite fees; alert downstream planning to adjust schedule or safety stock.
0.6143982722386777,Critical,Escalate: evaluate alternate sourcing / expedite fees; alert downstream planning to adjust schedule or safety stock.
0.5429670796860373,High,Buyer follow-up call with supplier; evaluate expedite shipping quote.
0.41320840953409266,High,Buyer follow-up call with supplier; evaluate expedite shipping quote.
0.6304506322797564,Critical,Escalate: evaluate alternate sourcing / expedite fees; alert downstream planning to adjust schedule or safety stock.
0.6700745441992397,Critical,Escalate: evaluate alternate sourcing / expedite fees; alert downstream planning to adjust schedule or safety stock.
0.462845288200334,High,Buyer follow-up call with supplier; evaluate expedite shipping quote.
0.33259828564097293,High,Buyer follow-up call with supplier; evaluate expedite shipping quote.
0.5140355005670432,High,Buyer follow-up call with supplier; evaluate expedite shipping quote.
0.34195303168812874,High,Buyer follow-up call with supplier; evaluate expedite shipping quote.
0.6084684064774881,Critical,Escalate: evaluate alternate sourcing / expedite fees; alert downstream planning to adjust schedule or safety stock.
0.41212835686380056,High,Buyer follow-up call with supplier; evaluate expedite shipping quote.
0.3950694026752309,High,Buyer follow-up call with supplier; evaluate expedite shipping quote.
0.45215757232852943,High,Buyer follow-up call with supplier; evaluate expedite shipping quote.
0.6131316311238892,Critical,Escalate: evaluate alternate sourcing / expedite fees; alert downstream planning to adjust schedule or safety stock.
0.31941267696487846,High,Buyer follow-up call with supplier; evaluate expedite shipping quote.
0.4438346199055346,High,Buyer follow-up call with supplier; evaluate expedite shipping quote.
0.6731106504631201,Critical,Escalate: evaluate alternate sourcing / expedite fees; alert downstream planning to adjust schedule or safety stock.
0.3902704152741539,High,Buyer follow-up call with supplier; evaluate expedite shipping quote.
0.6841440728880107,Critical,Escalate: evaluate alternate sourcing / expedite fees; alert downstream planning to adjust schedule or safety stock.
0.2991271940069072,Medium,Automated supplier check-in email.
0.6533993930469763,Critical,Escalate: evaluate alternate sourcing / expedite fees; alert downstream planning to adjust schedule or safety stock.
0.4174887426913074,High,Buyer follow-up call with supplier; evaluate expedite shipping quote.
0.42969803469251155,High,Buyer follow-up call with supplier; evaluate expedite shipping quote.
0.417930281960518,High,Buyer follow-up call with supplier; evaluate expedite shipping quote.
0.2816302350491385,Medium,Automated supplier check-in email.
0.3958530888966523,High,Buyer follow-up call with supplier; evaluate expedite shipping quote.
0.4501501134747428,High,Buyer follow-up call with supplier; evaluate expedite shipping quote.
0.677925892552632,Critical,Escalate: evaluate alternate sourcing / expedite fees; alert downstream planning to adjust schedule or safety stock.
0.6053615932637488,Critical,Escalate: evaluate alternate sourcing / expedite fees; alert downstream planning to adjust schedule or safety stock.
0.42292494195598973,High,Buyer follow-up call with supplier; evaluate expedite shipping quote.
0.6923632125787657,Critical,Escalate: evaluate alternate sourcing / expedite fees; alert downstream planning to adjust schedule or safety stock.
0.5781693959534524,High,Buyer follow-up call with supplier; evaluate expedite shipping quote.
0.3516942590077848,High,Buyer follow-up call with supplier; evaluate expedite shipping quote.
0.3150356021613199,High,Buyer follow-up call with supplier; evaluate expedite shipping quote.
0.45364337515730435,High,Buyer follow-up call with supplier; evaluate expedite shipping quote.
0.3809691332545702,High,Buyer follow-up call with supplier; evaluate expedite shipping quote.
0.42295095962642393,High,Buyer follow-up call with supplier; evaluate expedite shipping quote.
0.6748095196519445,Critical,Escalate: evaluate alternate sourcing / expedite fees; alert downstream planning to adjust schedule or safety stock.
0.4754308430646244,High,Buyer follow-up call with supplier; evaluate expedite shipping quote.
0.4163692863321447,High,Buyer follow-up call with supplier; evaluate expedite shipping quote.
0.5974192352402222,High,Buyer follow-up call with supplier; evaluate expedite shipping quote.
0.4979797082020521,High,Buyer follow-up call with supplier; evaluate expedite shipping quote.
0.6359880122671425,Critical,Escalate: evaluate alternate sourcing / expedite fees; alert downstream planning to adjust schedule or safety stock.
0.47851242873186367,High,Buyer follow-up call with supplier; evaluate expedite shipping quote.
0.520695867791281,High,Buyer follow-up call with supplier; evaluate expedite shipping quote.
0.2952320309732936,Medium,Automated supplier check-in email.
0.4551425550110516,High,Buyer follow-up call with supplier; evaluate expedite shipping quote.
0.6211310418151603,Critical,Escalate: evaluate alternate sourcing / expedite fees; alert downstream planning to adjust schedule or safety stock.
0.3875981417429276,High,Buyer follow-up call with supplier; evaluate expedite shipping quote.
0.4459128983111742,High,Buyer follow-up call with supplier; evaluate expedite shipping quote.
0.39282482800543045,High,Buyer follow-up call with supplier; evaluate expedite shipping quote.
0.40033394004446704,High,Buyer follow-up call with supplier; evaluate expedite shipping quote.
0.6916243391874631,Critical,Escalate: evaluate alternate sourcing / expedite fees; alert downstream planning to adjust schedule or safety stock.
0.5122541075953805,High,Buyer follow-up call with supplier; evaluate expedite shipping quote.
0.3149717787116656,High,Buyer follow-up call with supplier; evaluate expedite shipping quote.
0.4059506809069794,High,Buyer follow-up call with supplier; evaluate expedite shipping quote.
0.4793925041536415,High,Buyer follow-up call with supplier; evaluate expedite shipping quote.
0.5474790316800873,High,Buyer follow-up call with supplier; evaluate expedite shipping quote.
0.37952657817691543,High,Buyer follow-up call with supplier; evaluate expedite shipping quote.
0.5579339281358108,High,Buyer follow-up call with supplier; evaluate expedite shipping quote.
0.4317866613490249,High,Buyer follow-up call with supplier; evaluate expedite shipping quote.
0.45570492466133616,High,Buyer follow-up call with supplier; evaluate expedite shipping quote.
0.4939345876492773,High,Buyer follow-up call with supplier; evaluate expedite shipping quote.
0.4281655035681502,High,Buyer follow-up call with supplier; evaluate expedite shipping quote.
0.38177439051868256,High,Buyer follow-up call with supplier; evaluate expedite shipping quote.
0.3750111192892706,High,Buyer follow-up call with supplier; evaluate expedite shipping quote.
0.44045755836441214,High,Buyer follow-up call with supplier; evaluate expedite shipping quote.
0.3669141638200104,High,Buyer follow-up call with supplier; evaluate expedite shipping quote.
0.42363734168841577,High,Buyer follow-up call with supplier; evaluate expedite shipping quote.
0.5943032737489987,High,Buyer follow-up call with supplier; evaluate expedite shipping quote.
0.47809208522721436,High,Buyer follow-up call with supplier; evaluate expedite shipping quote.
0.4189914742700429,High,Buyer follow-up call with supplier; evaluate expedite shipping quote.
0.3020578953044196,High,Buyer follow-up call with supplier; evaluate expedite shipping quote.
0.43111906200294675,High,Buyer follow-up call with supplier; evaluate expedite shipping quote.
0.5078664874172092,High,Buyer follow-up call with supplier; evaluate expedite shipping quote.
0.40111264349129266,High,Buyer follow-up call with supplier; evaluate expedite shipping quote.
0.5376984513890622,High,Buyer follow-up call with supplier; evaluate expedite shipping quote.
0.48944838598609414,High,Buyer follow-up call with supplier; evaluate expedite shipping quote.
0.6430926809249451,Critical,Escalate: evaluate alternate sourcing / expedite fees; alert downstream planning to adjust schedule or safety stock.
0.4346890874231948,High,Buyer follow-up call with supplier; evaluate expedite shipping quote.
0.6895289930088621,Critical,Escalate: evaluate alternate sourcing / expedite fees; alert downstream planning to adjust schedule or safety stock.
0.5991680500106155,High,Buyer follow-up call with supplier; evaluate expedite shipping quote.
0.3181581333525455,High,Buyer follow-up call with supplier; evaluate expedite shipping quote.
0.4407742893266954,High,Buyer follow-up call with supplier; evaluate expedite shipping quote.
0.43145122278955267,High,Buyer follow-up call with supplier; evaluate expedite shipping quote.
0.4445427507106514,High,Buyer follow-up call with supplier; evaluate expedite shipping quote.
0.6956589957570782,Critical,Escalate: evaluate alternate sourcing / expedite fees; alert downstream planning to adjust schedule or safety stock.
0.3772801794481696,High,Buyer follow-up call with supplier; evaluate expedite shipping quote.
0.4637388324902672,High,Buyer follow-up call with supplier; evaluate expedite shipping quote.
0.686411390879042,Critical,Escalate: evaluate alternate sourcing / expedite fees; alert downstream planning to adjust schedule or safety stock.
0.46491872473180995,High,Buyer follow-up call with supplier; evaluate expedite shipping quote.
0.30367052931825905,High,Buyer follow-up call with supplier; evaluate expedite shipping quote.
0.4647155692034781,High,Buyer follow-up call with supplier; evaluate expedite shipping quote.
0.40925383120846137,High,Buyer follow-up call with supplier; evaluate expedite shipping quote.
0.2902744058782598,Medium,Automated supplier check-in email.
0.3050371466923316,High,Buyer follow-up call with supplier; evaluate expedite shipping quote.
0.4383679622207876,High,Buyer follow-up call with supplier; evaluate expedite shipping quote.
0.6119039349823902,Critical,Escalate: evaluate alternate sourcing / expedite fees; alert downstream planning to adjust schedule or safety stock.
0.4446257138948344,High,Buyer follow-up call with supplier; evaluate expedite shipping quote.
0.4370822883789232,High,Buyer follow-up call with supplier; evaluate expedite shipping quote.
0.49216043672701676,High,Buyer follow-up call with supplier; evaluate expedite shipping quote.
0.5840619618887744,High,Buyer follow-up call with supplier; evaluate expedite shipping quote.
0.30998136397060555,High,Buyer follow-up call with supplier; evaluate expedite shipping quote.
0.6753434942874844,Critical,Escalate: evaluate alternate sourcing / expedite fees; alert downstream planning to adjust schedule or safety stock.
0.3954218050775146,High,Buyer follow-up call with supplier; evaluate expedite shipping quote.
0.49396748292042963,High,Buyer follow-up call with supplier; evaluate expedite shipping quote.
0.309170572797579,High,Buyer follow-up call with supplier; evaluate expedite shipping quote.
0.4333610474242856,High,Buyer follow-up call with supplier; evaluate expedite shipping quote.
0.4011146389281464,High,Buyer follow-up call with supplier; evaluate expedite shipping quote.
0.45761576848833657,High,Buyer follow-up call with supplier; evaluate expedite shipping quote.
0.41763618267847585,High,Buyer follow-up call with supplier; evaluate expedite shipping quote.
0.44051555974269824,High,Buyer follow-up call with supplier; evaluate expedite shipping quote.
0.5905072812696697,High,Buyer follow-up call with supplier; evaluate expedite shipping quote.
0.41196676623238215,High,Buyer follow-up call with supplier; evaluate expedite shipping quote.
0.37294426798464875,High,Buyer follow-up call with supplier; evaluate expedite shipping quote.
0.3184338603978208,High,Buyer follow-up call with supplier; evaluate expedite shipping quote.
0.30569970070067753,High,Buyer follow-up call with supplier; evaluate expedite shipping quote.
0.45317803556557995,High,Buyer follow-up call with supplier; evaluate expedite shipping quote.
0.4399694334033823,High,Buyer follow-up call with supplier; evaluate expedite shipping quote.
0.2991271940069072,Medium,Automated supplier check-in email.
0.3789606174259702,High,Buyer follow-up call with supplier; evaluate expedite shipping quote.
0.4675075300745095,High,Buyer follow-up call with supplier; evaluate expedite shipping quote.
0.4528509518856323,High,Buyer follow-up call with supplier; evaluate expedite shipping quote.
0.39246897167506395,High,Buyer follow-up call with supplier; evaluate expedite shipping quote.
0.34261352358811176,High,Buyer follow-up call with supplier; evaluate expedite shipping quote.
0.5922592886613305,High,Buyer follow-up call with supplier; evaluate expedite shipping quote.
0.33019505485828166,High,Buyer follow-up call with supplier; evaluate expedite shipping quote.
0.4371548759933196,High,Buyer follow-up call with supplier; evaluate expedite shipping quote.
0.6094582209233921,Critical,Escalate: evaluate alternate sourcing / expedite fees; alert downstream planning to adjust schedule or safety stock.
0.48139440154332025,High,Buyer follow-up call with supplier; evaluate expedite shipping quote.
0.3461684906868678,High,Buyer follow-up call with supplier; evaluate expedite shipping quote.
0.6517124185641154,Critical,Escalate: evaluate alternate sourcing / expedite fees; alert downstream planning to adjust schedule or safety stock.
0.29860446491210585,Medium,Automated supplier check-in email.
0.291522026874922,Medium,Automated supplier check-in email.
0.4628321424764699,High,Buyer follow-up call with supplier; evaluate expedite shipping quote.
0.5786833142913641,High,Buyer follow-up call with supplier; evaluate expedite shipping quote.
0.4407930873065848,High,Buyer follow-up call with supplier; evaluate expedite shipping quote.
0.44651382859146854,High,Buyer follow-up call with supplier; evaluate expedite shipping quote.
0.5831356532340104,High,Buyer follow-up call with supplier; evaluate expedite shipping quote.
0.3830307831689298,High,Buyer follow-up call with supplier; evaluate expedite shipping quote.
0.49533665039962194,High,Buyer follow-up call with supplier; evaluate expedite shipping quote.
0.5104680149272427,High,Buyer follow-up call with supplier; evaluate expedite shipping quote.
0.46563648912900824,High,Buyer follow-up call with supplier; evaluate expedite shipping quote.
0.44828333486996574,High,Buyer follow-up call with supplier; evaluate expedite shipping quote.
0.6336278313701909,Critical,Escalate: evaluate alternate sourcing / expedite fees; alert downstream planning to adjust schedule or safety stock.
0.4721811600759943,High,Buyer follow-up call with supplier; evaluate expedite shipping quote.
0.5624551568669087,High,Buyer follow-up call with supplier; evaluate expedite shipping quote.
0.4099606884402245,High,Buyer follow-up call with supplier; evaluate expedite shipping quote.
0.6956191379419115,Critical,Escalate: evaluate alternate sourcing / expedite fees; alert downstream planning to adjust schedule or safety stock.
0.7873146962138102,Critical,Escalate: evaluate alternate sourcing / expedite fees; alert downstream planning to adjust schedule or safety stock.
0.3913574245333331,High,Buyer follow-up call with supplier; evaluate expedite shipping quote.
0.6481137138638047,Critical,Escalate: evaluate alternate sourcing / expedite fees; alert downstream planning to adjust schedule or safety stock.
0.39644782335395784,High,Buyer follow-up call with supplier; evaluate expedite shipping quote.
0.7011312677229348,Critical,Escalate: evaluate alternate sourcing / expedite fees; alert downstream planning to adjust schedule or safety stock.
0.3039667063225152,High,Buyer follow-up call with supplier; evaluate expedite shipping quote.
0.46128906758938365,High,Buyer follow-up call with supplier; evaluate expedite shipping quote.
0.5619824757971041,High,Buyer follow-up call with supplier; evaluate expedite shipping quote.
0.2858390155524026,Medium,Automated supplier check-in email.
0.579689114931,High,Buyer follow-up call with supplier; evaluate expedite shipping quote.
0.3292318364341446,High,Buyer follow-up call with supplier; evaluate expedite shipping quote.
0.6101833371676427,Critical,Escalate: evaluate alternate sourcing / expedite fees; alert downstream planning to adjust schedule or safety stock.
0.3049538995638392,High,Buyer follow-up call with supplier; evaluate expedite shipping quote.
0.791773321854003,Critical,Escalate: evaluate alternate sourcing / expedite fees; alert downstream planning to adjust schedule or safety stock.
0.7270904169175468,Critical,Escalate: evaluate alternate sourcing / expedite fees; alert downstream planning to adjust schedule or safety stock.
0.6706664072561898,Critical,Escalate: evaluate alternate sourcing / expedite fees; alert downstream planning to adjust schedule or safety stock.
0.4198403553402015,High,Buyer follow-up call with supplier; evaluate expedite shipping quote.
0.37727459918724865,High,Buyer follow-up call with supplier; evaluate expedite shipping quote.
0.4784100276688608,High,Buyer follow-up call with supplier; evaluate expedite shipping quote.
0.6176514225496217,Critical,Escalate: evaluate alternate sourcing / expedite fees; alert downstream planning to adjust schedule or safety stock.
0.2964481158140387,Medium,Automated supplier check-in email.
0.3595802462048062,High,Buyer follow-up call with supplier; evaluate expedite shipping quote.
0.43178097654525466,High,Buyer follow-up call with supplier; evaluate expedite shipping quote.
0.4483158242156782,High,Buyer follow-up call with supplier; evaluate expedite shipping quote.
0.3149549439072008,High,Buyer follow-up call with supplier; evaluate expedite shipping quote.
0.5061748404753067,High,Buyer follow-up call with supplier; evaluate expedite shipping quote.
0.4781537447107328,High,Buyer follow-up call with supplier; evaluate expedite shipping quote.
0.4896474605542279,High,Buyer follow-up call with supplier; evaluate expedite shipping quote.
0.559729782051757,High,Buyer follow-up call with supplier; evaluate expedite shipping quote.
0.38987676121452536,High,Buyer follow-up call with supplier; evaluate expedite shipping quote.
0.7609687253018308,Critical,Escalate: evaluate alternate sourcing / expedite fees; alert downstream planning to adjust schedule or safety stock.
0.5640532090605889,High,Buyer follow-up call with supplier; evaluate expedite shipping quote.
0.40922422993873164,High,Buyer follow-up call with supplier; evaluate expedite shipping quote.
0.4219784358327234,High,Buyer follow-up call with supplier; evaluate expedite shipping quote.
0.29432661529689713,Medium,Automated supplier check-in email.
0.47748734148944955,High,Buyer follow-up call with supplier; evaluate expedite shipping quote.
0.3954467274033172,High,Buyer follow-up call with supplier; evaluate expedite shipping quote.
0.4437988197661061,High,Buyer follow-up call with supplier; evaluate expedite shipping quote.
0.5160290255999043,High,Buyer follow-up call with supplier; evaluate expedite shipping quote.
0.31547013309541694,High,Buyer follow-up call with supplier; evaluate expedite shipping quote.
0.5700175122373516,High,Buyer follow-up call with supplier; evaluate expedite shipping quote.
0.584164903174219,High,Buyer follow-up call with supplier; evaluate expedite shipping quote.
0.7071553607009665,Critical,Escalate: evaluate alternate sourcing / expedite fees; alert downstream planning to adjust schedule or safety stock.
0.3515294640033376,High,Buyer follow-up call with supplier; evaluate expedite shipping quote.
0.46946315744005956,High,Buyer follow-up call with supplier; evaluate expedite shipping quote.
0.570360055988593,High,Buyer follow-up call with supplier; evaluate expedite shipping quote.
0.28427379596988306,Medium,Automated supplier check-in email.
0.568589526689983,High,Buyer follow-up call with supplier; evaluate expedite shipping quote.
0.5790559087332154,High,Buyer follow-up call with supplier; evaluate expedite shipping quote.
0.43563484374211386,High,Buyer follow-up call with supplier; evaluate expedite shipping quote.
0.5035899386390371,High,Buyer follow-up call with supplier; evaluate expedite shipping quote.
0.4895901474820254,High,Buyer follow-up call with supplier; evaluate expedite shipping quote.
0.4669653882537928,High,Buyer follow-up call with supplier; evaluate expedite shipping quote.
0.7003760723448643,Critical,Escalate: evaluate alternate sourcing / expedite fees; alert downstream planning to adjust schedule or safety stock.
0.4205047719574214,High,Buyer follow-up call with supplier; evaluate expedite shipping quote.
0.6693559444835069,Critical,Escalate: evaluate alternate sourcing / expedite fees; alert downstream planning to adjust schedule or safety stock.
0.37571056677793413,High,Buyer follow-up call with supplier; evaluate expedite shipping quote.
0.4038663110933876,High,Buyer follow-up call with supplier; evaluate expedite shipping quote.
0.3830233444413604,High,Buyer follow-up call with supplier; evaluate expedite shipping quote.
0.3366388790439694,High,Buyer follow-up call with supplier; evaluate expedite shipping quote.
0.5175559834586739,High,Buyer follow-up call with supplier; evaluate expedite shipping quote.
0.6673460872704978,Critical,Escalate: evaluate alternate sourcing / expedite fees; alert downstream planning to adjust schedule or safety stock.
0.44334813706770887,High,Buyer follow-up call with supplier; evaluate expedite shipping quote.
0.4531723376763153,High,Buyer follow-up call with supplier; evaluate expedite shipping quote.
0.3147483775667961,High,Buyer follow-up call with supplier; evaluate expedite shipping quote.
0.42213868345803435,High,Buyer follow-up call with supplier; evaluate expedite shipping quote.
0.3944738562079247,High,Buyer follow-up call with supplier; evaluate expedite shipping quote.
0.6243734935497777,Critical,Escalate: evaluate alternate sourcing / expedite fees; alert downstream planning to adjust schedule or safety stock.
0.39644977329336406,High,Buyer follow-up call with supplier; evaluate expedite shipping quote.
0.43348295827877514,High,Buyer follow-up call with supplier; evaluate expedite shipping quote.
0.6386991424915084,Critical,Escalate: evaluate alternate sourcing / expedite fees; alert downstream planning to adjust schedule or safety stock.
0.38481105563251755,High,Buyer follow-up call with supplier; evaluate expedite shipping quote.
0.3112929238319758,High,Buyer follow-up call with supplier; evaluate expedite shipping quote.
0.2555358159280926,Medium,Automated supplier check-in email.
0.61287677043802,Critical,Escalate: evaluate alternate sourcing / expedite fees; alert downstream planning to adjust schedule or safety stock.
0.5734969728188516,High,Buyer follow-up call with supplier; evaluate expedite shipping quote.
0.42860062371652763,High,Buyer follow-up call with supplier; evaluate expedite shipping quote.
0.5987676128545991,High,Buyer follow-up call with supplier; evaluate expedite shipping quote.
0.5861218323572222,High,Buyer follow-up call with supplier; evaluate expedite shipping quote.
0.6897765752144571,Critical,Escalate: evaluate alternate sourcing / expedite fees; alert downstream planning to adjust schedule or safety stock.
0.626416869683755,Critical,Escalate: evaluate alternate sourcing / expedite fees; alert downstream planning to adjust schedule or safety stock.
0.6144745140498048,Critical,Escalate: evaluate alternate sourcing / expedite fees; alert downstream planning to adjust schedule or safety stock.
0.4585949410634683,High,Buyer follow-up call with supplier; evaluate expedite shipping quote.
0.5488769884036727,High,Buyer follow-up call with supplier; evaluate expedite shipping quote.
0.46405824518297667,High,Buyer follow-up call with supplier; evaluate expedite shipping quote.
0.48224174997616975,High,Buyer follow-up call with supplier; evaluate expedite shipping quote.
0.41752232588939364,High,Buyer follow-up call with supplier; evaluate expedite shipping quote.
0.42171991716587576,High,Buyer follow-up call with supplier; evaluate expedite shipping quote.
0.47086013394992554,High,Buyer follow-up call with supplier; evaluate expedite shipping quote.
0.5298009590910181,High,Buyer follow-up call with supplier; evaluate expedite shipping quote.
0.3376084765316008,High,Buyer follow-up call with supplier; evaluate expedite shipping quote.
0.7944449145420784,Critical,Escalate: evaluate alternate sourcing / expedite fees; alert downstream planning to adjust schedule or safety stock.
0.395557450420862,High,Buyer follow-up call with supplier; evaluate expedite shipping quote.
0.45513490655426864,High,Buyer follow-up call with supplier; evaluate expedite shipping quote.
0.35914094698559423,High,Buyer follow-up call with supplier; evaluate expedite shipping quote.
0.411470401848635,High,Buyer follow-up call with supplier; evaluate expedite shipping quote.
0.4412255946934921,High,Buyer follow-up call with supplier; evaluate expedite shipping quote.
0.4059006100135262,High,Buyer follow-up call with supplier; evaluate expedite shipping quote.
0.45977347921580225,High,Buyer follow-up call with supplier; evaluate expedite shipping quote.
0.4652265530058109,High,Buyer follow-up call with supplier; evaluate expedite shipping quote.
0.31433558845114096,High,Buyer follow-up call with supplier; evaluate expedite shipping quote.
0.2999713540028578,Medium,Automated supplier check-in email.
0.6630497535121641,Critical,Escalate: evaluate alternate sourcing / expedite fees; alert downstream planning to adjust schedule or safety stock.
0.5989350387635639,High,Buyer follow-up call with supplier; evaluate expedite shipping quote.
0.7883864156307316,Critical,Escalate: evaluate alternate sourcing / expedite fees; alert downstream planning to adjust schedule or safety stock.
0.5718549717208373,High,Buyer follow-up call with supplier; evaluate expedite shipping quote.
0.3500492666725751,High,Buyer follow-up call with supplier; evaluate expedite shipping quote.
0.4279830312640588,High,Buyer follow-up call with supplier; evaluate expedite shipping quote.
0.668290095811064,Critical,Escalate: evaluate alternate sourcing / expedite fees; alert downstream planning to adjust schedule or safety stock.
0.43805827211817994,High,Buyer follow-up call with supplier; evaluate expedite shipping quote.
0.5533420791927369,High,Buyer follow-up call with supplier; evaluate expedite shipping quote.
0.474389949841775,High,Buyer follow-up call with supplier; evaluate expedite shipping quote.
0.5927501248693887,High,Buyer follow-up call with supplier; evaluate expedite shipping quote.
0.5054471390408222,High,Buyer follow-up call with supplier; evaluate expedite shipping quote.
0.4370041558486523,High,Buyer follow-up call with supplier; evaluate expedite shipping quote.
0.5517030927743514,High,Buyer follow-up call with supplier; evaluate expedite shipping quote.
0.4214425672567511,High,Buyer follow-up call with supplier; evaluate expedite shipping quote.
0.44654034546072624,High,Buyer follow-up call with supplier; evaluate expedite shipping quote.
0.33473047033454706,High,Buyer follow-up call with supplier; evaluate expedite shipping quote.
0.42699053558739253,High,Buyer follow-up call with supplier; evaluate expedite shipping quote.
0.3975044679517052,High,Buyer follow-up call with supplier; evaluate expedite shipping quote.
0.5593145990858368,High,Buyer follow-up call with supplier; evaluate expedite shipping quote.
0.41071166023991734,High,Buyer follow-up call with supplier; evaluate expedite shipping quote.
0.5145513132227398,High,Buyer follow-up call with supplier; evaluate expedite shipping quote.
0.5163373834246252,High,Buyer follow-up call with supplier; evaluate expedite shipping quote.
0.6267877324236208,Critical,Escalate: evaluate alternate sourcing / expedite fees; alert downstream planning to adjust schedule or safety stock.
0.2956888341679116,Medium,Automated supplier check-in email.
0.4710569325444894,High,Buyer follow-up call with supplier; evaluate expedite shipping quote.
0.567320721579235,High,Buyer follow-up call with supplier; evaluate expedite shipping quote.
0.4980861133667736,High,Buyer follow-up call with supplier; evaluate expedite shipping quote.
0.5477846981078353,High,Buyer follow-up call with supplier; evaluate expedite shipping quote.
0.3015835649381221,High,Buyer follow-up call with supplier; evaluate expedite shipping quote.
0.36762033479648387,High,Buyer follow-up call with supplier; evaluate expedite shipping quote.
0.42668735483690284,High,Buyer follow-up call with supplier; evaluate expedite shipping quote.
0.40882228906893797,High,Buyer follow-up call with supplier; evaluate expedite shipping quote.
0.7107187705315321,Critical,Escalate: evaluate alternate sourcing / expedite fees; alert downstream planning to adjust schedule or safety stock.
0.43177912503359206,High,Buyer follow-up call with supplier; evaluate expedite shipping quote.
0.5564945896832328,High,Buyer follow-up call with supplier; evaluate expedite shipping quote.
0.5154696176803485,High,Buyer follow-up call with supplier; evaluate expedite shipping quote.
0.27969249875437185,Medium,Automated supplier check-in email.
0.699536884974143,Critical,Escalate: evaluate alternate sourcing / expedite fees; alert downstream planning to adjust schedule or safety stock.
0.577309526388109,High,Buyer follow-up call with supplier; evaluate expedite shipping quote.
0.38867932743473754,High,Buyer follow-up call with supplier; evaluate expedite shipping quote.
0.3179973044539076,High,Buyer follow-up call with supplier; evaluate expedite shipping quote.
0.448384965051534,High,Buyer follow-up call with supplier; evaluate expedite shipping quote.
0.44546680733196375,High,Buyer follow-up call with supplier; evaluate expedite shipping quote.
0.43271994660584834,High,Buyer follow-up call with supplier; evaluate expedite shipping quote.
0.29460969006517207,Medium,Automated supplier check-in email.
0.34968730245636365,High,Buyer follow-up call with supplier; evaluate expedite shipping quote.
0.4532050504329343,High,Buyer follow-up call with supplier; evaluate expedite shipping quote.
0.4478440335515957,High,Buyer follow-up call with supplier; evaluate expedite shipping quote.
0.6279981232330804,Critical,Escalate: evaluate alternate sourcing / expedite fees; alert downstream planning to adjust schedule or safety stock.
0.27538855256066813,Medium,Automated supplier check-in email.
0.6281667093665124,Critical,Escalate: evaluate alternate sourcing / expedite fees; alert downstream planning to adjust schedule or safety stock.
0.47125537694683156,High,Buyer follow-up call with supplier; evaluate expedite shipping quote.
0.27993431818427666,Medium,Automated supplier check-in email.
0.3876286263110026,High,Buyer follow-up call with supplier; evaluate expedite shipping quote.
0.6904717967468987,Critical,Escalate: evaluate alternate sourcing / expedite fees; alert downstream planning to adjust schedule or safety stock.
0.5590517674917274,High,Buyer follow-up call with supplier; evaluate expedite shipping quote.
0.39406162417046925,High,Buyer follow-up call with supplier; evaluate expedite shipping quote.
0.7119378267779872,Critical,Escalate: evaluate alternate sourcing / expedite fees; alert downstream planning to adjust schedule or safety stock.
0.44741478765257675,High,Buyer follow-up call with supplier; evaluate expedite shipping quote.
0.44918584664439354,High,Buyer follow-up call with supplier; evaluate expedite shipping quote.
0.4952285845404344,High,Buyer follow-up call with supplier; evaluate expedite shipping quote.
0.4415572462996052,High,Buyer follow-up call with supplier; evaluate expedite shipping quote.
0.46012935523854576,High,Buyer follow-up call with supplier; evaluate expedite shipping quote.
0.5272940110556971,High,Buyer follow-up call with supplier; evaluate expedite shipping quote.
0.6859088944283285,Critical,Escalate: evaluate alternate sourcing / expedite fees; alert downstream planning to adjust schedule or safety stock.
0.3069881556190582,High,Buyer follow-up call with supplier; evaluate expedite shipping quote.
0.34835365871427537,High,Buyer follow-up call with supplier; evaluate expedite shipping quote.
0.4457505454561464,High,Buyer follow-up call with supplier; evaluate expedite shipping quote.
0.42077549990409574,High,Buyer follow-up call with supplier; evaluate expedite shipping quote.
0.6791971963489516,Critical,Escalate: evaluate alternate sourcing / expedite fees; alert downstream planning to adjust schedule or safety stock.
0.42981460310885583,High,Buyer follow-up call with supplier; evaluate expedite shipping quote.
0.45315946409905683,High,Buyer follow-up call with supplier; evaluate expedite shipping quote.
0.4844811420534673,High,Buyer follow-up call with supplier; evaluate expedite shipping quote.
0.4300886551521137,High,Buyer follow-up call with supplier; evaluate expedite shipping quote.
0.47142952566433705,High,Buyer follow-up call with supplier; evaluate expedite shipping quote.
0.43976588128572913,High,Buyer follow-up call with supplier; evaluate expedite shipping quote.
0.466508960475094,High,Buyer follow-up call with supplier; evaluate expedite shipping quote.
0.3050403709627842,High,Buyer follow-up call with supplier; evaluate expedite shipping quote.
0.33342169402219785,High,Buyer follow-up call with supplier; evaluate expedite shipping quote.
0.47335725163911335,High,Buyer follow-up call with supplier; evaluate expedite shipping quote.
0.30319628048946956,High,Buyer follow-up call with supplier; evaluate expedite shipping quote.
0.4272134295523091,High,Buyer follow-up call with supplier; evaluate expedite shipping quote.
0.4927210219927713,High,Buyer follow-up call with supplier; evaluate expedite shipping quote.
0.6292802947075019,Critical,Escalate: evaluate alternate sourcing / expedite fees; alert downstream planning to adjust schedule or safety stock.
0.46025266606220705,High,Buyer follow-up call with supplier; evaluate expedite shipping quote.
0.39994251449807894,High,Buyer follow-up call with supplier; evaluate expedite shipping quote.
0.39411739405190044,High,Buyer follow-up call with supplier; evaluate expedite shipping quote.
0.6088156914043226,Critical,Escalate: evaluate alternate sourcing / expedite fees; alert downstream planning to adjust schedule or safety stock.
0.3121272328332925,High,Buyer follow-up call with supplier; evaluate expedite shipping quote.
0.4029863680401433,High,Buyer follow-up call with supplier; evaluate expedite shipping quote.
0.3942014225360375,High,Buyer follow-up call with supplier; evaluate expedite shipping quote.
0.387091948625718,High,Buyer follow-up call with supplier; evaluate expedite shipping quote.
0.45488020770096743,High,Buyer follow-up call with supplier; evaluate expedite shipping quote.
0.4276227189795554,High,Buyer follow-up call with supplier; evaluate expedite shipping quote.
0.32026255089076267,High,Buyer follow-up call with supplier; evaluate expedite shipping quote.
0.5435081005272447,High,Buyer follow-up call with supplier; evaluate expedite shipping quote.
0.46556984742332663,High,Buyer follow-up call with supplier; evaluate expedite shipping quote.
0.4328014836344741,High,Buyer follow-up call with supplier; evaluate expedite shipping quote.
0.42557102668628033,High,Buyer follow-up call with supplier; evaluate expedite shipping quote.
0.69966421247153,Critical,Escalate: evaluate alternate sourcing / expedite fees; alert downstream planning to adjust schedule or safety stock.
0.3456485119397677,High,Buyer follow-up call with supplier; evaluate expedite shipping quote.
0.29006099447633366,Medium,Automated supplier check-in email.
0.2979805811535219,Medium,Automated supplier check-in email.
0.3541897580893209,High,Buyer follow-up call with supplier; evaluate expedite shipping quote.
0.47853251210539716,High,Buyer follow-up call with supplier; evaluate expedite shipping quote.
0.3898838590246846,High,Buyer follow-up call with supplier; evaluate expedite shipping quote.
0.3013253826302165,High,Buyer follow-up call with supplier; evaluate expedite shipping quote.
0.573154709464421,High,Buyer follow-up call with supplier; evaluate expedite shipping quote.
0.4444064720986096,High,Buyer follow-up call with supplier; evaluate expedite shipping quote.
0.42287637364027947,High,Buyer follow-up call with supplier; evaluate expedite shipping quote.
0.48011209390519055,High,Buyer follow-up call with supplier; evaluate expedite shipping quote.
0.5379772711814335,High,Buyer follow-up call with supplier; evaluate expedite shipping quote.
0.6674530071798368,Critical,Escalate: evaluate alternate sourcing / expedite fees; alert downstream planning to adjust schedule or safety stock.
0.4892156314564571,High,Buyer follow-up call with supplier; evaluate expedite shipping quote.
0.31345808511858164,High,Buyer follow-up call with supplier; evaluate expedite shipping quote.
0.3180848816690908,High,Buyer follow-up call with supplier; evaluate expedite shipping quote.
0.7605061944258343,Critical,Escalate: evaluate alternate sourcing / expedite fees; alert downstream planning to adjust schedule or safety stock.
0.6567511967206845,Critical,Escalate: evaluate alternate sourcing / expedite fees; alert downstream planning to adjust schedule or safety stock.
0.49913740487892233,High,Buyer follow-up call with supplier; evaluate expedite shipping quote.
0.3124781956635142,High,Buyer follow-up call with supplier; evaluate expedite shipping quote.
0.6763313271582755,Critical,Escalate: evaluate alternate sourcing / expedite fees; alert downstream planning to adjust schedule or safety stock.
0.4657329261220174,High,Buyer follow-up call with supplier; evaluate expedite shipping quote.
0.3087092998419767,High,Buyer follow-up call with supplier; evaluate expedite shipping quote.
0.38396284952424187,High,Buyer follow-up call with supplier; evaluate expedite shipping quote.
0.46475341264501585,High,Buyer follow-up call with supplier; evaluate expedite shipping quote.
0.3783328103831817,High,Buyer follow-up call with supplier; evaluate expedite shipping quote.
0.40902090567286165,High,Buyer follow-up call with supplier; evaluate expedite shipping quote.
0.7037261601191229,Critical,Escalate: evaluate alternate sourcing / expedite fees; alert downstream planning to adjust schedule or safety stock.
0.3105467691040672,High,Buyer follow-up call with supplier; evaluate expedite shipping quote.
0.48956378903629255,High,Buyer follow-up call with supplier; evaluate expedite shipping quote.
0.4694262988346317,High,Buyer follow-up call with supplier; evaluate expedite shipping quote.
0.5613429481439943,High,Buyer follow-up call with supplier; evaluate expedite shipping quote.
0.43376139475365355,High,Buyer follow-up call with supplier; evaluate expedite shipping quote.
0.3665297832864683,High,Buyer follow-up call with supplier; evaluate expedite shipping quote.
0.5137205083366095,High,Buyer follow-up call with supplier; evaluate expedite shipping quote.
0.4145332095490622,High,Buyer follow-up call with supplier; evaluate expedite shipping quote.
0.3817003531184329,High,Buyer follow-up call with supplier; evaluate expedite shipping quote.
0.3053193849907779,High,Buyer follow-up call with supplier; evaluate expedite shipping quote.
0.488774934068693,High,Buyer follow-up call with supplier; evaluate expedite shipping quote.
0.30068966659781077,High,Buyer follow-up call with supplier; evaluate expedite shipping quote.
0.45668629841285635,High,Buyer follow-up call with supplier; evaluate expedite shipping quote.
0.3405944801194065,High,Buyer follow-up call with supplier; evaluate expedite shipping quote.
0.7346327500997388,Critical,Escalate: evaluate alternate sourcing / expedite fees; alert downstream planning to adjust schedule or safety stock.
0.42688279608798446,High,Buyer follow-up call with supplier; evaluate expedite shipping quote.
0.2997994292393859,Medium,Automated supplier check-in email.
0.6295684598115497,Critical,Escalate: evaluate alternate sourcing / expedite fees; alert downstream planning to adjust schedule or safety stock.
0.5418998302919286,High,Buyer follow-up call with supplier; evaluate expedite shipping quote.
0.6477063927629684,Critical,Escalate: evaluate alternate sourcing / expedite fees; alert downstream planning to adjust schedule or safety stock.
0.5294935065210526,High,Buyer follow-up call with supplier; evaluate expedite shipping quote.
0.6420534678024371,Critical,Escalate: evaluate alternate sourcing / expedite fees; alert downstream planning to adjust schedule or safety stock.
0.5066569308715287,High,Buyer follow-up call with supplier; evaluate expedite shipping quote.
0.7126040767719228,Critical,Escalate: evaluate alternate sourcing / expedite fees; alert downstream planning to adjust schedule or safety stock.
0.46400031127362534,High,Buyer follow-up call with supplier; evaluate expedite shipping quote.
0.37785567079014776,High,Buyer follow-up call with supplier; evaluate expedite shipping quote.
0.4238862249161126,High,Buyer follow-up call with supplier; evaluate expedite shipping quote.
0.3913710610086755,High,Buyer follow-up call with supplier; evaluate expedite shipping quote.
0.7150286197316794,Critical,Escalate: evaluate alternate sourcing / expedite fees; alert downstream planning to adjust schedule or safety stock.
0.6482770367488525,Critical,Escalate: evaluate alternate sourcing / expedite fees; alert downstream planning to adjust schedule or safety stock.
0.5809042077654785,High,Buyer follow-up call with supplier; evaluate expedite shipping quote.
0.44172128722851806,High,Buyer follow-up call with supplier; evaluate expedite shipping quote.
0.43776226359796055,High,Buyer follow-up call with supplier; evaluate expedite shipping quote.
0.4780846636453832,High,Buyer follow-up call with supplier; evaluate expedite shipping quote.
0.2954118518796882,Medium,Automated supplier check-in email.
0.3030804524285186,High,Buyer follow-up call with supplier; evaluate expedite shipping quote.
0.6855646255246824,Critical,Escalate: evaluate alternate sourcing / expedite fees; alert downstream planning to adjust schedule or safety stock.
0.5140982984308778,High,Buyer follow-up call with supplier; evaluate expedite shipping quote.
0.42855859750774694,High,Buyer follow-up call with supplier; evaluate expedite shipping quote.
0.2697513963619133,Medium,Automated supplier check-in email.
0.43811208084748726,High,Buyer follow-up call with supplier; evaluate expedite shipping quote.
0.6570465377909847,Critical,Escalate: evaluate alternate sourcing / expedite fees; alert downstream planning to adjust schedule or safety stock.
0.39166177326958,High,Buyer follow-up call with supplier; evaluate expedite shipping quote.
0.6168211428867031,Critical,Escalate: evaluate alternate sourcing / expedite fees; alert downstream planning to adjust schedule or safety stock.
0.3737805606570589,High,Buyer follow-up call with supplier; evaluate expedite shipping quote.
0.6627541086346013,Critical,Escalate: evaluate alternate sourcing / expedite fees; alert downstream planning to adjust schedule or safety stock.
0.6695931129709289,Critical,Escalate: evaluate alternate sourcing / expedite fees; alert downstream planning to adjust schedule or safety stock.
0.4333772928578225,High,Buyer follow-up call with supplier; evaluate expedite shipping quote.
0.4241508464111906,High,Buyer follow-up call with supplier; evaluate expedite shipping quote.
0.4620465339301839,High,Buyer follow-up call with supplier; evaluate expedite shipping quote.
0.3699087222174359,High,Buyer follow-up call with supplier; evaluate expedite shipping quote.
0.3212968773266735,High,Buyer follow-up call with supplier; evaluate expedite shipping quote.
0.45867944867349025,High,Buyer follow-up call with supplier; evaluate expedite shipping quote.
0.5252222618280901,High,Buyer follow-up call with supplier; evaluate expedite shipping quote.
0.5134539166171244,High,Buyer follow-up call with supplier; evaluate expedite shipping quote.
0.3895987884094756,High,Buyer follow-up call with supplier; evaluate expedite shipping quote.
0.6810724740857969,Critical,Escalate: evaluate alternate sourcing / expedite fees; alert downstream planning to adjust schedule or safety stock.
0.3551357780255152,High,Buyer follow-up call with supplier; evaluate expedite shipping quote.
0.6144247329039165,Critical,Escalate: evaluate alternate sourcing / expedite fees; alert downstream planning to adjust schedule or safety stock.
0.3523951039728243,High,Buyer follow-up call with supplier; evaluate expedite shipping quote.
0.4496099446816525,High,Buyer follow-up call with supplier; evaluate expedite shipping quote.
0.5777506426749192,High,Buyer follow-up call with supplier; evaluate expedite shipping quote.
0.46098618288057835,High,Buyer follow-up call with supplier; evaluate expedite shipping quote.
0.5530619970243129,High,Buyer follow-up call with supplier; evaluate expedite shipping quote.
0.44920607803367374,High,Buyer follow-up call with supplier; evaluate expedite shipping quote.
0.3221674277684382,High,Buyer follow-up call with supplier; evaluate expedite shipping quote.
0.6428241552837871,Critical,Escalate: evaluate alternate sourcing / expedite fees; alert downstream planning to adjust schedule or safety stock.
0.306973406279485,High,Buyer follow-up call with supplier; evaluate expedite shipping quote.
0.421615236606907,High,Buyer follow-up call with supplier; evaluate expedite shipping quote.
0.46274882333403317,High,Buyer follow-up call with supplier; evaluate expedite shipping quote.
0.4223116515483197,High,Buyer follow-up call with supplier; evaluate expedite shipping quote.
0.3888801723314764,High,Buyer follow-up call with supplier; evaluate expedite shipping quote.
0.41641455373181785,High,Buyer follow-up call with supplier; evaluate expedite shipping quote.
0.6765711276785858,Critical,Escalate: evaluate alternate sourcing / expedite fees; alert downstream planning to adjust schedule or safety stock.
0.6961391515645755,Critical,Escalate: evaluate alternate sourcing / expedite fees; alert downstream planning to adjust schedule or safety stock.
0.45161856822355734,High,Buyer follow-up call with supplier; evaluate expedite shipping quote.
0.6733723163524826,Critical,Escalate: evaluate alternate sourcing / expedite fees; alert downstream planning to adjust schedule or safety stock.
0.6858028400624067,Critical,Escalate: evaluate alternate sourcing / expedite fees; alert downstream planning to adjust schedule or safety stock.
0.46977081152894173,High,Buyer follow-up call with supplier; evaluate expedite shipping quote.
0.5556218006233303,High,Buyer follow-up call with supplier; evaluate expedite shipping quote.
0.45425794555051385,High,Buyer follow-up call with supplier; evaluate expedite shipping quote.
0.37618790571687843,High,Buyer follow-up call with supplier; evaluate expedite shipping quote.
0.5396144432473254,High,Buyer follow-up call with supplier; evaluate expedite shipping quote.
0.33342169402219785,High,Buyer follow-up call with supplier; evaluate expedite shipping quote.
0.4402966826424004,High,Buyer follow-up call with supplier; evaluate expedite shipping quote.
0.3184125392192618,High,Buyer follow-up call with supplier; evaluate expedite shipping quote.
0.28788458908922426,Medium,Automated supplier check-in email.
0.3927457854208434,High,Buyer follow-up call with supplier; evaluate expedite shipping quote.
0.6340757874628016,Critical,Escalate: evaluate alternate sourcing / expedite fees; alert downstream planning to adjust schedule or safety stock.
0.46114312818102604,High,Buyer follow-up call with supplier; evaluate expedite shipping quote.
0.31547013309541694,High,Buyer follow-up call with supplier; evaluate expedite shipping quote.
0.29873936740312523,Medium,Automated supplier check-in email.
0.43230341362353214,High,Buyer follow-up call with supplier; evaluate expedite shipping quote.
0.435606758891976,High,Buyer follow-up call with supplier; evaluate expedite shipping quote.
0.49458710086786656,High,Buyer follow-up call with supplier; evaluate expedite shipping quote.
0.662158303323199,Critical,Escalate: evaluate alternate sourcing / expedite fees; alert downstream planning to adjust schedule or safety stock.
0.6170846152309313,Critical,Escalate: evaluate alternate sourcing / expedite fees; alert downstream planning to adjust schedule or safety stock.
0.43356551168348834,High,Buyer follow-up call with supplier; evaluate expedite shipping quote.
0.5813322957644104,High,Buyer follow-up call with supplier; evaluate expedite shipping quote.
0.482851358427997,High,Buyer follow-up call with supplier; evaluate expedite shipping quote.
0.5046741588815522,High,Buyer follow-up call with supplier; evaluate expedite shipping quote.
0.46438303855883517,High,Buyer follow-up call with supplier; evaluate expedite shipping quote.
0.5268751706320738,High,Buyer follow-up call with supplier; evaluate expedite shipping quote.
0.3173145752611887,High,Buyer follow-up call with supplier; evaluate expedite shipping quote.
0.4436455475292956,High,Buyer follow-up call with supplier; evaluate expedite shipping quote.
0.3958867301962572,High,Buyer follow-up call with supplier; evaluate expedite shipping quote.
0.4851110719458588,High,Buyer follow-up call with supplier; evaluate expedite shipping quote.
0.6122489865613929,Critical,Escalate: evaluate alternate sourcing / expedite fees; alert downstream planning to adjust schedule or safety stock.
0.5256366369287927,High,Buyer follow-up call with supplier; evaluate expedite shipping quote.
0.40795671868759836,High,Buyer follow-up call with supplier; evaluate expedite shipping quote.
0.47718335620365854,High,Buyer follow-up call with supplier; evaluate expedite shipping quote.
0.5047250000424189,High,Buyer follow-up call with supplier; evaluate expedite shipping quote.
0.3821320159296371,High,Buyer follow-up call with supplier; evaluate expedite shipping quote.
0.5030178765179361,High,Buyer follow-up call with supplier; evaluate expedite shipping quote.
0.6418485758453981,Critical,Escalate: evaluate alternate sourcing / expedite fees; alert downstream planning to adjust schedule or safety stock.
0.5692266411379734,High,Buyer follow-up call with supplier; evaluate expedite shipping quote.
0.4299609306355009,High,Buyer follow-up call with supplier; evaluate expedite shipping quote.
0.5833236437105761,High,Buyer follow-up call with supplier; evaluate expedite shipping quote.
0.30876586195044115,High,Buyer follow-up call with supplier; evaluate expedite shipping quote.
0.46695781076000803,High,Buyer follow-up call with supplier; evaluate expedite shipping quote.
0.4448405917838713,High,Buyer follow-up call with supplier; evaluate expedite shipping quote.
0.661809224038666,Critical,Escalate: evaluate alternate sourcing / expedite fees; alert downstream planning to adjust schedule or safety stock.
0.6429747839881257,Critical,Escalate: evaluate alternate sourcing / expedite fees; alert downstream planning to adjust schedule or safety stock.
0.7100499282976076,Critical,Escalate: evaluate alternate sourcing / expedite fees; alert downstream planning to adjust schedule or safety stock.
0.6235900827037333,Critical,Escalate: evaluate alternate sourcing / expedite fees; alert downstream planning to adjust schedule or safety stock.
0.405601758149967,High,Buyer follow-up call with supplier; evaluate expedite shipping quote.
0.6647240632985436,Critical,Escalate: evaluate alternate sourcing / expedite fees; alert downstream planning to adjust schedule or safety stock.
0.36738335814505474,High,Buyer follow-up call with supplier; evaluate expedite shipping quote.
0.42428250557935643,High,Buyer follow-up call with supplier; evaluate expedite shipping quote.
0.4275500978589293,High,Buyer follow-up call with supplier; evaluate expedite shipping quote.
0.3371019731155559,High,Buyer follow-up call with supplier; evaluate expedite shipping quote.
0.4300109769541681,High,Buyer follow-up call with supplier; evaluate expedite shipping quote.
0.4456908556762636,High,Buyer follow-up call with supplier; evaluate expedite shipping quote.
0.2756282843139879,Medium,Automated supplier check-in email.
0.6997764860260627,Critical,Escalate: evaluate alternate sourcing / expedite fees; alert downstream planning to adjust schedule or safety stock.
0.5310572591199312,High,Buyer follow-up call with supplier; evaluate expedite shipping quote.
0.655826501669962,Critical,Escalate: evaluate alternate sourcing / expedite fees; alert downstream planning to adjust schedule or safety stock.
0.3993705684841193,High,Buyer follow-up call with supplier; evaluate expedite shipping quote.
0.4687252256094476,High,Buyer follow-up call with supplier; evaluate expedite shipping quote.
0.4505523149525864,High,Buyer follow-up call with supplier; evaluate expedite shipping quote.
0.4294291713726335,High,Buyer follow-up call with supplier; evaluate expedite shipping quote.
0.583416182423108,High,Buyer follow-up call with supplier; evaluate expedite shipping quote.
0.5894322862366932,High,Buyer follow-up call with supplier; evaluate expedite shipping quote.
0.5101727002392883,High,Buyer follow-up call with supplier; evaluate expedite shipping quote.
0.29013044779511654,Medium,Automated supplier check-in email.
0.572925173889409,High,Buyer follow-up call with supplier; evaluate expedite shipping quote.
0.2935283066728152,Medium,Automated supplier check-in email.
0.44802727909572004,High,Buyer follow-up call with supplier; evaluate expedite shipping quote.
0.6622065173940951,Critical,Escalate: evaluate alternate sourcing / expedite fees; alert downstream planning to adjust schedule or safety stock.
0.42822413769761264,High,Buyer follow-up call with supplier; evaluate expedite shipping quote.
0.2897346108524686,Medium,Automated supplier check-in email.
0.4462703792728358,High,Buyer follow-up call with supplier; evaluate expedite shipping quote.
0.32039352917976543,High,Buyer follow-up call with supplier; evaluate expedite shipping quote.
0.5860824851262328,High,Buyer follow-up call with supplier; evaluate expedite shipping quote.
0.6532021915695521,Critical,Escalate: evaluate alternate sourcing / expedite fees; alert downstream planning to adjust schedule or safety stock.
0.4504183481380432,High,Buyer follow-up call with supplier; evaluate expedite shipping quote.
0.4146761140851155,High,Buyer follow-up call with supplier; evaluate expedite shipping quote.
0.6670196924497287,Critical,Escalate: evaluate alternate sourcing / expedite fees; alert downstream planning to adjust schedule or safety stock.
0.4011336006662213,High,Buyer follow-up call with supplier; evaluate expedite shipping quote.
0.5628623670433969,High,Buyer follow-up call with supplier; evaluate expedite shipping quote.
0.3038431384623395,High,Buyer follow-up call with supplier; evaluate expedite shipping quote.
0.5954412459490216,High,Buyer follow-up call with supplier; evaluate expedite shipping quote.
0.5689215447282164,High,Buyer follow-up call with supplier; evaluate expedite shipping quote.
0.4866523458186144,High,Buyer follow-up call with supplier; evaluate expedite shipping quote.
0.29054284480927106,Medium,Automated supplier check-in email.
0.42568787330431695,High,Buyer follow-up call with supplier; evaluate expedite shipping quote.
0.505870405739427,High,Buyer follow-up call with supplier; evaluate expedite shipping quote.
0.44343691149376124,High,Buyer follow-up call with supplier; evaluate expedite shipping quote.
0.42954774693484205,High,Buyer follow-up call with supplier; evaluate expedite shipping quote.
0.493668109973592,High,Buyer follow-up call with supplier; evaluate expedite shipping quote.
0.3507942029098535,High,Buyer follow-up call with supplier; evaluate expedite shipping quote.
0.3837946039893358,High,Buyer follow-up call with supplier; evaluate expedite shipping quote.
0.4963556047797654,High,Buyer follow-up call with supplier; evaluate expedite shipping quote.
0.30477696585821373,High,Buyer follow-up call with supplier; evaluate expedite shipping quote.
0.397358354399022,High,Buyer follow-up call with supplier; evaluate expedite shipping quote.
0.451597273932957,High,Buyer follow-up call with supplier; evaluate expedite shipping quote.
0.48060788541382826,High,Buyer follow-up call with supplier; evaluate expedite shipping quote.
0.46805485472353076,High,Buyer follow-up call with supplier; evaluate expedite shipping quote.
0.5979312891022021,High,Buyer follow-up call with supplier; evaluate expedite shipping quote.
0.4248710029418931,High,Buyer follow-up call with supplier; evaluate expedite shipping quote.
0.5824465276072884,High,Buyer follow-up call with supplier; evaluate expedite shipping quote.
0.43212437038119555,High,Buyer follow-up call with supplier; evaluate expedite shipping quote.
0.2967820188245557,Medium,Automated supplier check-in email.
0.40962215747687364,High,Buyer follow-up call with supplier; evaluate expedite shipping quote.
0.46143120375951324,High,Buyer follow-up call with supplier; evaluate expedite shipping quote.
0.6740296463838589,Critical,Escalate: evaluate alternate sourcing / expedite fees; alert downstream planning to adjust schedule or safety stock.
0.457680042356131,High,Buyer follow-up call with supplier; evaluate expedite shipping quote.
0.4650466958834155,High,Buyer follow-up call with supplier; evaluate expedite shipping quote.
0.5290625938169278,High,Buyer follow-up call with supplier; evaluate expedite shipping quote.
0.6279896043495167,Critical,Escalate: evaluate alternate sourcing / expedite fees; alert downstream planning to adjust schedule or safety stock.
0.6491654772522719,Critical,Escalate: evaluate alternate sourcing / expedite fees; alert downstream planning to adjust schedule or safety stock.
0.2720565856187688,Medium,Automated supplier check-in email.
0.33956941098284354,High,Buyer follow-up call with supplier; evaluate expedite shipping quote.
0.5000833015618417,High,Buyer follow-up call with supplier; evaluate expedite shipping quote.
0.6351141013245141,Critical,Escalate: evaluate alternate sourcing / expedite fees; alert downstream planning to adjust schedule or safety stock.
0.6906311517059673,Critical,Escalate: evaluate alternate sourcing / expedite fees; alert downstream planning to adjust schedule or safety stock.
0.2976935259668863,Medium,Automated supplier check-in email.
0.4216127768513238,High,Buyer follow-up call with supplier; evaluate expedite shipping quote.
0.6839711315829079,Critical,Escalate: evaluate alternate sourcing / expedite fees; alert downstream planning to adjust schedule or safety stock.
0.3971483447003828,High,Buyer follow-up call with supplier; evaluate expedite shipping quote.
0.4547741449812684,High,Buyer follow-up call with supplier; evaluate expedite shipping quote.
0.29817736660360267,Medium,Automated supplier check-in email.
0.36344810486365176,High,Buyer follow-up call with supplier; evaluate expedite shipping quote.
0.45545627053757787,High,Buyer follow-up call with supplier; evaluate expedite shipping quote.
0.3586920177846326,High,Buyer follow-up call with supplier; evaluate expedite shipping quote.
0.40505937383956636,High,Buyer follow-up call with supplier; evaluate expedite shipping quote.
0.7119378267779872,Critical,Escalate: evaluate alternate sourcing / expedite fees; alert downstream planning to adjust schedule or safety stock.
0.4523714451411399,High,Buyer follow-up call with supplier; evaluate expedite shipping quote.
0.4093554422178276,High,Buyer follow-up call with supplier; evaluate expedite shipping quote.
0.4166188136905423,High,Buyer follow-up call with supplier; evaluate expedite shipping quote.
0.4294835214201575,High,Buyer follow-up call with supplier; evaluate expedite shipping quote.
0.30477123908567577,High,Buyer follow-up call with supplier; evaluate expedite shipping quote.
0.4325245400051033,High,Buyer follow-up call with supplier; evaluate expedite shipping quote.
0.3910451960163871,High,Buyer follow-up call with supplier; evaluate expedite shipping quote.
0.36322764883644076,High,Buyer follow-up call with supplier; evaluate expedite shipping quote.
0.49798149836322075,High,Buyer follow-up call with supplier; evaluate expedite shipping quote.
0.36626093420870326,High,Buyer follow-up call with supplier; evaluate expedite shipping quote.
0.48069548850514243,High,Buyer follow-up call with supplier; evaluate expedite shipping quote.
0.704461323137946,Critical,Escalate: evaluate alternate sourcing / expedite fees; alert downstream planning to adjust schedule or safety stock.
0.6645071171281552,Critical,Escalate: evaluate alternate sourcing / expedite fees; alert downstream planning to adjust schedule or safety stock.
0.6111303262420288,Critical,Escalate: evaluate alternate sourcing / expedite fees; alert downstream planning to adjust schedule or safety stock.
0.3031586877845547,High,Buyer follow-up call with supplier; evaluate expedite shipping quote.
0.2834026267858126,Medium,Automated supplier check-in email.
0.45557121331474165,High,Buyer follow-up call with supplier; evaluate expedite shipping quote.
0.45181703534702233,High,Buyer follow-up call with supplier; evaluate expedite shipping quote.
0.48431962229541287,High,Buyer follow-up call with supplier; evaluate expedite shipping quote.
0.45080577530121535,High,Buyer follow-up call with supplier; evaluate expedite shipping quote.
0.2734586764085948,Medium,Automated supplier check-in email.
0.6874670455929189,Critical,Escalate: evaluate alternate sourcing / expedite fees; alert downstream planning to adjust schedule or safety stock.
0.5922421094139881,High,Buyer follow-up call with supplier; evaluate expedite shipping quote.
0.43846581005211305,High,Buyer follow-up call with supplier; evaluate expedite shipping quote.
0.6483029335244529,Critical,Escalate: evaluate alternate sourcing / expedite fees; alert downstream planning to adjust schedule or safety stock.
0.2798567193155895,Medium,Automated supplier check-in email.
0.43451386093279626,High,Buyer follow-up call with supplier; evaluate expedite shipping quote.
0.5741427066124883,High,Buyer follow-up call with supplier; evaluate expedite shipping quote.
0.6646501640740236,Critical,Escalate: evaluate alternate sourcing / expedite fees; alert downstream planning to adjust schedule or safety stock.
0.6286941094710548,Critical,Escalate: evaluate alternate sourcing / expedite fees; alert downstream planning to adjust schedule or safety stock.
0.7126040767719228,Critical,Escalate: evaluate alternate sourcing / expedite fees; alert downstream planning to adjust schedule or safety stock.
0.41713542678680515,High,Buyer follow-up call with supplier; evaluate expedite shipping quote.
0.4147368397024398,High,Buyer follow-up call with supplier; evaluate expedite shipping quote.
0.512091134593134,High,Buyer follow-up call with supplier; evaluate expedite shipping quote.
0.4045858226891742,High,Buyer follow-up call with supplier; evaluate expedite shipping quote.
0.685381924823885,Critical,Escalate: evaluate alternate sourcing / expedite fees; alert downstream planning to adjust schedule or safety stock.
0.6820710876469244,Critical,Escalate: evaluate alternate sourcing / expedite fees; alert downstream planning to adjust schedule or safety stock.
0.2795346081419078,Medium,Automated supplier check-in email.
0.46833485913214273,High,Buyer follow-up call with supplier; evaluate expedite shipping quote.
0.3590455347385392,High,Buyer follow-up call with supplier; evaluate expedite shipping quote.
0.49197577832258993,High,Buyer follow-up call with supplier; evaluate expedite shipping quote.
0.5332589712905299,High,Buyer follow-up call with supplier; evaluate expedite shipping quote.
0.512980016819651,High,Buyer follow-up call with supplier; evaluate expedite shipping quote.
0.3856868759951708,High,Buyer follow-up call with supplier; evaluate expedite shipping quote.
0.3449652946255998,High,Buyer follow-up call with supplier; evaluate expedite shipping quote.
0.5707186850879171,High,Buyer follow-up call with supplier; evaluate expedite shipping quote.
0.4862599676463948,High,Buyer follow-up call with supplier; evaluate expedite shipping quote.
0.4117963967336257,High,Buyer follow-up call with supplier; evaluate expedite shipping quote.
0.6468571834614129,Critical,Escalate: evaluate alternate sourcing / expedite fees; alert downstream planning to adjust schedule or safety stock.
0.6190291162576108,Critical,Escalate: evaluate alternate sourcing / expedite fees; alert downstream planning to adjust schedule or safety stock.
0.713805431676596,Critical,Escalate: evaluate alternate sourcing / expedite fees; alert downstream planning to adjust schedule or safety stock.
0.4809174215103287,High,Buyer follow-up call with supplier; evaluate expedite shipping quote.
0.46015795957898176,High,Buyer follow-up call with supplier; evaluate expedite shipping quote.
0.49186312122503034,High,Buyer follow-up call with supplier; evaluate expedite shipping quote.
0.7078993468274775,Critical,Escalate: evaluate alternate sourcing / expedite fees; alert downstream planning to adjust schedule or safety stock.
0.5495228398557793,High,Buyer follow-up call with supplier; evaluate expedite shipping quote.
0.4777213670780159,High,Buyer follow-up call with supplier; evaluate expedite shipping quote.
0.45124603977022976,High,Buyer follow-up call with supplier; evaluate expedite shipping quote.
0.4623778984478718,High,Buyer follow-up call with supplier; evaluate expedite shipping quote.
0.4558200086618851,High,Buyer follow-up call with supplier; evaluate expedite shipping quote.
0.3026789762088553,High,Buyer follow-up call with supplier; evaluate expedite shipping quote.
0.43493996713785815,High,Buyer follow-up call with supplier; evaluate expedite shipping quote.
0.42626188949896676,High,Buyer follow-up call with supplier; evaluate expedite shipping quote.
0.3712984806291089,High,Buyer follow-up call with supplier; evaluate expedite shipping quote.
0.3561025435398102,High,Buyer follow-up call with supplier; evaluate expedite shipping quote.
0.29936501571150737,Medium,Automated supplier check-in email.
0.47929465209453614,High,Buyer follow-up call with supplier; evaluate expedite shipping quote.
0.3537843277538639,High,Buyer follow-up call with supplier; evaluate expedite shipping quote.
0.3318603011563034,High,Buyer follow-up call with supplier; evaluate expedite shipping quote.
0.3932892139624327,High,Buyer follow-up call with supplier; evaluate expedite shipping quote.
0.5656134761512227,High,Buyer follow-up call with supplier; evaluate expedite shipping quote.
0.6284574409872424,Critical,Escalate: evaluate alternate sourcing / expedite fees; alert downstream planning to adjust schedule or safety stock.
0.6054758968091756,Critical,Escalate: evaluate alternate sourcing / expedite fees; alert downstream planning to adjust schedule or safety stock.
0.588013388122067,High,Buyer follow-up call with supplier; evaluate expedite shipping quote.
0.5336261061150683,High,Buyer follow-up call with supplier; evaluate expedite shipping quote.
0.4777405635327278,High,Buyer follow-up call with supplier; evaluate expedite shipping quote.
0.6009887205210436,Critical,Escalate: evaluate alternate sourcing / expedite fees; alert downstream planning to adjust schedule or safety stock.
0.42362032469556926,High,Buyer follow-up call with supplier; evaluate expedite shipping quote.
0.6715537354712559,Critical,Escalate: evaluate alternate sourcing / expedite fees; alert downstream planning to adjust schedule or safety stock.
0.35287531080352597,High,Buyer follow-up call with supplier; evaluate expedite shipping quote.
0.5757299173792183,High,Buyer follow-up call with supplier; evaluate expedite shipping quote.
0.5824190799206981,High,Buyer follow-up call with supplier; evaluate expedite shipping quote.
0.6163601453260604,Critical,Escalate: evaluate alternate sourcing / expedite fees; alert downstream planning to adjust schedule or safety stock.
0.44930022826108795,High,Buyer follow-up call with supplier; evaluate expedite shipping quote.
0.5488997063426778,High,Buyer follow-up call with supplier; evaluate expedite shipping quote.
0.49205758446244136,High,Buyer follow-up call with supplier; evaluate expedite shipping quote.
0.5739237007878756,High,Buyer follow-up call with supplier; evaluate expedite shipping quote.
0.5207510955216602,High,Buyer follow-up call with supplier; evaluate expedite shipping quote.
0.38013287433214443,High,Buyer follow-up call with supplier; evaluate expedite shipping quote.
0.6825920888198072,Critical,Escalate: evaluate alternate sourcing / expedite fees; alert downstream planning to adjust schedule or safety stock.
0.6713343511490688,Critical,Escalate: evaluate alternate sourcing / expedite fees; alert downstream planning to adjust schedule or safety stock.
0.4821200390216854,High,Buyer follow-up call with supplier; evaluate expedite shipping quote.
0.4379378518633035,High,Buyer follow-up call with supplier; evaluate expedite shipping quote.
0.3085501332389917,High,Buyer follow-up call with supplier; evaluate expedite shipping quote.
0.6959511206164842,Critical,Escalate: evaluate alternate sourcing / expedite fees; alert downstream planning to adjust schedule or safety stock.
0.4262245291440098,High,Buyer follow-up call with supplier; evaluate expedite shipping quote.
0.4633522926845673,High,Buyer follow-up call with supplier; evaluate expedite shipping quote.
0.4399699341476863,High,Buyer follow-up call with supplier; evaluate expedite shipping quote.
0.3770464749015068,High,Buyer follow-up call with supplier; evaluate expedite shipping quote.
0.3981639011903444,High,Buyer follow-up call with supplier; evaluate expedite shipping quote.
0.31324544461371384,High,Buyer follow-up call with supplier; evaluate expedite shipping quote.
0.5588574050972251,High,Buyer follow-up call with supplier; evaluate expedite shipping quote.
0.47050445268110835,High,Buyer follow-up call with supplier; evaluate expedite shipping quote.
0.5727617723186845,High,Buyer follow-up call with supplier; evaluate expedite shipping quote.
0.4141843038803551,High,Buyer follow-up call with supplier; evaluate expedite shipping quote.
0.49365049969236446,High,Buyer follow-up call with supplier; evaluate expedite shipping quote.
0.6004756740585111,Critical,Escalate: evaluate alternate sourcing / expedite fees; alert downstream planning to adjust schedule or safety stock.
0.5858847589662851,High,Buyer follow-up call with supplier; evaluate expedite shipping quote.
0.2974170470048671,Medium,Automated supplier check-in email.
0.5222902687946942,High,Buyer follow-up call with supplier; evaluate expedite shipping quote.
0.5986123470162813,High,Buyer follow-up call with supplier; evaluate expedite shipping quote.
0.6079410052329808,Critical,Escalate: evaluate alternate sourcing / expedite fees; alert downstream planning to adjust schedule or safety stock.
0.4767191879414762,High,Buyer follow-up call with supplier; evaluate expedite shipping quote.
0.6205144847350624,Critical,Escalate: evaluate alternate sourcing / expedite fees; alert downstream planning to adjust schedule or safety stock.
0.48978659198177754,High,Buyer follow-up call with supplier; evaluate expedite shipping quote.
0.3152124982699564,High,Buyer follow-up call with supplier; evaluate expedite shipping quote.
0.41682152091404046,High,Buyer follow-up call with supplier; evaluate expedite shipping quote.
0.6386821246010653,Critical,Escalate: evaluate alternate sourcing / expedite fees; alert downstream planning to adjust schedule or safety stock.
0.6354219986084307,Critical,Escalate: evaluate alternate sourcing / expedite fees; alert downstream planning to adjust schedule or safety stock.
0.37664654790233193,High,Buyer follow-up call with supplier; evaluate expedite shipping quote.
0.39100830710103707,High,Buyer follow-up call with supplier; evaluate expedite shipping quote.
0.5067118815971512,High,Buyer follow-up call with supplier; evaluate expedite shipping quote.
0.4321213188430128,High,Buyer follow-up call with supplier; evaluate expedite shipping quote.
0.6017438511184745,Critical,Escalate: evaluate alternate sourcing / expedite fees; alert downstream planning to adjust schedule or safety stock.
0.44859392374967727,High,Buyer follow-up call with supplier; evaluate expedite shipping quote.
0.4629290312938508,High,Buyer follow-up call with supplier; evaluate expedite shipping quote.
0.45088589839780824,High,Buyer follow-up call with supplier; evaluate expedite shipping quote.
0.29860708324841667,Medium,Automated supplier check-in email.
0.7031975092791684,Critical,Escalate: evaluate alternate sourcing / expedite fees; alert downstream planning to adjust schedule or safety stock.
0.6441932844301379,Critical,Escalate: evaluate alternate sourcing / expedite fees; alert downstream planning to adjust schedule or safety stock.
0.6354219986084307,Critical,Escalate: evaluate alternate sourcing / expedite fees; alert downstream planning to adjust schedule or safety stock.
0.6031040536764948,Critical,Escalate: evaluate alternate sourcing / expedite fees; alert downstream planning to adjust schedule or safety stock.
0.4703494603700646,High,Buyer follow-up call with supplier; evaluate expedite shipping quote.
0.6752022150322351,Critical,Escalate: evaluate alternate sourcing / expedite fees; alert downstream planning to adjust schedule or safety stock.
0.6202720156407109,Critical,Escalate: evaluate alternate sourcing / expedite fees; alert downstream planning to adjust schedule or safety stock.
0.46225396308700406,High,Buyer follow-up call with supplier; evaluate expedite shipping quote.
0.5232470291872345,High,Buyer follow-up call with supplier; evaluate expedite shipping quote.
0.4139939805083412,High,Buyer follow-up call with supplier; evaluate expedite shipping quote.
0.4460404038135299,High,Buyer follow-up call with supplier; evaluate expedite shipping quote.
0.2820270233155593,Medium,Automated supplier check-in email.
0.4306244380067198,High,Buyer follow-up call with supplier; evaluate expedite shipping quote.
0.2920592062451015,Medium,Automated supplier check-in email.
0.6172730416125787,Critical,Escalate: evaluate alternate sourcing / expedite fees; alert downstream planning to adjust schedule or safety stock.
0.601981938914864,Critical,Escalate: evaluate alternate sourcing / expedite fees; alert downstream planning to adjust schedule or safety stock.
0.6056206000806339,Critical,Escalate: evaluate alternate sourcing / expedite fees; alert downstream planning to adjust schedule or safety stock.
0.6219292516929587,Critical,Escalate: evaluate alternate sourcing / expedite fees; alert downstream planning to adjust schedule or safety stock.
0.5808080808445811,High,Buyer follow-up call with supplier; evaluate expedite shipping quote.
0.29560554190161925,Medium,Automated supplier check-in email.
0.44968603629974213,High,Buyer follow-up call with supplier; evaluate expedite shipping quote.
0.4512708490200964,High,Buyer follow-up call with supplier; evaluate expedite shipping quote.
0.6690103635565874,Critical,Escalate: evaluate alternate sourcing / expedite fees; alert downstream planning to adjust schedule or safety stock.
0.5602956472501032,High,Buyer follow-up call with supplier; evaluate expedite shipping quote.
0.5869978212430549,High,Buyer follow-up call with supplier; evaluate expedite shipping quote.
0.35852022843116044,High,Buyer follow-up call with supplier; evaluate expedite shipping quote.
0.43198046048343824,High,Buyer follow-up call with supplier; evaluate expedite shipping quote.
0.4013029263860889,High,Buyer follow-up call with supplier; evaluate expedite shipping quote.
0.6824676183469932,Critical,Escalate: evaluate alternate sourcing / expedite fees; alert downstream planning to adjust schedule or safety stock.
0.3019626758328659,High,Buyer follow-up call with supplier; evaluate expedite shipping quote.
0.4404905240933078,High,Buyer follow-up call with supplier; evaluate expedite shipping quote.
0.762081839649638,Critical,Escalate: evaluate alternate sourcing / expedite fees; alert downstream planning to adjust schedule or safety stock.
0.44577996486175797,High,Buyer follow-up call with supplier; evaluate expedite shipping quote.
0.4463856178824899,High,Buyer follow-up call with supplier; evaluate expedite shipping quote.
0.47864812334672346,High,Buyer follow-up call with supplier; evaluate expedite shipping quote.
0.3927212126764431,High,Buyer follow-up call with supplier; evaluate expedite shipping quote.
0.4262674419642173,High,Buyer follow-up call with supplier; evaluate expedite shipping quote.
0.4557319190918491,High,Buyer follow-up call with supplier; evaluate expedite shipping quote.
0.512423044694956,High,Buyer follow-up call with supplier; evaluate expedite shipping quote.
0.44249833800354343,High,Buyer follow-up call with supplier; evaluate expedite shipping quote.
0.3905088330166273,High,Buyer follow-up call with supplier; evaluate expedite shipping quote.
0.6432333873550776,Critical,Escalate: evaluate alternate sourcing / expedite fees; alert downstream planning to adjust schedule or safety stock.
0.2916329782557554,Medium,Automated supplier check-in email.
0.42638712792922107,High,Buyer follow-up call with supplier; evaluate expedite shipping quote.
0.2937155891997317,Medium,Automated supplier check-in email.
0.48812552194209863,High,Buyer follow-up call with supplier; evaluate expedite shipping quote.
0.5598990984781791,High,Buyer follow-up call with supplier; evaluate expedite shipping quote.
0.5705784997242025,High,Buyer follow-up call with supplier; evaluate expedite shipping quote.
0.4518109502438499,High,Buyer follow-up call with supplier; evaluate expedite shipping quote.
0.46456837172992965,High,Buyer follow-up call with supplier; evaluate expedite shipping quote.
0.3010049552904563,High,Buyer follow-up call with supplier; evaluate expedite shipping quote.
0.4264373321691336,High,Buyer follow-up call with supplier; evaluate expedite shipping quote.
0.31121835277408616,High,Buyer follow-up call with supplier; evaluate expedite shipping quote.
0.27283802206042995,Medium,Automated supplier check-in email.
0.3053847636268769,High,Buyer follow-up call with supplier; evaluate expedite shipping quote.
0.3801526552083658,High,Buyer follow-up call with supplier; evaluate expedite shipping quote.
0.42262595190421526,High,Buyer follow-up call with supplier; evaluate expedite shipping quote.
0.45145714935579906,High,Buyer follow-up call with supplier; evaluate expedite shipping quote.
0.5519447832516855,High,Buyer follow-up call with supplier; evaluate expedite shipping quote.
0.4068203501002924,High,Buyer follow-up call with supplier; evaluate expedite shipping quote.
0.43012641911925426,High,Buyer follow-up call with supplier; evaluate expedite shipping quote.
0.5256366369287927,High,Buyer follow-up call with supplier; evaluate expedite shipping quote.
0.4517771907559479,High,Buyer follow-up call with supplier; evaluate expedite shipping quote.
0.3834858402696657,High,Buyer follow-up call with supplier; evaluate expedite shipping quote.
0.5273894691231412,High,Buyer follow-up call with supplier; evaluate expedite shipping quote.
0.3808176036978816,High,Buyer follow-up call with supplier; evaluate expedite shipping quote.
0.4301290266725681,High,Buyer follow-up call with supplier; evaluate expedite shipping quote.
0.4378016511547908,High,Buyer follow-up call with supplier; evaluate expedite shipping quote.
0.4183321988673416,High,Buyer follow-up call with supplier; evaluate expedite shipping quote.
0.6162205969155123,Critical,Escalate: evaluate alternate sourcing / expedite fees; alert downstream planning to adjust schedule or safety stock.
0.5293962134520259,High,Buyer follow-up call with supplier; evaluate expedite shipping quote.
0.3431340038519093,High,Buyer follow-up call with supplier; evaluate expedite shipping quote.
0.4644965026276499,High,Buyer follow-up call with supplier; evaluate expedite shipping quote.
0.3053650668127292,High,Buyer follow-up call with supplier; evaluate expedite shipping quote.
0.30398780946373966,High,Buyer follow-up call with supplier; evaluate expedite shipping quote.
0.4406935020059744,High,Buyer follow-up call with supplier; evaluate expedite shipping quote.
0.6678694067263338,Critical,Escalate: evaluate alternate sourcing / expedite fees; alert downstream planning to adjust schedule or safety stock.
0.5868782252911005,High,Buyer follow-up call with supplier; evaluate expedite shipping quote.
0.7367109048207694,Critical,Escalate: evaluate alternate sourcing / expedite fees; alert downstream planning to adjust schedule or safety stock.
0.4833658703604305,High,Buyer follow-up call with supplier; evaluate expedite shipping quote.
0.39251012271686836,High,Buyer follow-up call with supplier; evaluate expedite shipping quote.
0.498488143592953,High,Buyer follow-up call with supplier; evaluate expedite shipping quote.
0.2713470209531233,Medium,Automated supplier check-in email.
0.43175698516533767,High,Buyer follow-up call with supplier; evaluate expedite shipping quote.
0.4283422418587971,High,Buyer follow-up call with supplier; evaluate expedite shipping quote.
0.595807802008509,High,Buyer follow-up call with supplier; evaluate expedite shipping quote.
0.4696801084807491,High,Buyer follow-up call with supplier; evaluate expedite shipping quote.
0.7119378267779872,Critical,Escalate: evaluate alternate sourcing / expedite fees; alert downstream planning to adjust schedule or safety stock.
0.3966185367761138,High,Buyer follow-up call with supplier; evaluate expedite shipping quote.
0.3932088418209888,High,Buyer follow-up call with supplier; evaluate expedite shipping quote.
0.476838862961099,High,Buyer follow-up call with supplier; evaluate expedite shipping quote.
0.4780385710718628,High,Buyer follow-up call with supplier; evaluate expedite shipping quote.
0.41682152091404046,High,Buyer follow-up call with supplier; evaluate expedite shipping quote.
0.45225905450323145,High,Buyer follow-up call with supplier; evaluate expedite shipping quote.
0.6705910200087729,Critical,Escalate: evaluate alternate sourcing / expedite fees; alert downstream planning to adjust schedule or safety stock.
0.43407827738564553,High,Buyer follow-up call with supplier; evaluate expedite shipping quote.
0.6445293613329798,Critical,Escalate: evaluate alternate sourcing / expedite fees; alert downstream planning to adjust schedule or safety stock.
0.4444764292089347,High,Buyer follow-up call with supplier; evaluate expedite shipping quote.
0.7007887462504305,Critical,Escalate: evaluate alternate sourcing / expedite fees; alert downstream planning to adjust schedule or safety stock.
0.4287151892513031,High,Buyer follow-up call with supplier; evaluate expedite shipping quote.
0.5718502382678667,High,Buyer follow-up call with supplier; evaluate expedite shipping quote.
0.7027522974448254,Critical,Escalate: evaluate alternate sourcing / expedite fees; alert downstream planning to adjust schedule or safety stock.
0.30129230095749243,High,Buyer follow-up call with supplier; evaluate expedite shipping quote.
0.4633276390318895,High,Buyer follow-up call with supplier; evaluate expedite shipping quote.
0.4130703542182234,High,Buyer follow-up call with supplier; evaluate expedite shipping quote.
0.6837901948212954,Critical,Escalate: evaluate alternate sourcing / expedite fees; alert downstream planning to adjust schedule or safety stock.
0.5614095356046784,High,Buyer follow-up call with supplier; evaluate expedite shipping quote.
0.43958915238927687,High,Buyer follow-up call with supplier; evaluate expedite shipping quote.
0.30241397626375444,High,Buyer follow-up call with supplier; evaluate expedite shipping quote.
0.4261021624630448,High,Buyer follow-up call with supplier; evaluate expedite shipping quote.
0.6740834752289134,Critical,Escalate: evaluate alternate sourcing / expedite fees; alert downstream planning to adjust schedule or safety stock.
0.6361377635597701,Critical,Escalate: evaluate alternate sourcing / expedite fees; alert downstream planning to adjust schedule or safety stock.
0.42028956366816766,High,Buyer follow-up call with supplier; evaluate expedite shipping quote.
0.4667796522863594,High,Buyer follow-up call with supplier; evaluate expedite shipping quote.
0.2656777456403644,Medium,Automated supplier check-in email.
0.4471230901695578,High,Buyer follow-up call with supplier; evaluate expedite shipping quote.
0.7889638582680925,Critical,Escalate: evaluate alternate sourcing / expedite fees; alert downstream planning to adjust schedule or safety stock.
0.5932753383070797,High,Buyer follow-up call with supplier; evaluate expedite shipping quote.
0.7339950927725923,Critical,Escalate: evaluate alternate sourcing / expedite fees; alert downstream planning to adjust schedule or safety stock.
0.30771821764459706,High,Buyer follow-up call with supplier; evaluate expedite shipping quote.
0.4473060635948604,High,Buyer follow-up call with supplier; evaluate expedite shipping quote.
0.4352826685992259,High,Buyer follow-up call with supplier; evaluate expedite shipping quote.
0.2978162866971157,Medium,Automated supplier check-in email.
0.3411372575841419,High,Buyer follow-up call with supplier; evaluate expedite shipping quote.
0.43767260189997437,High,Buyer follow-up call with supplier; evaluate expedite shipping quote.
0.45498578027716174,High,Buyer follow-up call with supplier; evaluate expedite shipping quote.
0.6417488584955976,Critical,Escalate: evaluate alternate sourcing / expedite fees; alert downstream planning to adjust schedule or safety stock.
0.4024131530892581,High,Buyer follow-up call with supplier; evaluate expedite shipping quote.
0.6020204614331514,Critical,Escalate: evaluate alternate sourcing / expedite fees; alert downstream planning to adjust schedule or safety stock.
0.2961372247380609,Medium,Automated supplier check-in email.
0.48992243654378875,High,Buyer follow-up call with supplier; evaluate expedite shipping quote.
0.3694616028348993,High,Buyer follow-up call with supplier; evaluate expedite shipping quote.
0.463276778083225,High,Buyer follow-up call with supplier; evaluate expedite shipping quote.
0.4696545749023425,High,Buyer follow-up call with supplier; evaluate expedite shipping quote.
0.43000198662583095,High,Buyer follow-up call with supplier; evaluate expedite shipping quote.
0.41759039989764274,High,Buyer follow-up call with supplier; evaluate expedite shipping quote.
0.4537308440001848,High,Buyer follow-up call with supplier; evaluate expedite shipping quote.
0.5800819768718645,High,Buyer follow-up call with supplier; evaluate expedite shipping quote.
0.27085951719346685,Medium,Automated supplier check-in email.
0.2941996716871585,Medium,Automated supplier check-in email.
0.6037293120866705,Critical,Escalate: evaluate alternate sourcing / expedite fees; alert downstream planning to adjust schedule or safety stock.
0.2820119564590036,Medium,Automated supplier check-in email.
0.4373586220768911,High,Buyer follow-up call with supplier; evaluate expedite shipping quote.
0.43193752089247045,High,Buyer follow-up call with supplier; evaluate expedite shipping quote.
0.7419423684562131,Critical,Escalate: evaluate alternate sourcing / expedite fees; alert downstream planning to adjust schedule or safety stock.
0.31054436020648946,High,Buyer follow-up call with supplier; evaluate expedite shipping quote.
0.6386568085053994,Critical,Escalate: evaluate alternate sourcing / expedite fees; alert downstream planning to adjust schedule or safety stock.
0.3182221133444699,High,Buyer follow-up call with supplier; evaluate expedite shipping quote.
0.43659815393983487,High,Buyer follow-up call with supplier; evaluate expedite shipping quote.
0.6615121442150594,Critical,Escalate: evaluate alternate sourcing / expedite fees; alert downstream planning to adjust schedule or safety stock.
0.5995663247175953,High,Buyer follow-up call with supplier; evaluate expedite shipping quote.
0.2814927878631747,Medium,Automated supplier check-in email.
0.3904294903769646,High,Buyer follow-up call with supplier; evaluate expedite shipping quote.
0.48618478255159875,High,Buyer follow-up call with supplier; evaluate expedite shipping quote.
0.6625044476758337,Critical,Escalate: evaluate alternate sourcing / expedite fees; alert downstream planning to adjust schedule or safety stock.
0.3007294936801512,High,Buyer follow-up call with supplier; evaluate expedite shipping quote.
0.6121312441046876,Critical,Escalate: evaluate alternate sourcing / expedite fees; alert downstream planning to adjust schedule or safety stock.
0.6280899947231506,Critical,Escalate: evaluate alternate sourcing / expedite fees; alert downstream planning to adjust schedule or safety stock.
0.7407327806681228,Critical,Escalate: evaluate alternate sourcing / expedite fees; alert downstream planning to adjust schedule or safety stock.
0.47938528773760014,High,Buyer follow-up call with supplier; evaluate expedite shipping quote.
0.4367829334004232,High,Buyer follow-up call with supplier; evaluate expedite shipping quote.
0.4601118000569979,High,Buyer follow-up call with supplier; evaluate expedite shipping quote.
0.5028506345898262,High,Buyer follow-up call with supplier; evaluate expedite shipping quote.
0.5410959411035094,High,Buyer follow-up call with supplier; evaluate expedite shipping quote.
0.30219491373021135,High,Buyer follow-up call with supplier; evaluate expedite shipping quote.
0.5949365311926508,High,Buyer follow-up call with supplier; evaluate expedite shipping quote.
0.36037120644295334,High,Buyer follow-up call with supplier; evaluate expedite shipping quote.
0.4014080927656574,High,Buyer follow-up call with supplier; evaluate expedite shipping quote.
0.3991448225988727,High,Buyer follow-up call with supplier; evaluate expedite shipping quote.
0.42762625142257943,High,Buyer follow-up call with supplier; evaluate expedite shipping quote.
0.32512616284568285,High,Buyer follow-up call with supplier; evaluate expedite shipping quote.
0.3781035492265095,High,Buyer follow-up call with supplier; evaluate expedite shipping quote.
0.6280048979687833,Critical,Escalate: evaluate alternate sourcing / expedite fees; alert downstream planning to adjust schedule or safety stock.
0.3837716433891504,High,Buyer follow-up call with supplier; evaluate expedite shipping quote.
0.5884198403379242,High,Buyer follow-up call with supplier; evaluate expedite shipping quote.
0.5246370172162376,High,Buyer follow-up call with supplier; evaluate expedite shipping quote.
0.4508302034224826,High,Buyer follow-up call with supplier; evaluate expedite shipping quote.
0.562541672017576,High,Buyer follow-up call with supplier; evaluate expedite shipping quote.
0.33109579759991836,High,Buyer follow-up call with supplier; evaluate expedite shipping quote.
0.2859188254246633,Medium,Automated supplier check-in email.
0.6703339746017544,Critical,Escalate: evaluate alternate sourcing / expedite fees; alert downstream planning to adjust schedule or safety stock.
0.41520382047859455,High,Buyer follow-up call with supplier; evaluate expedite shipping quote.
0.5928519512895115,High,Buyer follow-up call with supplier; evaluate expedite shipping quote.
0.2976691510093833,Medium,Automated supplier check-in email.
0.7119378267779872,Critical,Escalate: evaluate alternate sourcing / expedite fees; alert downstream planning to adjust schedule or safety stock.
0.4974613936072429,High,Buyer follow-up call with supplier; evaluate expedite shipping quote.
0.38308129552521913,High,Buyer follow-up call with supplier; evaluate expedite shipping quote.
0.7318389415668644,Critical,Escalate: evaluate alternate sourcing / expedite fees; alert downstream planning to adjust schedule or safety stock.
0.7126040767719228,Critical,Escalate: evaluate alternate sourcing / expedite fees; alert downstream planning to adjust schedule or safety stock.
0.6417307407747203,Critical,Escalate: evaluate alternate sourcing / expedite fees; alert downstream planning to adjust schedule or safety stock.
0.4585000690455084,High,Buyer follow-up call with supplier; evaluate expedite shipping quote.
0.37688806008100856,High,Buyer follow-up call with supplier; evaluate expedite shipping quote.
0.4471847622777088,High,Buyer follow-up call with supplier; evaluate expedite shipping quote.
0.30145476814536326,High,Buyer follow-up call with supplier; evaluate expedite shipping quote.
0.31386818799032656,High,Buyer follow-up call with supplier; evaluate expedite shipping quote.
0.4076427151352173,High,Buyer follow-up call with supplier; evaluate expedite shipping quote.
0.3089609628064474,High,Buyer follow-up call with supplier; evaluate expedite shipping quote.
0.6639518700911736,Critical,Escalate: evaluate alternate sourcing / expedite fees; alert downstream planning to adjust schedule or safety stock.
0.43958570475038333,High,Buyer follow-up call with supplier; evaluate expedite shipping quote.
0.42260949434348166,High,Buyer follow-up call with supplier; evaluate expedite shipping quote.
0.5416168849571592,High,Buyer follow-up call with supplier; evaluate expedite shipping quote.
0.448145744372378,High,Buyer follow-up call with supplier; evaluate expedite shipping quote.
0.6636603336210437,Critical,Escalate: evaluate alternate sourcing / expedite fees; alert downstream planning to adjust schedule or safety stock.
0.7119248203928099,Critical,Escalate: evaluate alternate sourcing / expedite fees; alert downstream planning to adjust schedule or safety stock.
0.3923738992323242,High,Buyer follow-up call with supplier; evaluate expedite shipping quote.
0.5621189163589437,High,Buyer follow-up call with supplier; evaluate expedite shipping quote.
0.7128327767769619,Critical,Escalate: evaluate alternate sourcing / expedite fees; alert downstream planning to adjust schedule or safety stock.
0.5266030029682948,High,Buyer follow-up call with supplier; evaluate expedite shipping quote.
0.2887075310183415,Medium,Automated supplier check-in email.
0.6079488337508657,Critical,Escalate: evaluate alternate sourcing / expedite fees; alert downstream planning to adjust schedule or safety stock.
0.43196490488526607,High,Buyer follow-up call with supplier; evaluate expedite shipping quote.
0.522819186269631,High,Buyer follow-up call with supplier; evaluate expedite shipping quote.
0.3099270964224961,High,Buyer follow-up call with supplier; evaluate expedite shipping quote.
0.4010107243427666,High,Buyer follow-up call with supplier; evaluate expedite shipping quote.
0.3733666289204072,High,Buyer follow-up call with supplier; evaluate expedite shipping quote.
0.33651756030370106,High,Buyer follow-up call with supplier; evaluate expedite shipping quote.
0.279659935156273,Medium,Automated supplier check-in email.
0.5131207400353931,High,Buyer follow-up call with supplier; evaluate expedite shipping quote.
0.34420956640517913,High,Buyer follow-up call with supplier; evaluate expedite shipping quote.
0.3106372291430372,High,Buyer follow-up call with supplier; evaluate expedite shipping quote.
0.45372302885126853,High,Buyer follow-up call with supplier; evaluate expedite shipping quote.
0.34858919256031057,High,Buyer follow-up call with supplier; evaluate expedite shipping quote.
0.39498016101955163,High,Buyer follow-up call with supplier; evaluate expedite shipping quote.
0.4225883369927244,High,Buyer follow-up call with supplier; evaluate expedite shipping quote.
0.6645314460139367,Critical,Escalate: evaluate alternate sourcing / expedite fees; alert downstream planning to adjust schedule or safety stock.
0.29795457438285883,Medium,Automated supplier check-in email.
0.4316064997405926,High,Buyer follow-up call with supplier; evaluate expedite shipping quote.
0.4966765885413675,High,Buyer follow-up call with supplier; evaluate expedite shipping quote.
0.39552941773649014,High,Buyer follow-up call with supplier; evaluate expedite shipping quote.
0.6882645428494871,Critical,Escalate: evaluate alternate sourcing / expedite fees; alert downstream planning to adjust schedule or safety stock.
0.6338733299531171,Critical,Escalate: evaluate alternate sourcing / expedite fees; alert downstream planning to adjust schedule or safety stock.
0.46988101093159834,High,Buyer follow-up call with supplier; evaluate expedite shipping quote.
0.3844804085545369,High,Buyer follow-up call with supplier; evaluate expedite shipping quote.
0.6890930247616692,Critical,Escalate: evaluate alternate sourcing / expedite fees; alert downstream planning to adjust schedule or safety stock.
0.42345348568884605,High,Buyer follow-up call with supplier; evaluate expedite shipping quote.
0.4370719305690375,High,Buyer follow-up call with supplier; evaluate expedite shipping quote.
0.3812986935945464,High,Buyer follow-up call with supplier; evaluate expedite shipping quote.
0.4284337544249657,High,Buyer follow-up call with supplier; evaluate expedite shipping quote.
0.5951227564693208,High,Buyer follow-up call with supplier; evaluate expedite shipping quote.
0.376040941619545,High,Buyer follow-up call with supplier; evaluate expedite shipping quote.
0.41653634193718725,High,Buyer follow-up call with supplier; evaluate expedite shipping quote.
0.41783931837670185,High,Buyer follow-up call with supplier; evaluate expedite shipping quote.
0.30897951893938636,High,Buyer follow-up call with supplier; evaluate expedite shipping quote.
0.29923023345040434,Medium,Automated supplier check-in email.
0.5504104193902811,High,Buyer follow-up call with supplier; evaluate expedite shipping quote.
0.44316988203463603,High,Buyer follow-up call with supplier; evaluate expedite shipping quote.
0.3872034272411738,High,Buyer follow-up call with supplier; evaluate expedite shipping quote.
0.7083220038927676,Critical,Escalate: evaluate alternate sourcing / expedite fees; alert downstream planning to adjust schedule or safety stock.
0.4591866048729493,High,Buyer follow-up call with supplier; evaluate expedite shipping quote.
0.4107262850879409,High,Buyer follow-up call with supplier; evaluate expedite shipping quote.
0.623396711899955,Critical,Escalate: evaluate alternate sourcing / expedite fees; alert downstream planning to adjust schedule or safety stock.
0.412622658474965,High,Buyer follow-up call with supplier; evaluate expedite shipping quote.
0.3906012328446795,High,Buyer follow-up call with supplier; evaluate expedite shipping quote.
0.4477393712751266,High,Buyer follow-up call with supplier; evaluate expedite shipping quote.
0.6642835418531382,Critical,Escalate: evaluate alternate sourcing / expedite fees; alert downstream planning to adjust schedule or safety stock.
0.2997994292393859,Medium,Automated supplier check-in email.
0.5458487580895747,High,Buyer follow-up call with supplier; evaluate expedite shipping quote.
0.3138834112191778,High,Buyer follow-up call with supplier; evaluate expedite shipping quote.
0.3145984324805958,High,Buyer follow-up call with supplier; evaluate expedite shipping quote.
0.4835213435978019,High,Buyer follow-up call with supplier; evaluate expedite shipping quote.
0.3475555881750436,High,Buyer follow-up call with supplier; evaluate expedite shipping quote.
0.41594505009125055,High,Buyer follow-up call with supplier; evaluate expedite shipping quote.
0.43378269480686515,High,Buyer follow-up call with supplier; evaluate expedite shipping quote.
0.43670681605981376,High,Buyer follow-up call with supplier; evaluate expedite shipping quote.
0.31354564424201686,High,Buyer follow-up call with supplier; evaluate expedite shipping quote.
0.5507925560242344,High,Buyer follow-up call with supplier; evaluate expedite shipping quote.
0.6703339746017544,Critical,Escalate: evaluate alternate sourcing / expedite fees; alert downstream planning to adjust schedule or safety stock.
0.6721083613513855,Critical,Escalate: evaluate alternate sourcing / expedite fees; alert downstream planning to adjust schedule or safety stock.
0.7100499282976076,Critical,Escalate: evaluate alternate sourcing / expedite fees; alert downstream planning to adjust schedule or safety stock.
0.41088395605298705,High,Buyer follow-up call with supplier; evaluate expedite shipping quote.
0.624002778818546,Critical,Escalate: evaluate alternate sourcing / expedite fees; alert downstream planning to adjust schedule or safety stock.
0.5167902503014056,High,Buyer follow-up call with supplier; evaluate expedite shipping quote.
0.3955242038766382,High,Buyer follow-up call with supplier; evaluate expedite shipping quote.
0.30062958380405375,High,Buyer follow-up call with supplier; evaluate expedite shipping quote.
0.5512843992763059,High,Buyer follow-up call with supplier; evaluate expedite shipping quote.
0.45955491370313534,High,Buyer follow-up call with supplier; evaluate expedite shipping quote.
0.3972394960598277,High,Buyer follow-up call with supplier; evaluate expedite shipping quote.
0.5002137035301522,High,Buyer follow-up call with supplier; evaluate expedite shipping quote.
0.44805334539973773,High,Buyer follow-up call with supplier; evaluate expedite shipping quote.
0.350913209995998,High,Buyer follow-up call with supplier; evaluate expedite shipping quote.
0.5926990966928662,High,Buyer follow-up call with supplier; evaluate expedite shipping quote.
0.33954288236994296,High,Buyer follow-up call with supplier; evaluate expedite shipping quote.
0.5629249276845256,High,Buyer follow-up call with supplier; evaluate expedite shipping quote.
0.7126040767719228,Critical,Escalate: evaluate alternate sourcing / expedite fees; alert downstream planning to adjust schedule or safety stock.
0.4506544933948027,High,Buyer follow-up call with supplier; evaluate expedite shipping quote.
0.6314162432838323,Critical,Escalate: evaluate alternate sourcing / expedite fees; alert downstream planning to adjust schedule or safety stock.
0.4225297542808086,High,Buyer follow-up call with supplier; evaluate expedite shipping quote.
0.6613532931578628,Critical,Escalate: evaluate alternate sourcing / expedite fees; alert downstream planning to adjust schedule or safety stock.
0.3783125982773238,High,Buyer follow-up call with supplier; evaluate expedite shipping quote.
0.49409611907843637,High,Buyer follow-up call with supplier; evaluate expedite shipping quote.
0.4502693930615934,High,Buyer follow-up call with supplier; evaluate expedite shipping quote.
0.6318160848032525,Critical,Escalate: evaluate alternate sourcing / expedite fees; alert downstream planning to adjust schedule or safety stock.
0.42928686577139236,High,Buyer follow-up call with supplier; evaluate expedite shipping quote.
0.4082834292833515,High,Buyer follow-up call with supplier; evaluate expedite shipping quote.
0.5519953746749575,High,Buyer follow-up call with supplier; evaluate expedite shipping quote.
0.603448558653584,Critical,Escalate: evaluate alternate sourcing / expedite fees; alert downstream planning to adjust schedule or safety stock.
0.36504711583692573,High,Buyer follow-up call with supplier; evaluate expedite shipping quote.
0.44623409472717723,High,Buyer follow-up call with supplier; evaluate expedite shipping quote.
0.5479790451054707,High,Buyer follow-up call with supplier; evaluate expedite shipping quote.
0.7128103640918221,Critical,Escalate: evaluate alternate sourcing / expedite fees; alert downstream planning to adjust schedule or safety stock.
0.6746616363287703,Critical,Escalate: evaluate alternate sourcing / expedite fees; alert downstream planning to adjust schedule or safety stock.
0.3700556084378828,High,Buyer follow-up call with supplier; evaluate expedite shipping quote.
0.635428398131747,Critical,Escalate: evaluate alternate sourcing / expedite fees; alert downstream planning to adjust schedule or safety stock.
0.343395442688963,High,Buyer follow-up call with supplier; evaluate expedite shipping quote.
0.6548608677108483,Critical,Escalate: evaluate alternate sourcing / expedite fees; alert downstream planning to adjust schedule or safety stock.
0.5857848765907486,High,Buyer follow-up call with supplier; evaluate expedite shipping quote.
0.40197382407955823,High,Buyer follow-up call with supplier; evaluate expedite shipping quote.
0.39844092135527015,High,Buyer follow-up call with supplier; evaluate expedite shipping quote.
0.43908272892640265,High,Buyer follow-up call with supplier; evaluate expedite shipping quote.
0.4368487753533653,High,Buyer follow-up call with supplier; evaluate expedite shipping quote.
0.4450216937152566,High,Buyer follow-up call with supplier; evaluate expedite shipping quote.
0.3799361964723542,High,Buyer follow-up call with supplier; evaluate expedite shipping quote.
0.44269867834047083,High,Buyer follow-up call with supplier; evaluate expedite shipping quote.
0.3023451039183541,High,Buyer follow-up call with supplier; evaluate expedite shipping quote.
0.6192617629763932,Critical,Escalate: evaluate alternate sourcing / expedite fees; alert downstream planning to adjust schedule or safety stock.
0.43534251918164485,High,Buyer follow-up call with supplier; evaluate expedite shipping quote.
0.304496714393089,High,Buyer follow-up call with supplier; evaluate expedite shipping quote.
0.394217605860093,High,Buyer follow-up call with supplier; evaluate expedite shipping quote.
0.612507176153026,Critical,Escalate: evaluate alternate sourcing / expedite fees; alert downstream planning to adjust schedule or safety stock.
0.5216500540794095,High,Buyer follow-up call with supplier; evaluate expedite shipping quote.
0.38467282873337294,High,Buyer follow-up call with supplier; evaluate expedite shipping quote.
0.42870425556770914,High,Buyer follow-up call with supplier; evaluate expedite shipping quote.
0.30935449149684124,High,Buyer follow-up call with supplier; evaluate expedite shipping quote.
0.5970475637281317,High,Buyer follow-up call with supplier; evaluate expedite shipping quote.
0.6776455895417994,Critical,Escalate: evaluate alternate sourcing / expedite fees; alert downstream planning to adjust schedule or safety stock.
0.38004045137526044,High,Buyer follow-up call with supplier; evaluate expedite shipping quote.
0.6234344583008642,Critical,Escalate: evaluate alternate sourcing / expedite fees; alert downstream planning to adjust schedule or safety stock.
0.3836029424651658,High,Buyer follow-up call with supplier; evaluate expedite shipping quote.
0.4314754016763732,High,Buyer follow-up call with supplier; evaluate expedite shipping quote.
0.3643924858865672,High,Buyer follow-up call with supplier; evaluate expedite shipping quote.
0.5972150202723251,High,Buyer follow-up call with supplier; evaluate expedite shipping quote.
0.4459512531746478,High,Buyer follow-up call with supplier; evaluate expedite shipping quote.
0.604277399130552,Critical,Escalate: evaluate alternate sourcing / expedite fees; alert downstream planning to adjust schedule or safety stock.
0.4397603135025759,High,Buyer follow-up call with supplier; evaluate expedite shipping quote.
0.30047836182119375,High,Buyer follow-up call with supplier; evaluate expedite shipping quote.
0.5232874726156883,High,Buyer follow-up call with supplier; evaluate expedite shipping quote.
0.4127169445128224,High,Buyer follow-up call with supplier; evaluate expedite shipping quote.
0.3964932722454505,High,Buyer follow-up call with supplier; evaluate expedite shipping quote.
0.30431670687791346,High,Buyer follow-up call with supplier; evaluate expedite shipping quote.
0.4002367379026726,High,Buyer follow-up call with supplier; evaluate expedite shipping quote.
0.29479101435751115,Medium,Automated supplier check-in email.
0.3901171845653865,High,Buyer follow-up call with supplier; evaluate expedite shipping quote.
0.7105366237239812,Critical,Escalate: evaluate alternate sourcing / expedite fees; alert downstream planning to adjust schedule or safety stock.
0.618567822812268,Critical,Escalate: evaluate alternate sourcing / expedite fees; alert downstream planning to adjust schedule or safety stock.
0.4353875990251239,High,Buyer follow-up call with supplier; evaluate expedite shipping quote.
0.44728627602609405,High,Buyer follow-up call with supplier; evaluate expedite shipping quote.
0.3816548047313366,High,Buyer follow-up call with supplier; evaluate expedite shipping quote.
0.48602522507445584,High,Buyer follow-up call with supplier; evaluate expedite shipping quote.
0.3059223795528575,High,Buyer follow-up call with supplier; evaluate expedite shipping quote.
0.37441626243455484,High,Buyer follow-up call with supplier; evaluate expedite shipping quote.
0.4575290861621234,High,Buyer follow-up call with supplier; evaluate expedite shipping quote.
0.3417976603014357,High,Buyer follow-up call with supplier; evaluate expedite shipping quote.
0.31414332698970543,High,Buyer follow-up call with supplier; evaluate expedite shipping quote.
0.29971554122311217,Medium,Automated supplier check-in email.
0.3241212275638811,High,Buyer follow-up call with supplier; evaluate expedite shipping quote.
0.448888124514544,High,Buyer follow-up call with supplier; evaluate expedite shipping quote.
0.49112476677780775,High,Buyer follow-up call with supplier; evaluate expedite shipping quote.
0.48960524756733664,High,Buyer follow-up call with supplier; evaluate expedite shipping quote.
0.7859497508302401,Critical,Escalate: evaluate alternate sourcing / expedite fees; alert downstream planning to adjust schedule or safety stock.
0.3868466080548213,High,Buyer follow-up call with supplier; evaluate expedite shipping quote.
0.4742931605781593,High,Buyer follow-up call with supplier; evaluate expedite shipping quote.
0.28639138049610846,Medium,Automated supplier check-in email.
0.6293812299797363,Critical,Escalate: evaluate alternate sourcing / expedite fees; alert downstream planning to adjust schedule or safety stock.
0.44182286437990737,High,Buyer follow-up call with supplier; evaluate expedite shipping quote.
0.4033653062218644,High,Buyer follow-up call with supplier; evaluate expedite shipping quote.
0.40959111464740505,High,Buyer follow-up call with supplier; evaluate expedite shipping quote.
0.2870588442607447,Medium,Automated supplier check-in email.
0.4566080479126143,High,Buyer follow-up call with supplier; evaluate expedite shipping quote.
0.6960398301826547,Critical,Escalate: evaluate alternate sourcing / expedite fees; alert downstream planning to adjust schedule or safety stock.
0.32269270885535967,High,Buyer follow-up call with supplier; evaluate expedite shipping quote.
0.39281527545545447,High,Buyer follow-up call with supplier; evaluate expedite shipping quote.
0.6315043111673142,Critical,Escalate: evaluate alternate sourcing / expedite fees; alert downstream planning to adjust schedule or safety stock.
0.6958906051582885,Critical,Escalate: evaluate alternate sourcing / expedite fees; alert downstream planning to adjust schedule or safety stock.
0.4697013370578329,High,Buyer follow-up call with supplier; evaluate expedite shipping quote.
0.6692898924487086,Critical,Escalate: evaluate alternate sourcing / expedite fees; alert downstream planning to adjust schedule or safety stock.
0.6903183120243475,Critical,Escalate: evaluate alternate sourcing / expedite fees; alert downstream planning to adjust schedule or safety stock.
0.5695001329652788,High,Buyer follow-up call with supplier; evaluate expedite shipping quote.
0.5406075876347002,High,Buyer follow-up call with supplier; evaluate expedite shipping quote.
0.30685096770235154,High,Buyer follow-up call with supplier; evaluate expedite shipping quote.
0.33708413807443993,High,Buyer follow-up call with supplier; evaluate expedite shipping quote.
0.6768298485306914,Critical,Escalate: evaluate alternate sourcing / expedite fees; alert downstream planning to adjust schedule or safety stock.
0.7377947009196297,Critical,Escalate: evaluate alternate sourcing / expedite fees; alert downstream planning to adjust schedule or safety stock.
0.47680748686872243,High,Buyer follow-up call with supplier; evaluate expedite shipping quote.
0.4547584784477588,High,Buyer follow-up call with supplier; evaluate expedite shipping quote.
0.6604787205637652,Critical,Escalate: evaluate alternate sourcing / expedite fees; alert downstream planning to adjust schedule or safety stock.
0.6532668519213071,Critical,Escalate: evaluate alternate sourcing / expedite fees; alert downstream planning to adjust schedule or safety stock.
0.4512002843774632,High,Buyer follow-up call with supplier; evaluate expedite shipping quote.
0.42807216695910694,High,Buyer follow-up call with supplier; evaluate expedite shipping quote.
0.4944565397713785,High,Buyer follow-up call with supplier; evaluate expedite shipping quote.
0.568398389761472,High,Buyer follow-up call with supplier; evaluate expedite shipping quote.
0.6150798997751953,Critical,Escalate: evaluate alternate sourcing / expedite fees; alert downstream planning to adjust schedule or safety stock.
0.45955990442893996,High,Buyer follow-up call with supplier; evaluate expedite shipping quote.
0.6176690249307766,Critical,Escalate: evaluate alternate sourcing / expedite fees; alert downstream planning to adjust schedule or safety stock.
0.48028173434639476,High,Buyer follow-up call with supplier; evaluate expedite shipping quote.
0.533024579202094,High,Buyer follow-up call with supplier; evaluate expedite shipping quote.
0.625341846734725,Critical,Escalate: evaluate alternate sourcing / expedite fees; alert downstream planning to adjust schedule or safety stock.
0.5562228507896638,High,Buyer follow-up call with supplier; evaluate expedite shipping quote.
0.3025660884671723,High,Buyer follow-up call with supplier; evaluate expedite shipping quote.
0.48210468398553674,High,Buyer follow-up call with supplier; evaluate expedite shipping quote.
0.426346752918521,High,Buyer follow-up call with supplier; evaluate expedite shipping quote.
0.4840725995273203,High,Buyer follow-up call with supplier; evaluate expedite shipping quote.
0.2955937331774373,Medium,Automated supplier check-in email.
0.45959895255168404,High,Buyer follow-up call with supplier; evaluate expedite shipping quote.
0.6169232146654043,Critical,Escalate: evaluate alternate sourcing / expedite fees; alert downstream planning to adjust schedule or safety stock.
0.45681305962680746,High,Buyer follow-up call with supplier; evaluate expedite shipping quote.
0.6440107610289008,Critical,Escalate: evaluate alternate sourcing / expedite fees; alert downstream planning to adjust schedule or safety stock.
0.4996209408112761,High,Buyer follow-up call with supplier; evaluate expedite shipping quote.
0.622116241079414,Critical,Escalate: evaluate alternate sourcing / expedite fees; alert downstream planning to adjust schedule or safety stock.
0.3618665476812794,High,Buyer follow-up call with supplier; evaluate expedite shipping quote.
0.5550227633741512,High,Buyer follow-up call with supplier; evaluate expedite shipping quote.
0.42446517849872967,High,Buyer follow-up call with supplier; evaluate expedite shipping quote.
0.43546842293959287,High,Buyer follow-up call with supplier; evaluate expedite shipping quote.
0.41761459231089865,High,Buyer follow-up call with supplier; evaluate expedite shipping quote.
0.39967440242623137,High,Buyer follow-up call with supplier; evaluate expedite shipping quote.
0.285530332494587,Medium,Automated supplier check-in email.
0.6187246878725189,Critical,Escalate: evaluate alternate sourcing / expedite fees; alert downstream planning to adjust schedule or safety stock.
0.4006868670813698,High,Buyer follow-up call with supplier; evaluate expedite shipping quote.
0.6401359330976932,Critical,Escalate: evaluate alternate sourcing / expedite fees; alert downstream planning to adjust schedule or safety stock.
0.6702586397014967,Critical,Escalate: evaluate alternate sourcing / expedite fees; alert downstream planning to adjust schedule or safety stock.
0.6801235257183316,Critical,Escalate: evaluate alternate sourcing / expedite fees; alert downstream planning to adjust schedule or safety stock.
0.510114066631848,High,Buyer follow-up call with supplier; evaluate expedite shipping quote.
0.41498315385025974,High,Buyer follow-up call with supplier; evaluate expedite shipping quote.
0.5295840075543483,High,Buyer follow-up call with supplier; evaluate expedite shipping quote.
0.4638191441855132,High,Buyer follow-up call with supplier; evaluate expedite shipping quote.
0.3640669985393456,High,Buyer follow-up call with supplier; evaluate expedite shipping quote.
0.4596142229687931,High,Buyer follow-up call with supplier; evaluate expedite shipping quote.
0.43660514188124305,High,Buyer follow-up call with supplier; evaluate expedite shipping quote.
0.41862609619605645,High,Buyer follow-up call with supplier; evaluate expedite shipping quote.
0.5773918329734554,High,Buyer follow-up call with supplier; evaluate expedite shipping quote.
0.4103970411523358,High,Buyer follow-up call with supplier; evaluate expedite shipping quote.
0.31872333103854,High,Buyer follow-up call with supplier; evaluate expedite shipping quote.
0.3661931513058585,High,Buyer follow-up call with supplier; evaluate expedite shipping quote.
0.4365873777665966,High,Buyer follow-up call with supplier; evaluate expedite shipping quote.
0.6105877645691028,Critical,Escalate: evaluate alternate sourcing / expedite fees; alert downstream planning to adjust schedule or safety stock.
0.4815987614030293,High,Buyer follow-up call with supplier; evaluate expedite shipping quote.
0.40610727338340263,High,Buyer follow-up call with supplier; evaluate expedite shipping quote.
0.40206546043066826,High,Buyer follow-up call with supplier; evaluate expedite shipping quote.
0.4348735703790295,High,Buyer follow-up call with supplier; evaluate expedite shipping quote.
0.5990797923304864,High,Buyer follow-up call with supplier; evaluate expedite shipping quote.
0.5276373502683809,High,Buyer follow-up call with supplier; evaluate expedite shipping quote.
0.4831353499686202,High,Buyer follow-up call with supplier; evaluate expedite shipping quote.
0.4689745293244306,High,Buyer follow-up call with supplier; evaluate expedite shipping quote.
0.5051289034154112,High,Buyer follow-up call with supplier; evaluate expedite shipping quote.
0.6006652668369059,Critical,Escalate: evaluate alternate sourcing / expedite fees; alert downstream planning to adjust schedule or safety stock.
0.4348735703790295,High,Buyer follow-up call with supplier; evaluate expedite shipping quote.
0.3944355123358009,High,Buyer follow-up call with supplier; evaluate expedite shipping quote.
0.31374648862135246,High,Buyer follow-up call with supplier; evaluate expedite shipping quote.
0.3700212554219486,High,Buyer follow-up call with supplier; evaluate expedite shipping quote.
0.477703247315533,High,Buyer follow-up call with supplier; evaluate expedite shipping quote.
0.617758705088971,Critical,Escalate: evaluate alternate sourcing / expedite fees; alert downstream planning to adjust schedule or safety stock.
0.5119055914808031,High,Buyer follow-up call with supplier; evaluate expedite shipping quote.
0.6211712636926311,Critical,Escalate: evaluate alternate sourcing / expedite fees; alert downstream planning to adjust schedule or safety stock.
0.6394187838461568,Critical,Escalate: evaluate alternate sourcing / expedite fees; alert downstream planning to adjust schedule or safety stock.
0.7378770474510159,Critical,Escalate: evaluate alternate sourcing / expedite fees; alert downstream planning to adjust schedule or safety stock.
0.5591534725777458,High,Buyer follow-up call with supplier; evaluate expedite shipping quote.
0.2814131684460683,Medium,Automated supplier check-in email.
0.4567595633748376,High,Buyer follow-up call with supplier; evaluate expedite shipping quote.
0.3630605743440071,High,Buyer follow-up call with supplier; evaluate expedite shipping quote.
0.519214155243255,High,Buyer follow-up call with supplier; evaluate expedite shipping quote.
0.3945780863129149,High,Buyer follow-up call with supplier; evaluate expedite shipping quote.
0.446008923552779,High,Buyer follow-up call with supplier; evaluate expedite shipping quote.
0.5845866817276663,High,Buyer follow-up call with supplier; evaluate expedite shipping quote.
0.2823463282847608,Medium,Automated supplier check-in email.
0.3312475333564044,High,Buyer follow-up call with supplier; evaluate expedite shipping quote.
0.6784787419764028,Critical,Escalate: evaluate alternate sourcing / expedite fees; alert downstream planning to adjust schedule or safety stock.
0.6252787154013163,Critical,Escalate: evaluate alternate sourcing / expedite fees; alert downstream planning to adjust schedule or safety stock.
0.6365207304240418,Critical,Escalate: evaluate alternate sourcing / expedite fees; alert downstream planning to adjust schedule or safety stock.
0.5013659501966949,High,Buyer follow-up call with supplier; evaluate expedite shipping quote.
0.613261796680667,Critical,Escalate: evaluate alternate sourcing / expedite fees; alert downstream planning to adjust schedule or safety stock.
0.6356428477586771,Critical,Escalate: evaluate alternate sourcing / expedite fees; alert downstream planning to adjust schedule or safety stock.
0.4816770419926118,High,Buyer follow-up call with supplier; evaluate expedite shipping quote.
0.6013138018479512,Critical,Escalate: evaluate alternate sourcing / expedite fees; alert downstream planning to adjust schedule or safety stock.
0.5640024519260299,High,Buyer follow-up call with supplier; evaluate expedite shipping quote.
0.5697686642912257,High,Buyer follow-up call with supplier; evaluate expedite shipping quote.
0.6655907793138948,Critical,Escalate: evaluate alternate sourcing / expedite fees; alert downstream planning to adjust schedule or safety stock.
0.4157048792601069,High,Buyer follow-up call with supplier; evaluate expedite shipping quote.
0.5976454360288774,High,Buyer follow-up call with supplier; evaluate expedite shipping quote.
0.5963568816393561,High,Buyer follow-up call with supplier; evaluate expedite shipping quote.
0.45480479135746243,High,Buyer follow-up call with supplier; evaluate expedite shipping quote.
0.31525705375916296,High,Buyer follow-up call with supplier; evaluate expedite shipping quote.
0.4542590153943124,High,Buyer follow-up call with supplier; evaluate expedite shipping quote.
0.374943921053752,High,Buyer follow-up call with supplier; evaluate expedite shipping quote.
0.29043783586773186,Medium,Automated supplier check-in email.
0.40956892708320825,High,Buyer follow-up call with supplier; evaluate expedite shipping quote.
0.49467703523768225,High,Buyer follow-up call with supplier; evaluate expedite shipping quote.
0.44646085379570094,High,Buyer follow-up call with supplier; evaluate expedite shipping quote.
0.44575939701497785,High,Buyer follow-up call with supplier; evaluate expedite shipping quote.
0.46856986700437203,High,Buyer follow-up call with supplier; evaluate expedite shipping quote.
0.4194165997400304,High,Buyer follow-up call with supplier; evaluate expedite shipping quote.
0.5361383981561232,High,Buyer follow-up call with supplier; evaluate expedite shipping quote.
0.4212616584431914,High,Buyer follow-up call with supplier; evaluate expedite shipping quote.
0.45697845535707265,High,Buyer follow-up call with supplier; evaluate expedite shipping quote.
0.4753392175267951,High,Buyer follow-up call with supplier; evaluate expedite shipping quote.
0.4120714873208419,High,Buyer follow-up call with supplier; evaluate expedite shipping quote.
0.29676218658952547,Medium,Automated supplier check-in email.
0.6211601235563483,Critical,Escalate: evaluate alternate sourcing / expedite fees; alert downstream planning to adjust schedule or safety stock.
0.32294479088596484,High,Buyer follow-up call with supplier; evaluate expedite shipping quote.
0.6746616363287703,Critical,Escalate: evaluate alternate sourcing / expedite fees; alert downstream planning to adjust schedule or safety stock.
0.4193083065523173,High,Buyer follow-up call with supplier; evaluate expedite shipping quote.
0.429134972596363,High,Buyer follow-up call with supplier; evaluate expedite shipping quote.
0.3138127321946085,High,Buyer follow-up call with supplier; evaluate expedite shipping quote.
0.6366505564647899,Critical,Escalate: evaluate alternate sourcing / expedite fees; alert downstream planning to adjust schedule or safety stock.
0.6030499755393428,Critical,Escalate: evaluate alternate sourcing / expedite fees; alert downstream planning to adjust schedule or safety stock.
0.4216840475506997,High,Buyer follow-up call with supplier; evaluate expedite shipping quote.
0.40330689739935244,High,Buyer follow-up call with supplier; evaluate expedite shipping quote.
0.4308714504341541,High,Buyer follow-up call with supplier; evaluate expedite shipping quote.
0.46751012224597394,High,Buyer follow-up call with supplier; evaluate expedite shipping quote.
0.35388229137907373,High,Buyer follow-up call with supplier; evaluate expedite shipping quote.
0.5513711837603266,High,Buyer follow-up call with supplier; evaluate expedite shipping quote.
0.44265947706090075,High,Buyer follow-up call with supplier; evaluate expedite shipping quote.
0.44907397487466183,High,Buyer follow-up call with supplier; evaluate expedite shipping quote.
0.6302102334250591,Critical,Escalate: evaluate alternate sourcing / expedite fees; alert downstream planning to adjust schedule or safety stock.
0.4266801745252534,High,Buyer follow-up call with supplier; evaluate expedite shipping quote.
0.3181243613359955,High,Buyer follow-up call with supplier; evaluate expedite shipping quote.
0.5087622428668377,High,Buyer follow-up call with supplier; evaluate expedite shipping quote.
0.4320045352571571,High,Buyer follow-up call with supplier; evaluate expedite shipping quote.
0.31159183252521816,High,Buyer follow-up call with supplier; evaluate expedite shipping quote.
0.6308320234459461,Critical,Escalate: evaluate alternate sourcing / expedite fees; alert downstream planning to adjust schedule or safety stock.
0.39253287580122126,High,Buyer follow-up call with supplier; evaluate expedite shipping quote.
0.3031441226312259,High,Buyer follow-up call with supplier; evaluate expedite shipping quote.
0.526552233779139,High,Buyer follow-up call with supplier; evaluate expedite shipping quote.
0.5846412531971016,High,Buyer follow-up call with supplier; evaluate expedite shipping quote.
0.457380941696786,High,Buyer follow-up call with supplier; evaluate expedite shipping quote.
0.6076076854180325,Critical,Escalate: evaluate alternate sourcing / expedite fees; alert downstream planning to adjust schedule or safety stock.
0.4697202497218715,High,Buyer follow-up call with supplier; evaluate expedite shipping quote.
0.5443358110022882,High,Buyer follow-up call with supplier; evaluate expedite shipping quote.
0.5653999139071539,High,Buyer follow-up call with supplier; evaluate expedite shipping quote.
0.3162376381160649,High,Buyer follow-up call with supplier; evaluate expedite shipping quote.
0.6972627032023535,Critical,Escalate: evaluate alternate sourcing / expedite fees; alert downstream planning to adjust schedule or safety stock.
0.4478684471181631,High,Buyer follow-up call with supplier; evaluate expedite shipping quote.
0.3967171903210661,High,Buyer follow-up call with supplier; evaluate expedite shipping quote.
0.6670427970873706,Critical,Escalate: evaluate alternate sourcing / expedite fees; alert downstream planning to adjust schedule or safety stock.
0.31765817999226814,High,Buyer follow-up call with supplier; evaluate expedite shipping quote.
0.3924089242562658,High,Buyer follow-up call with supplier; evaluate expedite shipping quote.
0.44033348151193136,High,Buyer follow-up call with supplier; evaluate expedite shipping quote.
0.5879343392715936,High,Buyer follow-up call with supplier; evaluate expedite shipping quote.
0.6473829655871218,Critical,Escalate: evaluate alternate sourcing / expedite fees; alert downstream planning to adjust schedule or safety stock.
0.6294086079335649,Critical,Escalate: evaluate alternate sourcing / expedite fees; alert downstream planning to adjust schedule or safety stock.
0.7038934487445422,Critical,Escalate: evaluate alternate sourcing / expedite fees; alert downstream planning to adjust schedule or safety stock.
0.3828601782386927,High,Buyer follow-up call with supplier; evaluate expedite shipping quote.
0.4083768176763338,High,Buyer follow-up call with supplier; evaluate expedite shipping quote.
0.36357273520061556,High,Buyer follow-up call with supplier; evaluate expedite shipping quote.
0.4538560368092593,High,Buyer follow-up call with supplier; evaluate expedite shipping quote.
0.45671459492328786,High,Buyer follow-up call with supplier; evaluate expedite shipping quote.
0.31414332698970543,High,Buyer follow-up call with supplier; evaluate expedite shipping quote.
0.6695931129709289,Critical,Escalate: evaluate alternate sourcing / expedite fees; alert downstream planning to adjust schedule or safety stock.
0.4643640526138781,High,Buyer follow-up call with supplier; evaluate expedite shipping quote.
0.40646813753781624,High,Buyer follow-up call with supplier; evaluate expedite shipping quote.
0.4836593846506614,High,Buyer follow-up call with supplier; evaluate expedite shipping quote.
0.3072231088647319,High,Buyer follow-up call with supplier; evaluate expedite shipping quote.
0.41684961597415804,High,Buyer follow-up call with supplier; evaluate expedite shipping quote.
0.31210224980466617,High,Buyer follow-up call with supplier; evaluate expedite shipping quote.
0.4591658317448234,High,Buyer follow-up call with supplier; evaluate expedite shipping quote.
0.4288049625837126,High,Buyer follow-up call with supplier; evaluate expedite shipping quote.
0.3193158298838651,High,Buyer follow-up call with supplier; evaluate expedite shipping quote.
0.4005937264462853,High,Buyer follow-up call with supplier; evaluate expedite shipping quote.
0.5894609956377995,High,Buyer follow-up call with supplier; evaluate expedite shipping quote.
0.3925098480807377,High,Buyer follow-up call with supplier; evaluate expedite shipping quote.
0.4474844602728919,High,Buyer follow-up call with supplier; evaluate expedite shipping quote.
0.3895273563924637,High,Buyer follow-up call with supplier; evaluate expedite shipping quote.
0.4569516424787426,High,Buyer follow-up call with supplier; evaluate expedite shipping quote.
0.4712704871318092,High,Buyer follow-up call with supplier; evaluate expedite shipping quote.
0.3291289388170026,High,Buyer follow-up call with supplier; evaluate expedite shipping quote.
0.3737330426682935,High,Buyer follow-up call with supplier; evaluate expedite shipping quote.
0.4139845808372424,High,Buyer follow-up call with supplier; evaluate expedite shipping quote.
0.4738104428265991,High,Buyer follow-up call with supplier; evaluate expedite shipping quote.
0.2847709552676225,Medium,Automated supplier check-in email.
0.394564219815646,High,Buyer follow-up call with supplier; evaluate expedite shipping quote.
0.6281135914677013,Critical,Escalate: evaluate alternate sourcing / expedite fees; alert downstream planning to adjust schedule or safety stock.
0.4418929279577472,High,Buyer follow-up call with supplier; evaluate expedite shipping quote.
0.4585694979411123,High,Buyer follow-up call with supplier; evaluate expedite shipping quote.
0.4331845945638118,High,Buyer follow-up call with supplier; evaluate expedite shipping quote.
0.6472530189938376,Critical,Escalate: evaluate alternate sourcing / expedite fees; alert downstream planning to adjust schedule or safety stock.
0.45952815692369847,High,Buyer follow-up call with supplier; evaluate expedite shipping quote.
0.35442384766484436,High,Buyer follow-up call with supplier; evaluate expedite shipping quote.
0.46295618626008034,High,Buyer follow-up call with supplier; evaluate expedite shipping quote.
0.6472762101400583,Critical,Escalate: evaluate alternate sourcing / expedite fees; alert downstream planning to adjust schedule or safety stock.
0.42923491478551884,High,Buyer follow-up call with supplier; evaluate expedite shipping quote.
0.4206335041261026,High,Buyer follow-up call with supplier; evaluate expedite shipping quote.
0.48416442601981463,High,Buyer follow-up call with supplier; evaluate expedite shipping quote.
0.2830382972695698,Medium,Automated supplier check-in email.
0.30578701668045793,High,Buyer follow-up call with supplier; evaluate expedite shipping quote.
0.5604693446932238,High,Buyer follow-up call with supplier; evaluate expedite shipping quote.
0.5101141416007343,High,Buyer follow-up call with supplier; evaluate expedite shipping quote.
0.6637455138495811,Critical,Escalate: evaluate alternate sourcing / expedite fees; alert downstream planning to adjust schedule or safety stock.
0.3102264459140219,High,Buyer follow-up call with supplier; evaluate expedite shipping quote.
0.6362086327598856,Critical,Escalate: evaluate alternate sourcing / expedite fees; alert downstream planning to adjust schedule or safety stock.
0.3263247485436915,High,Buyer follow-up call with supplier; evaluate expedite shipping quote.
0.7544234439942098,Critical,Escalate: evaluate alternate sourcing / expedite fees; alert downstream planning to adjust schedule or safety stock.
0.47788765092490454,High,Buyer follow-up call with supplier; evaluate expedite shipping quote.
0.34488662039451934,High,Buyer follow-up call with supplier; evaluate expedite shipping quote.
0.30628038043753353,High,Buyer follow-up call with supplier; evaluate expedite shipping quote.
0.4270496411677479,High,Buyer follow-up call with supplier; evaluate expedite shipping quote.
0.5533548190181442,High,Buyer follow-up call with supplier; evaluate expedite shipping quote.
0.30506342310902873,High,Buyer follow-up call with supplier; evaluate expedite shipping quote.
0.6381289236362397,Critical,Escalate: evaluate alternate sourcing / expedite fees; alert downstream planning to adjust schedule or safety stock.
0.293523473039158,Medium,Automated supplier check-in email.
0.4960642028599955,High,Buyer follow-up call with supplier; evaluate expedite shipping quote.
0.4267479420139981,High,Buyer follow-up call with supplier; evaluate expedite shipping quote.
0.46855935041284785,High,Buyer follow-up call with supplier; evaluate expedite shipping quote.
0.679542020750124,Critical,Escalate: evaluate alternate sourcing / expedite fees; alert downstream planning to adjust schedule or safety stock.
0.46620391844350406,High,Buyer follow-up call with supplier; evaluate expedite shipping quote.
0.676142206664244,Critical,Escalate: evaluate alternate sourcing / expedite fees; alert downstream planning to adjust schedule or safety stock.
0.6350449096107847,Critical,Escalate: evaluate alternate sourcing / expedite fees; alert downstream planning to adjust schedule or safety stock.
0.6786869864278514,Critical,Escalate: evaluate alternate sourcing / expedite fees; alert downstream planning to adjust schedule or safety stock.
0.3849900252400411,High,Buyer follow-up call with supplier; evaluate expedite shipping quote.
0.5903310238035774,High,Buyer follow-up call with supplier; evaluate expedite shipping quote.
0.39348575430668353,High,Buyer follow-up call with supplier; evaluate expedite shipping quote.
0.4424824280506592,High,Buyer follow-up call with supplier; evaluate expedite shipping quote.
0.45920342245418505,High,Buyer follow-up call with supplier; evaluate expedite shipping quote.
0.39639155265093373,High,Buyer follow-up call with supplier; evaluate expedite shipping quote.
0.4076643011339207,High,Buyer follow-up call with supplier; evaluate expedite shipping quote.
0.3897758426844402,High,Buyer follow-up call with supplier; evaluate expedite shipping quote.
0.3388095103253556,High,Buyer follow-up call with supplier; evaluate expedite shipping quote.
0.5105804748630242,High,Buyer follow-up call with supplier; evaluate expedite shipping quote.
0.43341086585405275,High,Buyer follow-up call with supplier; evaluate expedite shipping quote.
0.43710745166668746,High,Buyer follow-up call with supplier; evaluate expedite shipping quote.
0.6484629283038174,Critical,Escalate: evaluate alternate sourcing / expedite fees; alert downstream planning to adjust schedule or safety stock.
0.6463170024477257,Critical,Escalate: evaluate alternate sourcing / expedite fees; alert downstream planning to adjust schedule or safety stock.
0.47218374901822224,High,Buyer follow-up call with supplier; evaluate expedite shipping quote.
0.5204328632679011,High,Buyer follow-up call with supplier; evaluate expedite shipping quote.
0.48699366224433926,High,Buyer follow-up call with supplier; evaluate expedite shipping quote.
0.45246799806083726,High,Buyer follow-up call with supplier; evaluate expedite shipping quote.
0.4025253678030396,High,Buyer follow-up call with supplier; evaluate expedite shipping quote.
0.277276985234129,Medium,Automated supplier check-in email.
0.27046425997161333,Medium,Automated supplier check-in email.
0.628438349504967,Critical,Escalate: evaluate alternate sourcing / expedite fees; alert downstream planning to adjust schedule or safety stock.
0.4720174619674321,High,Buyer follow-up call with supplier; evaluate expedite shipping quote.
0.6513190702632932,Critical,Escalate: evaluate alternate sourcing / expedite fees; alert downstream planning to adjust schedule or safety stock.
0.4005757594733748,High,Buyer follow-up call with supplier; evaluate expedite shipping quote.
0.6377118785233892,Critical,Escalate: evaluate alternate sourcing / expedite fees; alert downstream planning to adjust schedule or safety stock.
0.30868378156223697,High,Buyer follow-up call with supplier; evaluate expedite shipping quote.
0.2964588735993148,Medium,Automated supplier check-in email.
0.605586741256631,Critical,Escalate: evaluate alternate sourcing / expedite fees; alert downstream planning to adjust schedule or safety stock.
0.5599975557425969,High,Buyer follow-up call with supplier; evaluate expedite shipping quote.
0.3277293048650136,High,Buyer follow-up call with supplier; evaluate expedite shipping quote.
0.4392434773738748,High,Buyer follow-up call with supplier; evaluate expedite shipping quote.
0.35003254466934725,High,Buyer follow-up call with supplier; evaluate expedite shipping quote.
0.4416252886515163,High,Buyer follow-up call with supplier; evaluate expedite shipping quote.
0.5844738605469239,High,Buyer follow-up call with supplier; evaluate expedite shipping quote.
0.44186981600570313,High,Buyer follow-up call with supplier; evaluate expedite shipping quote.
0.5917362018357363,High,Buyer follow-up call with supplier; evaluate expedite shipping quote.
0.3574321350726653,High,Buyer follow-up call with supplier; evaluate expedite shipping quote.
0.41025131699143713,High,Buyer follow-up call with supplier; evaluate expedite shipping quote.
0.4206077820644195,High,Buyer follow-up call with supplier; evaluate expedite shipping quote.
0.48158222453439864,High,Buyer follow-up call with supplier; evaluate expedite shipping quote.
0.5417530734466415,High,Buyer follow-up call with supplier; evaluate expedite shipping quote.
0.3039949370750696,High,Buyer follow-up call with supplier; evaluate expedite shipping quote.
0.4315574484399435,High,Buyer follow-up call with supplier; evaluate expedite shipping quote.
0.4646282754367908,High,Buyer follow-up call with supplier; evaluate expedite shipping quote.
0.42777860009794894,High,Buyer follow-up call with supplier; evaluate expedite shipping quote.
0.5704307874118724,High,Buyer follow-up call with supplier; evaluate expedite shipping quote.
0.6466862066133514,Critical,Escalate: evaluate alternate sourcing / expedite fees; alert downstream planning to adjust schedule or safety stock.
0.43738721657636803,High,Buyer follow-up call with supplier; evaluate expedite shipping quote.
0.6839827222187504,Critical,Escalate: evaluate alternate sourcing / expedite fees; alert downstream planning to adjust schedule or safety stock.
0.4135593015891748,High,Buyer follow-up call with supplier; evaluate expedite shipping quote.
0.3975274647058076,High,Buyer follow-up call with supplier; evaluate expedite shipping quote.
0.3139048561076296,High,Buyer follow-up call with supplier; evaluate expedite shipping quote.
0.5928471598215044,High,Buyer follow-up call with supplier; evaluate expedite shipping quote.
0.41593236060247074,High,Buyer follow-up call with supplier; evaluate expedite shipping quote.
0.4426637144221014,High,Buyer follow-up call with supplier; evaluate expedite shipping quote.
0.29416703896137925,Medium,Automated supplier check-in email.
0.43734209578027833,High,Buyer follow-up call with supplier; evaluate expedite shipping quote.
0.6120172440949154,Critical,Escalate: evaluate alternate sourcing / expedite fees; alert downstream planning to adjust schedule or safety stock.
0.4442737343046925,High,Buyer follow-up call with supplier; evaluate expedite shipping quote.
0.43445030845866417,High,Buyer follow-up call with supplier; evaluate expedite shipping quote.
0.43331642118833,High,Buyer follow-up call with supplier; evaluate expedite shipping quote.
0.6534098505510534,Critical,Escalate: evaluate alternate sourcing / expedite fees; alert downstream planning to adjust schedule or safety stock.
0.5366463638185427,High,Buyer follow-up call with supplier; evaluate expedite shipping quote.
0.4860435350282314,High,Buyer follow-up call with supplier; evaluate expedite shipping quote.
0.49566667828503713,High,Buyer follow-up call with supplier; evaluate expedite shipping quote.
0.40943197851309127,High,Buyer follow-up call with supplier; evaluate expedite shipping quote.
0.4785061855370609,High,Buyer follow-up call with supplier; evaluate expedite shipping quote.
0.6298681343697365,Critical,Escalate: evaluate alternate sourcing / expedite fees; alert downstream planning to adjust schedule or safety stock.
0.6706339180185457,Critical,Escalate: evaluate alternate sourcing / expedite fees; alert downstream planning to adjust schedule or safety stock.
0.3241212275638811,High,Buyer follow-up call with supplier; evaluate expedite shipping quote.
0.4395381969481892,High,Buyer follow-up call with supplier; evaluate expedite shipping quote.
0.4375136749988945,High,Buyer follow-up call with supplier; evaluate expedite shipping quote.
0.28949972494205234,Medium,Automated supplier check-in email.
0.4962683557277686,High,Buyer follow-up call with supplier; evaluate expedite shipping quote.
0.553158059878942,High,Buyer follow-up call with supplier; evaluate expedite shipping quote.
0.28572378698316436,Medium,Automated supplier check-in email.
0.27520054494595564,Medium,Automated supplier check-in email.
0.44318737140298065,High,Buyer follow-up call with supplier; evaluate expedite shipping quote.
0.6223167558337179,Critical,Escalate: evaluate alternate sourcing / expedite fees; alert downstream planning to adjust schedule or safety stock.
0.31215919798732383,High,Buyer follow-up call with supplier; evaluate expedite shipping quote.
0.32250723847641233,High,Buyer follow-up call with supplier; evaluate expedite shipping quote.
0.5702852421702872,High,Buyer follow-up call with supplier; evaluate expedite shipping quote.
0.5416379171075819,High,Buyer follow-up call with supplier; evaluate expedite shipping quote.
0.45483947054359675,High,Buyer follow-up call with supplier; evaluate expedite shipping quote.
0.401116753374091,High,Buyer follow-up call with supplier; evaluate expedite shipping quote.
0.30147347646881384,High,Buyer follow-up call with supplier; evaluate expedite shipping quote.
0.44943859880021647,High,Buyer follow-up call with supplier; evaluate expedite shipping quote.
0.6473105183161472,Critical,Escalate: evaluate alternate sourcing / expedite fees; alert downstream planning to adjust schedule or safety stock.
0.4016833140623795,High,Buyer follow-up call with supplier; evaluate expedite shipping quote.
0.5440786074691264,High,Buyer follow-up call with supplier; evaluate expedite shipping quote.
0.49278482557387165,High,Buyer follow-up call with supplier; evaluate expedite shipping quote.
0.4719593948136566,High,Buyer follow-up call with supplier; evaluate expedite shipping quote.
0.4145796594627214,High,Buyer follow-up call with supplier; evaluate expedite shipping quote.
0.2681725760231811,Medium,Automated supplier check-in email.
0.5022446474185421,High,Buyer follow-up call with supplier; evaluate expedite shipping quote.
0.299477120294391,Medium,Automated supplier check-in email.
0.5449694776029244,High,Buyer follow-up call with supplier; evaluate expedite shipping quote.
0.5451461810280354,High,Buyer follow-up call with supplier; evaluate expedite shipping quote.
0.39623716907934103,High,Buyer follow-up call with supplier; evaluate expedite shipping quote.
0.31005055309460533,High,Buyer follow-up call with supplier; evaluate expedite shipping quote.
0.33224297446480244,High,Buyer follow-up call with supplier; evaluate expedite shipping quote.
0.687781622295714,Critical,Escalate: evaluate alternate sourcing / expedite fees; alert downstream planning to adjust schedule or safety stock.
0.6089674564247362,Critical,Escalate: evaluate alternate sourcing / expedite fees; alert downstream planning to adjust schedule or safety stock.
0.3040501361348872,High,Buyer follow-up call with supplier; evaluate expedite shipping quote.
0.49373080229864824,High,Buyer follow-up call with supplier; evaluate expedite shipping quote.
0.6059827541893059,Critical,Escalate: evaluate alternate sourcing / expedite fees; alert downstream planning to adjust schedule or safety stock.
0.4216033486931973,High,Buyer follow-up call with supplier; evaluate expedite shipping quote.
0.42097796359167133,High,Buyer follow-up call with supplier; evaluate expedite shipping quote.
0.304302348608599,High,Buyer follow-up call with supplier; evaluate expedite shipping quote.
0.48166034282301545,High,Buyer follow-up call with supplier; evaluate expedite shipping quote.
0.5399875214689259,High,Buyer follow-up call with supplier; evaluate expedite shipping quote.
0.4775120689245651,High,Buyer follow-up call with supplier; evaluate expedite shipping quote.
0.43291440188959507,High,Buyer follow-up call with supplier; evaluate expedite shipping quote.
0.2657980349164702,Medium,Automated supplier check-in email.
0.5548282169035431,High,Buyer follow-up call with supplier; evaluate expedite shipping quote.
0.4255757354618678,High,Buyer follow-up call with supplier; evaluate expedite shipping quote.
0.437546287572629,High,Buyer follow-up call with supplier; evaluate expedite shipping quote.
0.7164860023701094,Critical,Escalate: evaluate alternate sourcing / expedite fees; alert downstream planning to adjust schedule or safety stock.
0.4831089375878631,High,Buyer follow-up call with supplier; evaluate expedite shipping quote.
0.30432240623620754,High,Buyer follow-up call with supplier; evaluate expedite shipping quote.
0.6040149241143098,Critical,Escalate: evaluate alternate sourcing / expedite fees; alert downstream planning to adjust schedule or safety stock.
0.4029169448430318,High,Buyer follow-up call with supplier; evaluate expedite shipping quote.
0.2963331981052008,Medium,Automated supplier check-in email.
0.6243004257739065,Critical,Escalate: evaluate alternate sourcing / expedite fees; alert downstream planning to adjust schedule or safety stock.
0.43989436137501153,High,Buyer follow-up call with supplier; evaluate expedite shipping quote.
0.415691357722973,High,Buyer follow-up call with supplier; evaluate expedite shipping quote.
0.29475996168708557,Medium,Automated supplier check-in email.
0.4393649206935127,High,Buyer follow-up call with supplier; evaluate expedite shipping quote.
0.39650255221964453,High,Buyer follow-up call with supplier; evaluate expedite shipping quote.
0.4815767012920917,High,Buyer follow-up call with supplier; evaluate expedite shipping quote.
0.4366632753347739,High,Buyer follow-up call with supplier; evaluate expedite shipping quote.
0.3947643918262203,High,Buyer follow-up call with supplier; evaluate expedite shipping quote.
0.5604693446932238,High,Buyer follow-up call with supplier; evaluate expedite shipping quote.
0.36530259260452774,High,Buyer follow-up call with supplier; evaluate expedite shipping quote.
0.32382996522349006,High,Buyer follow-up call with supplier; evaluate expedite shipping quote.
0.5898363033602272,High,Buyer follow-up call with supplier; evaluate expedite shipping quote.
0.29603726286980286,Medium,Automated supplier check-in email.
0.3663773452615265,High,Buyer follow-up call with supplier; evaluate expedite shipping quote.
0.35219943486568295,High,Buyer follow-up call with supplier; evaluate expedite shipping quote.
0.46173617624240737,High,Buyer follow-up call with supplier; evaluate expedite shipping quote.
0.27959951624397217,Medium,Automated supplier check-in email.
0.4109220605209108,High,Buyer follow-up call with supplier; evaluate expedite shipping quote.
0.5941742250188254,High,Buyer follow-up call with supplier; evaluate expedite shipping quote.
0.597401687552145,High,Buyer follow-up call with supplier; evaluate expedite shipping quote.
0.6828214040540068,Critical,Escalate: evaluate alternate sourcing / expedite fees; alert downstream planning to adjust schedule or safety stock.
0.5543891189510357,High,Buyer follow-up call with supplier; evaluate expedite shipping quote.
0.4140165216918299,High,Buyer follow-up call with supplier; evaluate expedite shipping quote.
0.4880325545162208,High,Buyer follow-up call with supplier; evaluate expedite shipping quote.
0.31294075836335283,High,Buyer follow-up call with supplier; evaluate expedite shipping quote.
0.7444606673893109,Critical,Escalate: evaluate alternate sourcing / expedite fees; alert downstream planning to adjust schedule or safety stock.
0.4348153873677796,High,Buyer follow-up call with supplier; evaluate expedite shipping quote.
0.6785981784868356,Critical,Escalate: evaluate alternate sourcing / expedite fees; alert downstream planning to adjust schedule or safety stock.
0.4944495278204035,High,Buyer follow-up call with supplier; evaluate expedite shipping quote.
0.47403556613498854,High,Buyer follow-up call with supplier; evaluate expedite shipping quote.
0.4240135051738829,High,Buyer follow-up call with supplier; evaluate expedite shipping quote.
0.5213228810345492,High,Buyer follow-up call with supplier; evaluate expedite shipping quote.
0.5931330509441901,High,Buyer follow-up call with supplier; evaluate expedite shipping quote.
0.42975483478499915,High,Buyer follow-up call with supplier; evaluate expedite shipping quote.
0.6438311812183791,Critical,Escalate: evaluate alternate sourcing / expedite fees; alert downstream planning to adjust schedule or safety stock.
0.6083520447164775,Critical,Escalate: evaluate alternate sourcing / expedite fees; alert downstream planning to adjust schedule or safety stock.
0.5131378723896707,High,Buyer follow-up call with supplier; evaluate expedite shipping quote.
0.44580989480031336,High,Buyer follow-up call with supplier; evaluate expedite shipping quote.
0.4163387620576347,High,Buyer follow-up call with supplier; evaluate expedite shipping quote.
0.41019836789549946,High,Buyer follow-up call with supplier; evaluate expedite shipping quote.
0.4394615524443076,High,Buyer follow-up call with supplier; evaluate expedite shipping quote.
0.45950453376270123,High,Buyer follow-up call with supplier; evaluate expedite shipping quote.
0.35962727740600753,High,Buyer follow-up call with supplier; evaluate expedite shipping quote.
0.6281587636000507,Critical,Escalate: evaluate alternate sourcing / expedite fees; alert downstream planning to adjust schedule or safety stock.
0.46610445210176343,High,Buyer follow-up call with supplier; evaluate expedite shipping quote.
0.5369620805244152,High,Buyer follow-up call with supplier; evaluate expedite shipping quote.
0.4460605000962394,High,Buyer follow-up call with supplier; evaluate expedite shipping quote.
0.30421947008678346,High,Buyer follow-up call with supplier; evaluate expedite shipping quote.
0.6370999124164538,Critical,Escalate: evaluate alternate sourcing / expedite fees; alert downstream planning to adjust schedule or safety stock.
0.6432095951096258,Critical,Escalate: evaluate alternate sourcing / expedite fees; alert downstream planning to adjust schedule or safety stock.
0.393701161156412,High,Buyer follow-up call with supplier; evaluate expedite shipping quote.
0.7065457608175165,Critical,Escalate: evaluate alternate sourcing / expedite fees; alert downstream planning to adjust schedule or safety stock.
0.6682123389103172,Critical,Escalate: evaluate alternate sourcing / expedite fees; alert downstream planning to adjust schedule or safety stock.
0.3057238410765728,High,Buyer follow-up call with supplier; evaluate expedite shipping quote.
0.6292994546259315,Critical,Escalate: evaluate alternate sourcing / expedite fees; alert downstream planning to adjust schedule or safety stock.
0.47326162324090343,High,Buyer follow-up call with supplier; evaluate expedite shipping quote.
0.6356428477586771,Critical,Escalate: evaluate alternate sourcing / expedite fees; alert downstream planning to adjust schedule or safety stock.
0.6583089279050445,Critical,Escalate: evaluate alternate sourcing / expedite fees; alert downstream planning to adjust schedule or safety stock.
0.4197807842793967,High,Buyer follow-up call with supplier; evaluate expedite shipping quote.
0.36897191658398293,High,Buyer follow-up call with supplier; evaluate expedite shipping quote.
0.4275388461130723,High,Buyer follow-up call with supplier; evaluate expedite shipping quote.
0.4737390662535116,High,Buyer follow-up call with supplier; evaluate expedite shipping quote.
0.45064939392001596,High,Buyer follow-up call with supplier; evaluate expedite shipping quote.
0.3010480051894343,High,Buyer follow-up call with supplier; evaluate expedite shipping quote.
0.38452672379150976,High,Buyer follow-up call with supplier; evaluate expedite shipping quote.
0.44870675843908553,High,Buyer follow-up call with supplier; evaluate expedite shipping quote.
0.5458465295653337,High,Buyer follow-up call with supplier; evaluate expedite shipping quote.
0.7126040767719228,Critical,Escalate: evaluate alternate sourcing / expedite fees; alert downstream planning to adjust schedule or safety stock.
0.5553113629606982,High,Buyer follow-up call with supplier; evaluate expedite shipping quote.
0.44432145356661984,High,Buyer follow-up call with supplier; evaluate expedite shipping quote.
0.41943282611549787,High,Buyer follow-up call with supplier; evaluate expedite shipping quote.
0.3392380931687605,High,Buyer follow-up call with supplier; evaluate expedite shipping quote.
0.713805431676596,Critical,Escalate: evaluate alternate sourcing / expedite fees; alert downstream planning to adjust schedule or safety stock.
0.5183122392513655,High,Buyer follow-up call with supplier; evaluate expedite shipping quote.
0.5341392148284457,High,Buyer follow-up call with supplier; evaluate expedite shipping quote.
0.6447060494361628,Critical,Escalate: evaluate alternate sourcing / expedite fees; alert downstream planning to adjust schedule or safety stock.
0.4634971127403881,High,Buyer follow-up call with supplier; evaluate expedite shipping quote.
0.5179476847820385,High,Buyer follow-up call with supplier; evaluate expedite shipping quote.
0.5496231826708924,High,Buyer follow-up call with supplier; evaluate expedite shipping quote.
0.4479877299564779,High,Buyer follow-up call with supplier; evaluate expedite shipping quote.
0.47977568962062195,High,Buyer follow-up call with supplier; evaluate expedite shipping quote.
0.4748207589805281,High,Buyer follow-up call with supplier; evaluate expedite shipping quote.
0.7352036669919652,Critical,Escalate: evaluate alternate sourcing / expedite fees; alert downstream planning to adjust schedule or safety stock.
0.6303140476165617,Critical,Escalate: evaluate alternate sourcing / expedite fees; alert downstream planning to adjust schedule or safety stock.
0.4167639636318244,High,Buyer follow-up call with supplier; evaluate expedite shipping quote.
0.3245400206038829,High,Buyer follow-up call with supplier; evaluate expedite shipping quote.
0.43034100975396217,High,Buyer follow-up call with supplier; evaluate expedite shipping quote.
0.6192617629763932,Critical,Escalate: evaluate alternate sourcing / expedite fees; alert downstream planning to adjust schedule or safety stock.
0.5038894643584058,High,Buyer follow-up call with supplier; evaluate expedite shipping quote.
0.29820747378317913,Medium,Automated supplier check-in email.
0.6236681942939929,Critical,Escalate: evaluate alternate sourcing / expedite fees; alert downstream planning to adjust schedule or safety stock.
0.3191425381430596,High,Buyer follow-up call with supplier; evaluate expedite shipping quote.
0.5219373765479807,High,Buyer follow-up call with supplier; evaluate expedite shipping quote.
0.31245843365973636,High,Buyer follow-up call with supplier; evaluate expedite shipping quote.
0.3728522159871228,High,Buyer follow-up call with supplier; evaluate expedite shipping quote.
0.569603557548774,High,Buyer follow-up call with supplier; evaluate expedite shipping quote.
0.4383374592437049,High,Buyer follow-up call with supplier; evaluate expedite shipping quote.
0.5740297454870271,High,Buyer follow-up call with supplier; evaluate expedite shipping quote.
0.6521748712078455,Critical,Escalate: evaluate alternate sourcing / expedite fees; alert downstream planning to adjust schedule or safety stock.
0.45371369708267106,High,Buyer follow-up call with supplier; evaluate expedite shipping quote.
0.40400579082697413,High,Buyer follow-up call with supplier; evaluate expedite shipping quote.
0.36603221975751177,High,Buyer follow-up call with supplier; evaluate expedite shipping quote.
0.6269390999965712,Critical,Escalate: evaluate alternate sourcing / expedite fees; alert downstream planning to adjust schedule or safety stock.
0.4890972607294341,High,Buyer follow-up call with supplier; evaluate expedite shipping quote.
0.7119248203928099,Critical,Escalate: evaluate alternate sourcing / expedite fees; alert downstream planning to adjust schedule or safety stock.
0.4606982052693497,High,Buyer follow-up call with supplier; evaluate expedite shipping quote.
0.2956829238536026,Medium,Automated supplier check-in email.
0.6533866681517443,Critical,Escalate: evaluate alternate sourcing / expedite fees; alert downstream planning to adjust schedule or safety stock.
0.5050457590550081,High,Buyer follow-up call with supplier; evaluate expedite shipping quote.
0.43012722990141156,High,Buyer follow-up call with supplier; evaluate expedite shipping quote.
0.4355415834909936,High,Buyer follow-up call with supplier; evaluate expedite shipping quote.
0.5251420212124945,High,Buyer follow-up call with supplier; evaluate expedite shipping quote.
0.5534323788008874,High,Buyer follow-up call with supplier; evaluate expedite shipping quote.
0.5544465434543344,High,Buyer follow-up call with supplier; evaluate expedite shipping quote.
0.662366174488364,Critical,Escalate: evaluate alternate sourcing / expedite fees; alert downstream planning to adjust schedule or safety stock.
0.4901417851041263,High,Buyer follow-up call with supplier; evaluate expedite shipping quote.
0.4085096083207017,High,Buyer follow-up call with supplier; evaluate expedite shipping quote.
0.30047810001645847,High,Buyer follow-up call with supplier; evaluate expedite shipping quote.
0.4650563910248136,High,Buyer follow-up call with supplier; evaluate expedite shipping quote.
0.38348246510435247,High,Buyer follow-up call with supplier; evaluate expedite shipping quote.
0.3254417270400466,High,Buyer follow-up call with supplier; evaluate expedite shipping quote.
0.4505864894847745,High,Buyer follow-up call with supplier; evaluate expedite shipping quote.
0.4289600049799469,High,Buyer follow-up call with supplier; evaluate expedite shipping quote.
0.5893883444775291,High,Buyer follow-up call with supplier; evaluate expedite shipping quote.
0.44738224143333827,High,Buyer follow-up call with supplier; evaluate expedite shipping quote.
0.2962019209084255,Medium,Automated supplier check-in email.
0.37711422790067173,High,Buyer follow-up call with supplier; evaluate expedite shipping quote.
0.3897691084884383,High,Buyer follow-up call with supplier; evaluate expedite shipping quote.
0.460273440671623,High,Buyer follow-up call with supplier; evaluate expedite shipping quote.
0.42075766988199975,High,Buyer follow-up call with supplier; evaluate expedite shipping quote.
0.4262012800022293,High,Buyer follow-up call with supplier; evaluate expedite shipping quote.
0.6396929138197271,Critical,Escalate: evaluate alternate sourcing / expedite fees; alert downstream planning to adjust schedule or safety stock.
0.5106146393212013,High,Buyer follow-up call with supplier; evaluate expedite shipping quote.
0.316602734337267,High,Buyer follow-up call with supplier; evaluate expedite shipping quote.
0.3843372882227134,High,Buyer follow-up call with supplier; evaluate expedite shipping quote.
0.4565770578355332,High,Buyer follow-up call with supplier; evaluate expedite shipping quote.
0.4994379423915468,High,Buyer follow-up call with supplier; evaluate expedite shipping quote.
0.6055867689688668,Critical,Escalate: evaluate alternate sourcing / expedite fees; alert downstream planning to adjust schedule or safety stock.
0.43438825484903426,High,Buyer follow-up call with supplier; evaluate expedite shipping quote.
0.4346170506553689,High,Buyer follow-up call with supplier; evaluate expedite shipping quote.
0.4659599944768174,High,Buyer follow-up call with supplier; evaluate expedite shipping quote.
0.694132803590717,Critical,Escalate: evaluate alternate sourcing / expedite fees; alert downstream planning to adjust schedule or safety stock.
0.5704307874118724,High,Buyer follow-up call with supplier; evaluate expedite shipping quote.
0.3229622311078094,High,Buyer follow-up call with supplier; evaluate expedite shipping quote.
0.39892213746988847,High,Buyer follow-up call with supplier; evaluate expedite shipping quote.
0.30673728021093327,High,Buyer follow-up call with supplier; evaluate expedite shipping quote.
0.5107025948603829,High,Buyer follow-up call with supplier; evaluate expedite shipping quote.
0.4972781518477518,High,Buyer follow-up call with supplier; evaluate expedite shipping quote.
0.3942344835224776,High,Buyer follow-up call with supplier; evaluate expedite shipping quote.
0.4616809201931338,High,Buyer follow-up call with supplier; evaluate expedite shipping quote.
0.49052704021957444,High,Buyer follow-up call with supplier; evaluate expedite shipping quote.
0.45094361712408326,High,Buyer follow-up call with supplier; evaluate expedite shipping quote.
0.4015370457690003,High,Buyer follow-up call with supplier; evaluate expedite shipping quote.
0.3142373296204962,High,Buyer follow-up call with supplier; evaluate expedite shipping quote.
0.4337355083468758,High,Buyer follow-up call with supplier; evaluate expedite shipping quote.
0.3851729043469303,High,Buyer follow-up call with supplier; evaluate expedite shipping quote.
0.4486226979700196,High,Buyer follow-up call with supplier; evaluate expedite shipping quote.
0.4644577589593677,High,Buyer follow-up call with supplier; evaluate expedite shipping quote.
0.4550445039466717,High,Buyer follow-up call with supplier; evaluate expedite shipping quote.
0.44921826808579385,High,Buyer follow-up call with supplier; evaluate expedite shipping quote.
0.6926090728103395,Critical,Escalate: evaluate alternate sourcing / expedite fees; alert downstream planning to adjust schedule or safety stock.
0.4237582622295302,High,Buyer follow-up call with supplier; evaluate expedite shipping quote.
0.5470946829893648,High,Buyer follow-up call with supplier; evaluate expedite shipping quote.
0.28499147899037813,Medium,Automated supplier check-in email.
0.6424692818932487,Critical,Escalate: evaluate alternate sourcing / expedite fees; alert downstream planning to adjust schedule or safety stock.
0.4543090510552991,High,Buyer follow-up call with supplier; evaluate expedite shipping quote.
0.6292163668724541,Critical,Escalate: evaluate alternate sourcing / expedite fees; alert downstream planning to adjust schedule or safety stock.
0.6822734654252206,Critical,Escalate: evaluate alternate sourcing / expedite fees; alert downstream planning to adjust schedule or safety stock.
0.3876545640310317,High,Buyer follow-up call with supplier; evaluate expedite shipping quote.
0.6390570900287408,Critical,Escalate: evaluate alternate sourcing / expedite fees; alert downstream planning to adjust schedule or safety stock.
0.47131846848042114,High,Buyer follow-up call with supplier; evaluate expedite shipping quote.
0.5220647769269697,High,Buyer follow-up call with supplier; evaluate expedite shipping quote.
0.43216965962204185,High,Buyer follow-up call with supplier; evaluate expedite shipping quote.
0.35533817075977964,High,Buyer follow-up call with supplier; evaluate expedite shipping quote.
0.29824948641002474,Medium,Automated supplier check-in email.
0.4263492922037105,High,Buyer follow-up call with supplier; evaluate expedite shipping quote.
0.45669908521377817,High,Buyer follow-up call with supplier; evaluate expedite shipping quote.
0.4426929054573234,High,Buyer follow-up call with supplier; evaluate expedite shipping quote.
0.42686580384152273,High,Buyer follow-up call with supplier; evaluate expedite shipping quote.
0.7472668024320845,Critical,Escalate: evaluate alternate sourcing / expedite fees; alert downstream planning to adjust schedule or safety stock.
0.31169639322556464,High,Buyer follow-up call with supplier; evaluate expedite shipping quote.
0.2987096873620895,Medium,Automated supplier check-in email.
0.4622671863175522,High,Buyer follow-up call with supplier; evaluate expedite shipping quote.
0.3159180183710838,High,Buyer follow-up call with supplier; evaluate expedite shipping quote.
0.29313985208553645,Medium,Automated supplier check-in email.
0.36435330586676945,High,Buyer follow-up call with supplier; evaluate expedite shipping quote.
0.5354304427195817,High,Buyer follow-up call with supplier; evaluate expedite shipping quote.
0.39714443544239963,High,Buyer follow-up call with supplier; evaluate expedite shipping quote.
0.6812505405273223,Critical,Escalate: evaluate alternate sourcing / expedite fees; alert downstream planning to adjust schedule or safety stock.
0.40000042567643623,High,Buyer follow-up call with supplier; evaluate expedite shipping quote.
0.47973143531387724,High,Buyer follow-up call with supplier; evaluate expedite shipping quote.
0.3899706790040423,High,Buyer follow-up call with supplier; evaluate expedite shipping quote.
0.31158238396699256,High,Buyer follow-up call with supplier; evaluate expedite shipping quote.
0.42171835795239926,High,Buyer follow-up call with supplier; evaluate expedite shipping quote.
0.2827261848726735,Medium,Automated supplier check-in email.
0.4294654561776443,High,Buyer follow-up call with supplier; evaluate expedite shipping quote.
0.37026662539276606,High,Buyer follow-up call with supplier; evaluate expedite shipping quote.
0.5490156331831567,High,Buyer follow-up call with supplier; evaluate expedite shipping quote.
0.31646830927819003,High,Buyer follow-up call with supplier; evaluate expedite shipping quote.
0.4951099345669993,High,Buyer follow-up call with supplier; evaluate expedite shipping quote.
0.498644795402533,High,Buyer follow-up call with supplier; evaluate expedite shipping quote.
0.4415406153357995,High,Buyer follow-up call with supplier; evaluate expedite shipping quote.
0.46750898330132074,High,Buyer follow-up call with supplier; evaluate expedite shipping quote.
0.39375515761972724,High,Buyer follow-up call with supplier; evaluate expedite shipping quote.
0.3110983094533975,High,Buyer follow-up call with supplier; evaluate expedite shipping quote.
0.39375164096220494,High,Buyer follow-up call with supplier; evaluate expedite shipping quote.
0.4452913996419976,High,Buyer follow-up call with supplier; evaluate expedite shipping quote.
0.5563435735353864,High,Buyer follow-up call with supplier; evaluate expedite shipping quote.
0.7880082593684007,Critical,Escalate: evaluate alternate sourcing / expedite fees; alert downstream planning to adjust schedule or safety stock.
0.29572677955228927,Medium,Automated supplier check-in email.
0.383668692396726,High,Buyer follow-up call with supplier; evaluate expedite shipping quote.
0.3678611068429005,High,Buyer follow-up call with supplier; evaluate expedite shipping quote.
0.4461536766957258,High,Buyer follow-up call with supplier; evaluate expedite shipping quote.
0.3909053305029522,High,Buyer follow-up call with supplier; evaluate expedite shipping quote.
0.5752134856844351,High,Buyer follow-up call with supplier; evaluate expedite shipping quote.
0.4031234424493901,High,Buyer follow-up call with supplier; evaluate expedite shipping quote.
0.2901780401158511,Medium,Automated supplier check-in email.
0.4062494449531075,High,Buyer follow-up call with supplier; evaluate expedite shipping quote.
0.4472074011324827,High,Buyer follow-up call with supplier; evaluate expedite shipping quote.
0.4267216443118816,High,Buyer follow-up call with supplier; evaluate expedite shipping quote.
0.3183586942076946,High,Buyer follow-up call with supplier; evaluate expedite shipping quote.
0.617338254562467,Critical,Escalate: evaluate alternate sourcing / expedite fees; alert downstream planning to adjust schedule or safety stock.
0.6627977630365677,Critical,Escalate: evaluate alternate sourcing / expedite fees; alert downstream planning to adjust schedule or safety stock.
0.523478124860649,High,Buyer follow-up call with supplier; evaluate expedite shipping quote.
0.6446896238775448,Critical,Escalate: evaluate alternate sourcing / expedite fees; alert downstream planning to adjust schedule or safety stock.
0.38016662013503205,High,Buyer follow-up call with supplier; evaluate expedite shipping quote.
0.5668896808104573,High,Buyer follow-up call with supplier; evaluate expedite shipping quote.
0.6544679432720043,Critical,Escalate: evaluate alternate sourcing / expedite fees; alert downstream planning to adjust schedule or safety stock.
0.45912374821308416,High,Buyer follow-up call with supplier; evaluate expedite shipping quote.
0.29393107288447207,Medium,Automated supplier check-in email.
0.5028987508790397,High,Buyer follow-up call with supplier; evaluate expedite shipping quote.
0.48561327516947655,High,Buyer follow-up call with supplier; evaluate expedite shipping quote.
0.6276220749339348,Critical,Escalate: evaluate alternate sourcing / expedite fees; alert downstream planning to adjust schedule or safety stock.
0.31170193032588445,High,Buyer follow-up call with supplier; evaluate expedite shipping quote.
0.3895203376794517,High,Buyer follow-up call with supplier; evaluate expedite shipping quote.
0.6706344525764829,Critical,Escalate: evaluate alternate sourcing / expedite fees; alert downstream planning to adjust schedule or safety stock.
0.5609034539870171,High,Buyer follow-up call with supplier; evaluate expedite shipping quote.
0.3090173011470639,High,Buyer follow-up call with supplier; evaluate expedite shipping quote.
0.44472819546891623,High,Buyer follow-up call with supplier; evaluate expedite shipping quote.
0.49550477659448405,High,Buyer follow-up call with supplier; evaluate expedite shipping quote.
0.46700370037813116,High,Buyer follow-up call with supplier; evaluate expedite shipping quote.
0.4118306316271652,High,Buyer follow-up call with supplier; evaluate expedite shipping quote.
0.4017459234364221,High,Buyer follow-up call with supplier; evaluate expedite shipping quote.
0.6523380848398482,Critical,Escalate: evaluate alternate sourcing / expedite fees; alert downstream planning to adjust schedule or safety stock.
0.3077226547658729,High,Buyer follow-up call with supplier; evaluate expedite shipping quote.
0.4603311104820601,High,Buyer follow-up call with supplier; evaluate expedite shipping quote.
0.5408063559670632,High,Buyer follow-up call with supplier; evaluate expedite shipping quote.
0.2928865882322081,Medium,Automated supplier check-in email.
0.32748334750983005,High,Buyer follow-up call with supplier; evaluate expedite shipping quote.
0.32963942628814735,High,Buyer follow-up call with supplier; evaluate expedite shipping quote.
0.4616263109987301,High,Buyer follow-up call with supplier; evaluate expedite shipping quote.
0.4517789035333854,High,Buyer follow-up call with supplier; evaluate expedite shipping quote.
0.6599529749116492,Critical,Escalate: evaluate alternate sourcing / expedite fees; alert downstream planning to adjust schedule or safety stock.
0.424516307526053,High,Buyer follow-up call with supplier; evaluate expedite shipping quote.
0.6300491528010567,Critical,Escalate: evaluate alternate sourcing / expedite fees; alert downstream planning to adjust schedule or safety stock.
0.44239267005790234,High,Buyer follow-up call with supplier; evaluate expedite shipping quote.
0.27049803417826607,Medium,Automated supplier check-in email.
0.7656196523115694,Critical,Escalate: evaluate alternate sourcing / expedite fees; alert downstream planning to adjust schedule or safety stock.
0.4072750590760144,High,Buyer follow-up call with supplier; evaluate expedite shipping quote.
0.6113857145854612,Critical,Escalate: evaluate alternate sourcing / expedite fees; alert downstream planning to adjust schedule or safety stock.
0.6505730484342184,Critical,Escalate: evaluate alternate sourcing / expedite fees; alert downstream planning to adjust schedule or safety stock.
0.6367064687408873,Critical,Escalate: evaluate alternate sourcing / expedite fees; alert downstream planning to adjust schedule or safety stock.
0.6494525300259569,Critical,Escalate: evaluate alternate sourcing / expedite fees; alert downstream planning to adjust schedule or safety stock.
0.6904717967468987,Critical,Escalate: evaluate alternate sourcing / expedite fees; alert downstream planning to adjust schedule or safety stock.
0.4020219079394632,High,Buyer follow-up call with supplier; evaluate expedite shipping quote.
0.5078790952793442,High,Buyer follow-up call with supplier; evaluate expedite shipping quote.
0.41176954500448587,High,Buyer follow-up call with supplier; evaluate expedite shipping quote.
0.5378647723962303,High,Buyer follow-up call with supplier; evaluate expedite shipping quote.
0.5020245505993299,High,Buyer follow-up call with supplier; evaluate expedite shipping quote.
0.412079768989279,High,Buyer follow-up call with supplier; evaluate expedite shipping quote.
0.4114352994725787,High,Buyer follow-up call with supplier; evaluate expedite shipping quote.
0.5188267096565852,High,Buyer follow-up call with supplier; evaluate expedite shipping quote.
0.5014086122789381,High,Buyer follow-up call with supplier; evaluate expedite shipping quote.
0.28493536813501535,Medium,Automated supplier check-in email.
0.6120464682078248,Critical,Escalate: evaluate alternate sourcing / expedite fees; alert downstream planning to adjust schedule or safety stock.
0.29796536368323934,Medium,Automated supplier check-in email.
0.42702907687858954,High,Buyer follow-up call with supplier; evaluate expedite shipping quote.
0.5764354801537561,High,Buyer follow-up call with supplier; evaluate expedite shipping quote.
0.3221848523096315,High,Buyer follow-up call with supplier; evaluate expedite shipping quote.
0.7045915049018892,Critical,Escalate: evaluate alternate sourcing / expedite fees; alert downstream planning to adjust schedule or safety stock.
0.6671882795406399,Critical,Escalate: evaluate alternate sourcing / expedite fees; alert downstream planning to adjust schedule or safety stock.
0.6910319795039471,Critical,Escalate: evaluate alternate sourcing / expedite fees; alert downstream planning to adjust schedule or safety stock.
0.28153394209794524,Medium,Automated supplier check-in email.
0.5240532169645131,High,Buyer follow-up call with supplier; evaluate expedite shipping quote.
0.4612804987601653,High,Buyer follow-up call with supplier; evaluate expedite shipping quote.
0.42987782192144697,High,Buyer follow-up call with supplier; evaluate expedite shipping quote.
0.44491045295398784,High,Buyer follow-up call with supplier; evaluate expedite shipping quote.
0.4114995778997234,High,Buyer follow-up call with supplier; evaluate expedite shipping quote.
0.42256215654015467,High,Buyer follow-up call with supplier; evaluate expedite shipping quote.
0.27207975684569885,Medium,Automated supplier check-in email.
0.7286935532529409,Critical,Escalate: evaluate alternate sourcing / expedite fees; alert downstream planning to adjust schedule or safety stock.
0.5447103005205589,High,Buyer follow-up call with supplier; evaluate expedite shipping quote.
0.6511955743915169,Critical,Escalate: evaluate alternate sourcing / expedite fees; alert downstream planning to adjust schedule or safety stock.
0.5273921347855259,High,Buyer follow-up call with supplier; evaluate expedite shipping quote.
0.42186611323425616,High,Buyer follow-up call with supplier; evaluate expedite shipping quote.
0.47737803625545633,High,Buyer follow-up call with supplier; evaluate expedite shipping quote.
0.5939857273853438,High,Buyer follow-up call with supplier; evaluate expedite shipping quote.
0.5781423350953538,High,Buyer follow-up call with supplier; evaluate expedite shipping quote.
0.5397908939452276,High,Buyer follow-up call with supplier; evaluate expedite shipping quote.
0.6917923351970225,Critical,Escalate: evaluate alternate sourcing / expedite fees; alert downstream planning to adjust schedule or safety stock.
0.6232719174630305,Critical,Escalate: evaluate alternate sourcing / expedite fees; alert downstream planning to adjust schedule or safety stock.
0.41492406527402304,High,Buyer follow-up call with supplier; evaluate expedite shipping quote.
0.3660557898430059,High,Buyer follow-up call with supplier; evaluate expedite shipping quote.
0.5726053315293885,High,Buyer follow-up call with supplier; evaluate expedite shipping quote.
0.48391292661010776,High,Buyer follow-up call with supplier; evaluate expedite shipping quote.
0.6081248994594133,Critical,Escalate: evaluate alternate sourcing / expedite fees; alert downstream planning to adjust schedule or safety stock.
0.6350449096107847,Critical,Escalate: evaluate alternate sourcing / expedite fees; alert downstream planning to adjust schedule or safety stock.
0.443052765021036,High,Buyer follow-up call with supplier; evaluate expedite shipping quote.
0.4687228554085671,High,Buyer follow-up call with supplier; evaluate expedite shipping quote.
0.520516608356828,High,Buyer follow-up call with supplier; evaluate expedite shipping quote.
0.4118414831631936,High,Buyer follow-up call with supplier; evaluate expedite shipping quote.
0.7069833085483852,Critical,Escalate: evaluate alternate sourcing / expedite fees; alert downstream planning to adjust schedule or safety stock.
0.43699938711838,High,Buyer follow-up call with supplier; evaluate expedite shipping quote.
0.4197059674944868,High,Buyer follow-up call with supplier; evaluate expedite shipping quote.
0.33128208130227565,High,Buyer follow-up call with supplier; evaluate expedite shipping quote.
0.31028033569769364,High,Buyer follow-up call with supplier; evaluate expedite shipping quote.
0.5489234208319854,High,Buyer follow-up call with supplier; evaluate expedite shipping quote.
0.4587136656209392,High,Buyer follow-up call with supplier; evaluate expedite shipping quote.
0.4308879373389288,High,Buyer follow-up call with supplier; evaluate expedite shipping quote.
0.4308679883242725,High,Buyer follow-up call with supplier; evaluate expedite shipping quote.
0.4232747894113826,High,Buyer follow-up call with supplier; evaluate expedite shipping quote.
0.3018449653726522,High,Buyer follow-up call with supplier; evaluate expedite shipping quote.
0.3471889234538436,High,Buyer follow-up call with supplier; evaluate expedite shipping quote.
0.3482909334079926,High,Buyer follow-up call with supplier; evaluate expedite shipping quote.
0.6259886404516696,Critical,Escalate: evaluate alternate sourcing / expedite fees; alert downstream planning to adjust schedule or safety stock.
0.309929688437278,High,Buyer follow-up call with supplier; evaluate expedite shipping quote.
0.39854039687582393,High,Buyer follow-up call with supplier; evaluate expedite shipping quote.
0.30941159407752633,High,Buyer follow-up call with supplier; evaluate expedite shipping quote.
0.3021852971526671,High,Buyer follow-up call with supplier; evaluate expedite shipping quote.
0.5272790685922067,High,Buyer follow-up call with supplier; evaluate expedite shipping quote.
0.6303562344259844,Critical,Escalate: evaluate alternate sourcing / expedite fees; alert downstream planning to adjust schedule or safety stock.
0.3964772350371414,High,Buyer follow-up call with supplier; evaluate expedite shipping quote.
0.5505063437465333,High,Buyer follow-up call with supplier; evaluate expedite shipping quote.
0.32343019247995625,High,Buyer follow-up call with supplier; evaluate expedite shipping quote.
0.5084405827564168,High,Buyer follow-up call with supplier; evaluate expedite shipping quote.
0.4136729170951797,High,Buyer follow-up call with supplier; evaluate expedite shipping quote.
0.47213782298047907,High,Buyer follow-up call with supplier; evaluate expedite shipping quote.
0.7100499282976076,Critical,Escalate: evaluate alternate sourcing / expedite fees; alert downstream planning to adjust schedule or safety stock.
0.4771749172649238,High,Buyer follow-up call with supplier; evaluate expedite shipping quote.
0.4575339387094464,High,Buyer follow-up call with supplier; evaluate expedite shipping quote.
0.4125545314287623,High,Buyer follow-up call with supplier; evaluate expedite shipping quote.
0.5558038369056834,High,Buyer follow-up call with supplier; evaluate expedite shipping quote.
0.29479101435751115,Medium,Automated supplier check-in email.
0.37272334044947397,High,Buyer follow-up call with supplier; evaluate expedite shipping quote.
0.5953369938986215,High,Buyer follow-up call with supplier; evaluate expedite shipping quote.
0.4166376537547958,High,Buyer follow-up call with supplier; evaluate expedite shipping quote.
0.6292053933420995,Critical,Escalate: evaluate alternate sourcing / expedite fees; alert downstream planning to adjust schedule or safety stock.
0.4433996667579603,High,Buyer follow-up call with supplier; evaluate expedite shipping quote.
0.4133416947063858,High,Buyer follow-up call with supplier; evaluate expedite shipping quote.
0.4110869034596178,High,Buyer follow-up call with supplier; evaluate expedite shipping quote.
0.6611937474842533,Critical,Escalate: evaluate alternate sourcing / expedite fees; alert downstream planning to adjust schedule or safety stock.
0.36547449513721003,High,Buyer follow-up call with supplier; evaluate expedite shipping quote.
0.38144582940839666,High,Buyer follow-up call with supplier; evaluate expedite shipping quote.
0.588058127240116,High,Buyer follow-up call with supplier; evaluate expedite shipping quote.
0.6050965297719563,Critical,Escalate: evaluate alternate sourcing / expedite fees; alert downstream planning to adjust schedule or safety stock.
0.41963727632133235,High,Buyer follow-up call with supplier; evaluate expedite shipping quote.
0.43184356979088806,High,Buyer follow-up call with supplier; evaluate expedite shipping quote.
0.5610569329696403,High,Buyer follow-up call with supplier; evaluate expedite shipping quote.
0.3943674173621445,High,Buyer follow-up call with supplier; evaluate expedite shipping quote.
0.50864145159358,High,Buyer follow-up call with supplier; evaluate expedite shipping quote.
0.311754503820736,High,Buyer follow-up call with supplier; evaluate expedite shipping quote.
0.31848133067043544,High,Buyer follow-up call with supplier; evaluate expedite shipping quote.
0.3045854700784667,High,Buyer follow-up call with supplier; evaluate expedite shipping quote.
0.2769912395683559,Medium,Automated supplier check-in email.
0.3061134666726832,High,Buyer follow-up call with supplier; evaluate expedite shipping quote.
0.7082836331083547,Critical,Escalate: evaluate alternate sourcing / expedite fees; alert downstream planning to adjust schedule or safety stock.
0.4756946070603011,High,Buyer follow-up call with supplier; evaluate expedite shipping quote.
0.6362714108907327,Critical,Escalate: evaluate alternate sourcing / expedite fees; alert downstream planning to adjust schedule or safety stock.
0.45525089894990356,High,Buyer follow-up call with supplier; evaluate expedite shipping quote.
0.5844102157737401,High,Buyer follow-up call with supplier; evaluate expedite shipping quote.
0.7096646005902638,Critical,Escalate: evaluate alternate sourcing / expedite fees; alert downstream planning to adjust schedule or safety stock.
0.4483087525721579,High,Buyer follow-up call with supplier; evaluate expedite shipping quote.
0.43744602013193695,High,Buyer follow-up call with supplier; evaluate expedite shipping quote.
0.29962641857395167,Medium,Automated supplier check-in email.
0.6291678939919959,Critical,Escalate: evaluate alternate sourcing / expedite fees; alert downstream planning to adjust schedule or safety stock.
0.4533231301756691,High,Buyer follow-up call with supplier; evaluate expedite shipping quote.
0.4178486558489988,High,Buyer follow-up call with supplier; evaluate expedite shipping quote.
0.5799612442893671,High,Buyer follow-up call with supplier; evaluate expedite shipping quote.
0.5401541768249268,High,Buyer follow-up call with supplier; evaluate expedite shipping quote.
0.5364512650494754,High,Buyer follow-up call with supplier; evaluate expedite shipping quote.
0.4656745533206127,High,Buyer follow-up call with supplier; evaluate expedite shipping quote.
0.605585027765896,Critical,Escalate: evaluate alternate sourcing / expedite fees; alert downstream planning to adjust schedule or safety stock.
0.3347828916606822,High,Buyer follow-up call with supplier; evaluate expedite shipping quote.
0.38313949645837464,High,Buyer follow-up call with supplier; evaluate expedite shipping quote.
0.3049739855810101,High,Buyer follow-up call with supplier; evaluate expedite shipping quote.
0.4135301835920057,High,Buyer follow-up call with supplier; evaluate expedite shipping quote.
0.3976424527729958,High,Buyer follow-up call with supplier; evaluate expedite shipping quote.
0.5631005344499782,High,Buyer follow-up call with supplier; evaluate expedite shipping quote.
0.2802245013995392,Medium,Automated supplier check-in email.
0.4122130406251989,High,Buyer follow-up call with supplier; evaluate expedite shipping quote.
0.6299857979640517,Critical,Escalate: evaluate alternate sourcing / expedite fees; alert downstream planning to adjust schedule or safety stock.
0.31838867121942466,High,Buyer follow-up call with supplier; evaluate expedite shipping quote.
0.3847845348924525,High,Buyer follow-up call with supplier; evaluate expedite shipping quote.
0.3034644033704021,High,Buyer follow-up call with supplier; evaluate expedite shipping quote.
0.3775714196676257,High,Buyer follow-up call with supplier; evaluate expedite shipping quote.
0.3034603225054588,High,Buyer follow-up call with supplier; evaluate expedite shipping quote.
0.3933911204504579,High,Buyer follow-up call with supplier; evaluate expedite shipping quote.
0.4281512852035482,High,Buyer follow-up call with supplier; evaluate expedite shipping quote.
0.46327828814291755,High,Buyer follow-up call with supplier; evaluate expedite shipping quote.
0.5948679109139091,High,Buyer follow-up call with supplier; evaluate expedite shipping quote.
0.3079252572706016,High,Buyer follow-up call with supplier; evaluate expedite shipping quote.
0.42161310646884176,High,Buyer follow-up call with supplier; evaluate expedite shipping quote.
0.4530740159641118,High,Buyer follow-up call with supplier; evaluate expedite shipping quote.
0.5937493699687103,High,Buyer follow-up call with supplier; evaluate expedite shipping quote.
0.4389345428276338,High,Buyer follow-up call with supplier; evaluate expedite shipping quote.
0.32061261631227594,High,Buyer follow-up call with supplier; evaluate expedite shipping quote.
0.45083241132586893,High,Buyer follow-up call with supplier; evaluate expedite shipping quote.
0.5247035945684466,High,Buyer follow-up call with supplier; evaluate expedite shipping quote.
0.7019748987745233,Critical,Escalate: evaluate alternate sourcing / expedite fees; alert downstream planning to adjust schedule or safety stock.
0.6486129748992431,Critical,Escalate: evaluate alternate sourcing / expedite fees; alert downstream planning to adjust schedule or safety stock.
0.5547159635302599,High,Buyer follow-up call with supplier; evaluate expedite shipping quote.
0.6736420174270197,Critical,Escalate: evaluate alternate sourcing / expedite fees; alert downstream planning to adjust schedule or safety stock.
0.5026196229233572,High,Buyer follow-up call with supplier; evaluate expedite shipping quote.
0.3130448421520803,High,Buyer follow-up call with supplier; evaluate expedite shipping quote.
0.6333164420880425,Critical,Escalate: evaluate alternate sourcing / expedite fees; alert downstream planning to adjust schedule or safety stock.
0.4339395717660656,High,Buyer follow-up call with supplier; evaluate expedite shipping quote.
0.610237761553645,Critical,Escalate: evaluate alternate sourcing / expedite fees; alert downstream planning to adjust schedule or safety stock.
0.4685689575638382,High,Buyer follow-up call with supplier; evaluate expedite shipping quote.
0.45381472981080867,High,Buyer follow-up call with supplier; evaluate expedite shipping quote.
0.5095987737789539,High,Buyer follow-up call with supplier; evaluate expedite shipping quote.
0.29936370959682745,Medium,Automated supplier check-in email.
0.532329328767507,High,Buyer follow-up call with supplier; evaluate expedite shipping quote.
0.45828043892333487,High,Buyer follow-up call with supplier; evaluate expedite shipping quote.
0.46430578306751297,High,Buyer follow-up call with supplier; evaluate expedite shipping quote.
0.5892438958647988,High,Buyer follow-up call with supplier; evaluate expedite shipping quote.
0.533624027980162,High,Buyer follow-up call with supplier; evaluate expedite shipping quote.
0.45121456860617914,High,Buyer follow-up call with supplier; evaluate expedite shipping quote.
0.6355071913440203,Critical,Escalate: evaluate alternate sourcing / expedite fees; alert downstream planning to adjust schedule or safety stock.
0.46220830229991616,High,Buyer follow-up call with supplier; evaluate expedite shipping quote.
0.6083455084617573,Critical,Escalate: evaluate alternate sourcing / expedite fees; alert downstream planning to adjust schedule or safety stock.
0.5179923034659973,High,Buyer follow-up call with supplier; evaluate expedite shipping quote.
0.40051339605423353,High,Buyer follow-up call with supplier; evaluate expedite shipping quote.
0.39675616606702013,High,Buyer follow-up call with supplier; evaluate expedite shipping quote.
0.4622916131248623,High,Buyer follow-up call with supplier; evaluate expedite shipping quote.
0.5217238530680155,High,Buyer follow-up call with supplier; evaluate expedite shipping quote.
0.3653897831844999,High,Buyer follow-up call with supplier; evaluate expedite shipping quote.
0.3101015378420958,High,Buyer follow-up call with supplier; evaluate expedite shipping quote.
0.43593102065175315,High,Buyer follow-up call with supplier; evaluate expedite shipping quote.
0.7343329287958279,Critical,Escalate: evaluate alternate sourcing / expedite fees; alert downstream planning to adjust schedule or safety stock.
0.42672725814617435,High,Buyer follow-up call with supplier; evaluate expedite shipping quote.
0.4389377087175449,High,Buyer follow-up call with supplier; evaluate expedite shipping quote.
0.34406184482219304,High,Buyer follow-up call with supplier; evaluate expedite shipping quote.
0.5825419896010364,High,Buyer follow-up call with supplier; evaluate expedite shipping quote.
0.574917743458358,High,Buyer follow-up call with supplier; evaluate expedite shipping quote.
0.40408945041436206,High,Buyer follow-up call with supplier; evaluate expedite shipping quote.
0.6158454975457882,Critical,Escalate: evaluate alternate sourcing / expedite fees; alert downstream planning to adjust schedule or safety stock.
0.4210806442881255,High,Buyer follow-up call with supplier; evaluate expedite shipping quote.
0.3229126955450598,High,Buyer follow-up call with supplier; evaluate expedite shipping quote.
0.46726318542379974,High,Buyer follow-up call with supplier; evaluate expedite shipping quote.
0.6545374267175932,Critical,Escalate: evaluate alternate sourcing / expedite fees; alert downstream planning to adjust schedule or safety stock.
0.5340778069015872,High,Buyer follow-up call with supplier; evaluate expedite shipping quote.
0.6275924692211622,Critical,Escalate: evaluate alternate sourcing / expedite fees; alert downstream planning to adjust schedule or safety stock.
0.6781855471839027,Critical,Escalate: evaluate alternate sourcing / expedite fees; alert downstream planning to adjust schedule or safety stock.
0.3311517887532041,High,Buyer follow-up call with supplier; evaluate expedite shipping quote.
0.48565744547122336,High,Buyer follow-up call with supplier; evaluate expedite shipping quote.
0.4839840729367136,High,Buyer follow-up call with supplier; evaluate expedite shipping quote.
0.7019953588794141,Critical,Escalate: evaluate alternate sourcing / expedite fees; alert downstream planning to adjust schedule or safety stock.
0.3828441640613875,High,Buyer follow-up call with supplier; evaluate expedite shipping quote.
0.5581373514870384,High,Buyer follow-up call with supplier; evaluate expedite shipping quote.
0.5410077624384892,High,Buyer follow-up call with supplier; evaluate expedite shipping quote.
0.325848149784773,High,Buyer follow-up call with supplier; evaluate expedite shipping quote.
0.5101774821079156,High,Buyer follow-up call with supplier; evaluate expedite shipping quote.
0.5421638356081715,High,Buyer follow-up call with supplier; evaluate expedite shipping quote.
0.6336787707717123,Critical,Escalate: evaluate alternate sourcing / expedite fees; alert downstream planning to adjust schedule or safety stock.
0.7029163293970421,Critical,Escalate: evaluate alternate sourcing / expedite fees; alert downstream planning to adjust schedule or safety stock.
0.5790492653285678,High,Buyer follow-up call with supplier; evaluate expedite shipping quote.
0.5376166778756816,High,Buyer follow-up call with supplier; evaluate expedite shipping quote.
0.6104103065089277,Critical,Escalate: evaluate alternate sourcing / expedite fees; alert downstream planning to adjust schedule or safety stock.
0.36801106024448693,High,Buyer follow-up call with supplier; evaluate expedite shipping quote.
0.6771638527680576,Critical,Escalate: evaluate alternate sourcing / expedite fees; alert downstream planning to adjust schedule or safety stock.
0.6781855471839027,Critical,Escalate: evaluate alternate sourcing / expedite fees; alert downstream planning to adjust schedule or safety stock.
0.43849811984921727,High,Buyer follow-up call with supplier; evaluate expedite shipping quote.
0.5054404659076369,High,Buyer follow-up call with supplier; evaluate expedite shipping quote.
0.45571247317024555,High,Buyer follow-up call with supplier; evaluate expedite shipping quote.
0.3677335087705007,High,Buyer follow-up call with supplier; evaluate expedite shipping quote.
0.6189663240828694,Critical,Escalate: evaluate alternate sourcing / expedite fees; alert downstream planning to adjust schedule or safety stock.
0.5108291123865245,High,Buyer follow-up call with supplier; evaluate expedite shipping quote.
0.4415946960534986,High,Buyer follow-up call with supplier; evaluate expedite shipping quote.
0.626181590461109,Critical,Escalate: evaluate alternate sourcing / expedite fees; alert downstream planning to adjust schedule or safety stock.
0.4619868672474185,High,Buyer follow-up call with supplier; evaluate expedite shipping quote.
0.5227694586378807,High,Buyer follow-up call with supplier; evaluate expedite shipping quote.
0.6053777629555477,Critical,Escalate: evaluate alternate sourcing / expedite fees; alert downstream planning to adjust schedule or safety stock.
0.700116729501246,Critical,Escalate: evaluate alternate sourcing / expedite fees; alert downstream planning to adjust schedule or safety stock.
0.48297760802326345,High,Buyer follow-up call with supplier; evaluate expedite shipping quote.
0.5923329103368598,High,Buyer follow-up call with supplier; evaluate expedite shipping quote.
0.6158253505893395,Critical,Escalate: evaluate alternate sourcing / expedite fees; alert downstream planning to adjust schedule or safety stock.
0.6866832404110232,Critical,Escalate: evaluate alternate sourcing / expedite fees; alert downstream planning to adjust schedule or safety stock.
0.7961164407570404,Critical,Escalate: evaluate alternate sourcing / expedite fees; alert downstream planning to adjust schedule or safety stock.
0.5213658983692546,High,Buyer follow-up call with supplier; evaluate expedite shipping quote.
0.6809920056615244,Critical,Escalate: evaluate alternate sourcing / expedite fees; alert downstream planning to adjust schedule or safety stock.
0.5865852976646743,High,Buyer follow-up call with supplier; evaluate expedite shipping quote.
0.5732960698736906,High,Buyer follow-up call with supplier; evaluate expedite shipping quote.
0.5755972930799168,High,Buyer follow-up call with supplier; evaluate expedite shipping quote.
0.5903103813557355,High,Buyer follow-up call with supplier; evaluate expedite shipping quote.
0.3468878885941366,High,Buyer follow-up call with supplier; evaluate expedite shipping quote.
0.5160495485007739,High,Buyer follow-up call with supplier; evaluate expedite shipping quote.
0.5539595618413763,High,Buyer follow-up call with supplier; evaluate expedite shipping quote.
0.6393972703848338,Critical,Escalate: evaluate alternate sourcing / expedite fees; alert downstream planning to adjust schedule or safety stock.
0.5852914782149437,High,Buyer follow-up call with supplier; evaluate expedite shipping quote.
0.614670591390381,Critical,Escalate: evaluate alternate sourcing / expedite fees; alert downstream planning to adjust schedule or safety stock.
0.49536043410171077,High,Buyer follow-up call with supplier; evaluate expedite shipping quote.
0.6216661404195111,Critical,Escalate: evaluate alternate sourcing / expedite fees; alert downstream planning to adjust schedule or safety stock.
0.747914318602751,Critical,Escalate: evaluate alternate sourcing / expedite fees; alert downstream planning to adjust schedule or safety stock.
0.6603615290719815,Critical,Escalate: evaluate alternate sourcing / expedite fees; alert downstream planning to adjust schedule or safety stock.
0.40615568891463877,High,Buyer follow-up call with supplier; evaluate expedite shipping quote.
0.49764183508465415,High,Buyer follow-up call with supplier; evaluate expedite shipping quote.
0.6282178562491676,Critical,Escalate: evaluate alternate sourcing / expedite fees; alert downstream planning to adjust schedule or safety stock.
0.5286980077202019,High,Buyer follow-up call with supplier; evaluate expedite shipping quote.
0.3717150794979168,High,Buyer follow-up call with supplier; evaluate expedite shipping quote.
0.3766637753180485,High,Buyer follow-up call with supplier; evaluate expedite shipping quote.
0.33152194202748925,High,Buyer follow-up call with supplier; evaluate expedite shipping quote.
0.5517864955931069,High,Buyer follow-up call with supplier; evaluate expedite shipping quote.
0.7000183049230071,Critical,Escalate: evaluate alternate sourcing / expedite fees; alert downstream planning to adjust schedule or safety stock.
0.37912830963292554,High,Buyer follow-up call with supplier; evaluate expedite shipping quote.
0.40954324395244585,High,Buyer follow-up call with supplier; evaluate expedite shipping quote.
0.6261501263346497,Critical,Escalate: evaluate alternate sourcing / expedite fees; alert downstream planning to adjust schedule or safety stock.
0.3302486976324807,High,Buyer follow-up call with supplier; evaluate expedite shipping quote.
0.41162633977949065,High,Buyer follow-up call with supplier; evaluate expedite shipping quote.
0.6784094654108616,Critical,Escalate: evaluate alternate sourcing / expedite fees; alert downstream planning to adjust schedule or safety stock.
0.7006828032031741,Critical,Escalate: evaluate alternate sourcing / expedite fees; alert downstream planning to adjust schedule or safety stock.
0.3839855165369774,High,Buyer follow-up call with supplier; evaluate expedite shipping quote.
0.32856258294532154,High,Buyer follow-up call with supplier; evaluate expedite shipping quote.
0.4086870370409845,High,Buyer follow-up call with supplier; evaluate expedite shipping quote.
0.6656168430503036,Critical,Escalate: evaluate alternate sourcing / expedite fees; alert downstream planning to adjust schedule or safety stock.
0.5955137281572979,High,Buyer follow-up call with supplier; evaluate expedite shipping quote.
0.3423370401915282,High,Buyer follow-up call with supplier; evaluate expedite shipping quote.
0.5844376337554019,High,Buyer follow-up call with supplier; evaluate expedite shipping quote.
0.4784637538913982,High,Buyer follow-up call with supplier; evaluate expedite shipping quote.
0.5105937804776826,High,Buyer follow-up call with supplier; evaluate expedite shipping quote.
0.5780530374371826,High,Buyer follow-up call with supplier; evaluate expedite shipping quote.
0.6811538916319212,Critical,Escalate: evaluate alternate sourcing / expedite fees; alert downstream planning to adjust schedule or safety stock.
0.5168477742820746,High,Buyer follow-up call with supplier; evaluate expedite shipping quote.
0.6151123549166911,Critical,Escalate: evaluate alternate sourcing / expedite fees; alert downstream planning to adjust schedule or safety stock.
0.3440592438512494,High,Buyer follow-up call with supplier; evaluate expedite shipping quote.
0.597448940796388,High,Buyer follow-up call with supplier; evaluate expedite shipping quote.
0.634274889619736,Critical,Escalate: evaluate alternate sourcing / expedite fees; alert downstream planning to adjust schedule or safety stock.
0.6825366172893664,Critical,Escalate: evaluate alternate sourcing / expedite fees; alert downstream planning to adjust schedule or safety stock.
0.5779304592341293,High,Buyer follow-up call with supplier; evaluate expedite shipping quote.
0.4618864967673199,High,Buyer follow-up call with supplier; evaluate expedite shipping quote.
0.5899892859618661,High,Buyer follow-up call with supplier; evaluate expedite shipping quote.
0.5751338131085664,High,Buyer follow-up call with supplier; evaluate expedite shipping quote.
0.5539402873872916,High,Buyer follow-up call with supplier; evaluate expedite shipping quote.
0.48722463525549137,High,Buyer follow-up call with supplier; evaluate expedite shipping quote.
0.3358414838370531,High,Buyer follow-up call with supplier; evaluate expedite shipping quote.
0.4323368098329292,High,Buyer follow-up call with supplier; evaluate expedite shipping quote.
0.6306000991056226,Critical,Escalate: evaluate alternate sourcing / expedite fees; alert downstream planning to adjust schedule or safety stock.
0.762219665231983,Critical,Escalate: evaluate alternate sourcing / expedite fees; alert downstream planning to adjust schedule or safety stock.
0.5811728578692216,High,Buyer follow-up call with supplier; evaluate expedite shipping quote.
0.6159981817179034,Critical,Escalate: evaluate alternate sourcing / expedite fees; alert downstream planning to adjust schedule or safety stock.
0.5100756146415514,High,Buyer follow-up call with supplier; evaluate expedite shipping quote.
0.5593529391329922,High,Buyer follow-up call with supplier; evaluate expedite shipping quote.
0.616213350093115,Critical,Escalate: evaluate alternate sourcing / expedite fees; alert downstream planning to adjust schedule or safety stock.
0.6914500916651688,Critical,Escalate: evaluate alternate sourcing / expedite fees; alert downstream planning to adjust schedule or safety stock.
0.5890979273131434,High,Buyer follow-up call with supplier; evaluate expedite shipping quote.
0.6941110170282092,Critical,Escalate: evaluate alternate sourcing / expedite fees; alert downstream planning to adjust schedule or safety stock.
0.49081231722028795,High,Buyer follow-up call with supplier; evaluate expedite shipping quote.
0.4562266803728839,High,Buyer follow-up call with supplier; evaluate expedite shipping quote.
0.6059108972699545,Critical,Escalate: evaluate alternate sourcing / expedite fees; alert downstream planning to adjust schedule or safety stock.
0.4544724655898665,High,Buyer follow-up call with supplier; evaluate expedite shipping quote.
0.575187307661903,High,Buyer follow-up call with supplier; evaluate expedite shipping quote.
0.6361572757534683,Critical,Escalate: evaluate alternate sourcing / expedite fees; alert downstream planning to adjust schedule or safety stock.
0.6922005922440204,Critical,Escalate: evaluate alternate sourcing / expedite fees; alert downstream planning to adjust schedule or safety stock.
0.5728455207178266,High,Buyer follow-up call with supplier; evaluate expedite shipping quote.
0.38886715328711396,High,Buyer follow-up call with supplier; evaluate expedite shipping quote.
0.6936427425867232,Critical,Escalate: evaluate alternate sourcing / expedite fees; alert downstream planning to adjust schedule or safety stock.
0.7575084559941931,Critical,Escalate: evaluate alternate sourcing / expedite fees; alert downstream planning to adjust schedule or safety stock.
0.4620716006711228,High,Buyer follow-up call with supplier; evaluate expedite shipping quote.
0.49652724603678305,High,Buyer follow-up call with supplier; evaluate expedite shipping quote.
0.5471108741755033,High,Buyer follow-up call with supplier; evaluate expedite shipping quote.
0.5705313493421978,High,Buyer follow-up call with supplier; evaluate expedite shipping quote.
0.6102925577241726,Critical,Escalate: evaluate alternate sourcing / expedite fees; alert downstream planning to adjust schedule or safety stock.
0.3091129722633048,High,Buyer follow-up call with supplier; evaluate expedite shipping quote.
0.7679091989769671,Critical,Escalate: evaluate alternate sourcing / expedite fees; alert downstream planning to adjust schedule or safety stock.
0.5949321939388679,High,Buyer follow-up call with supplier; evaluate expedite shipping quote.
0.6373473474575133,Critical,Escalate: evaluate alternate sourcing / expedite fees; alert downstream planning to adjust schedule or safety stock.
0.4641254590911991,High,Buyer follow-up call with supplier; evaluate expedite shipping quote.
0.568118198845016,High,Buyer follow-up call with supplier; evaluate expedite shipping quote.
0.43425534491390766,High,Buyer follow-up call with supplier; evaluate expedite shipping quote.
0.4054486837286089,High,Buyer follow-up call with supplier; evaluate expedite shipping quote.
0.6025904798273192,Critical,Escalate: evaluate alternate sourcing / expedite fees; alert downstream planning to adjust schedule or safety stock.
0.7681909639517318,Critical,Escalate: evaluate alternate sourcing / expedite fees; alert downstream planning to adjust schedule or safety stock.
0.35738961396498264,High,Buyer follow-up call with supplier; evaluate expedite shipping quote.
0.49009265640900984,High,Buyer follow-up call with supplier; evaluate expedite shipping quote.
0.7059579239187281,Critical,Escalate: evaluate alternate sourcing / expedite fees; alert downstream planning to adjust schedule or safety stock.
0.7554247495202153,Critical,Escalate: evaluate alternate sourcing / expedite fees; alert downstream planning to adjust schedule or safety stock.
0.6023551062422778,Critical,Escalate: evaluate alternate sourcing / expedite fees; alert downstream planning to adjust schedule or safety stock.
0.4355890118204577,High,Buyer follow-up call with supplier; evaluate expedite shipping quote.
0.7455028876204484,Critical,Escalate: evaluate alternate sourcing / expedite fees; alert downstream planning to adjust schedule or safety stock.
0.6440664005106762,Critical,Escalate: evaluate alternate sourcing / expedite fees; alert downstream planning to adjust schedule or safety stock.
0.6286513594629303,Critical,Escalate: evaluate alternate sourcing / expedite fees; alert downstream planning to adjust schedule or safety stock.
0.45018615731370876,High,Buyer follow-up call with supplier; evaluate expedite shipping quote.
0.7096917409590129,Critical,Escalate: evaluate alternate sourcing / expedite fees; alert downstream planning to adjust schedule or safety stock.
0.7654876582953429,Critical,Escalate: evaluate alternate sourcing / expedite fees; alert downstream planning to adjust schedule or safety stock.
0.528285639018997,High,Buyer follow-up call with supplier; evaluate expedite shipping quote.
0.5566016141304757,High,Buyer follow-up call with supplier; evaluate expedite shipping quote.
0.5873210377496616,High,Buyer follow-up call with supplier; evaluate expedite shipping quote.
0.47471020423041854,High,Buyer follow-up call with supplier; evaluate expedite shipping quote.
0.76209214473018,Critical,Escalate: evaluate alternate sourcing / expedite fees; alert downstream planning to adjust schedule or safety stock.
0.5822854743559845,High,Buyer follow-up call with supplier; evaluate expedite shipping quote.
0.5610174758261184,High,Buyer follow-up call with supplier; evaluate expedite shipping quote.
0.46085154716215126,High,Buyer follow-up call with supplier; evaluate expedite shipping quote.
0.5354440474369924,High,Buyer follow-up call with supplier; evaluate expedite shipping quote.
0.6515138194555742,Critical,Escalate: evaluate alternate sourcing / expedite fees; alert downstream planning to adjust schedule or safety stock.
0.4668450927751751,High,Buyer follow-up call with supplier; evaluate expedite shipping quote.
0.6349624684301797,Critical,Escalate: evaluate alternate sourcing / expedite fees; alert downstream planning to adjust schedule or safety stock.
0.4859990670306763,High,Buyer follow-up call with supplier; evaluate expedite shipping quote.
0.7606847752199688,Critical,Escalate: evaluate alternate sourcing / expedite fees; alert downstream planning to adjust schedule or safety stock.
0.5634625177545283,High,Buyer follow-up call with supplier; evaluate expedite shipping quote.
0.5815677588544043,High,Buyer follow-up call with supplier; evaluate expedite shipping quote.
0.5619059096214134,High,Buyer follow-up call with supplier; evaluate expedite shipping quote.
0.7232636255173748,Critical,Escalate: evaluate alternate sourcing / expedite fees; alert downstream planning to adjust schedule or safety stock.
0.5779426027088138,High,Buyer follow-up call with supplier; evaluate expedite shipping quote.
0.7215294979828926,Critical,Escalate: evaluate alternate sourcing / expedite fees; alert downstream planning to adjust schedule or safety stock.
0.6167835242218426,Critical,Escalate: evaluate alternate sourcing / expedite fees; alert downstream planning to adjust schedule or safety stock.
0.4965304126534646,High,Buyer follow-up call with supplier; evaluate expedite shipping quote.
0.5646636804791736,High,Buyer follow-up call with supplier; evaluate expedite shipping quote.
0.7559422096662265,Critical,Escalate: evaluate alternate sourcing / expedite fees; alert downstream planning to adjust schedule or safety stock.
0.4954537418354722,High,Buyer follow-up call with supplier; evaluate expedite shipping quote.
0.654420513541614,Critical,Escalate: evaluate alternate sourcing / expedite fees; alert downstream planning to adjust schedule or safety stock.
0.7030206850977773,Critical,Escalate: evaluate alternate sourcing / expedite fees; alert downstream planning to adjust schedule or safety stock.
0.6913730157484793,Critical,Escalate: evaluate alternate sourcing / expedite fees; alert downstream planning to adjust schedule or safety stock.
0.6616179318983827,Critical,Escalate: evaluate alternate sourcing / expedite fees; alert downstream planning to adjust schedule or safety stock.
0.36944561808043175,High,Buyer follow-up call with supplier; evaluate expedite shipping quote.
0.6542074744704134,Critical,Escalate: evaluate alternate sourcing / expedite fees; alert downstream planning to adjust schedule or safety stock.
0.580507490803056,High,Buyer follow-up call with supplier; evaluate expedite shipping quote.
0.4852654575248286,High,Buyer follow-up call with supplier; evaluate expedite shipping quote.
0.612472003779846,Critical,Escalate: evaluate alternate sourcing / expedite fees; alert downstream planning to adjust schedule or safety stock.
0.6705257637826526,Critical,Escalate: evaluate alternate sourcing / expedite fees; alert downstream planning to adjust schedule or safety stock.
0.47278077477194136,High,Buyer follow-up call with supplier; evaluate expedite shipping quote.
0.5338701899778002,High,Buyer follow-up call with supplier; evaluate expedite shipping quote.
0.7188671564020447,Critical,Escalate: evaluate alternate sourcing / expedite fees; alert downstream planning to adjust schedule or safety stock.
0.543999848086404,High,Buyer follow-up call with supplier; evaluate expedite shipping quote.
0.6874653483350723,Critical,Escalate: evaluate alternate sourcing / expedite fees; alert downstream planning to adjust schedule or safety stock.
0.6128425942548338,Critical,Escalate: evaluate alternate sourcing / expedite fees; alert downstream planning to adjust schedule or safety stock.
0.4647943087077088,High,Buyer follow-up call with supplier; evaluate expedite shipping quote.
0.33885435581212014,High,Buyer follow-up call with supplier; evaluate expedite shipping quote.
0.6278238519753286,Critical,Escalate: evaluate alternate sourcing / expedite fees; alert downstream planning to adjust schedule or safety stock.
0.5436721303537485,High,Buyer follow-up call with supplier; evaluate expedite shipping quote.
0.5644509475924965,High,Buyer follow-up call with supplier; evaluate expedite shipping quote.
0.5336220063455587,High,Buyer follow-up call with supplier; evaluate expedite shipping quote.
0.5006408856557926,High,Buyer follow-up call with supplier; evaluate expedite shipping quote.
0.5185333012776582,High,Buyer follow-up call with supplier; evaluate expedite shipping quote.
0.5526379274638641,High,Buyer follow-up call with supplier; evaluate expedite shipping quote.
0.5523102028050674,High,Buyer follow-up call with supplier; evaluate expedite shipping quote.
0.6066786827068645,Critical,Escalate: evaluate alternate sourcing / expedite fees; alert downstream planning to adjust schedule or safety stock.
0.7144184701894555,Critical,Escalate: evaluate alternate sourcing / expedite fees; alert downstream planning to adjust schedule or safety stock.
0.5749614801287218,High,Buyer follow-up call with supplier; evaluate expedite shipping quote.
0.5122255671972604,High,Buyer follow-up call with supplier; evaluate expedite shipping quote.
0.7546126513715234,Critical,Escalate: evaluate alternate sourcing / expedite fees; alert downstream planning to adjust schedule or safety stock.
0.5417220447791564,High,Buyer follow-up call with supplier; evaluate expedite shipping quote.
0.5511585790979974,High,Buyer follow-up call with supplier; evaluate expedite shipping quote.
0.7989835135151567,Critical,Escalate: evaluate alternate sourcing / expedite fees; alert downstream planning to adjust schedule or safety stock.
0.763880838363682,Critical,Escalate: evaluate alternate sourcing / expedite fees; alert downstream planning to adjust schedule or safety stock.
0.4643203037886651,High,Buyer follow-up call with supplier; evaluate expedite shipping quote.
0.7637998944451807,Critical,Escalate: evaluate alternate sourcing / expedite fees; alert downstream planning to adjust schedule or safety stock.
0.5377859392124701,High,Buyer follow-up call with supplier; evaluate expedite shipping quote.
0.5206767004089649,High,Buyer follow-up call with supplier; evaluate expedite shipping quote.
0.5458172894162628,High,Buyer follow-up call with supplier; evaluate expedite shipping quote.
0.6595145092818415,Critical,Escalate: evaluate alternate sourcing / expedite fees; alert downstream planning to adjust schedule or safety stock.
0.6763353982952357,Critical,Escalate: evaluate alternate sourcing / expedite fees; alert downstream planning to adjust schedule or safety stock.
0.6022005014802965,Critical,Escalate: evaluate alternate sourcing / expedite fees; alert downstream planning to adjust schedule or safety stock.
0.6125573174981319,Critical,Escalate: evaluate alternate sourcing / expedite fees; alert downstream planning to adjust schedule or safety stock.
0.7246924228009406,Critical,Escalate: evaluate alternate sourcing / expedite fees; alert downstream planning to adjust schedule or safety stock.
0.37696805550678253,High,Buyer follow-up call with supplier; evaluate expedite shipping quote.
0.36136001590177325,High,Buyer follow-up call with supplier; evaluate expedite shipping quote.
0.7989835135151567,Critical,Escalate: evaluate alternate sourcing / expedite fees; alert downstream planning to adjust schedule or safety stock.
0.5405080833463788,High,Buyer follow-up call with supplier; evaluate expedite shipping quote.
0.29726826666953743,Medium,Automated supplier check-in email.
0.43864827332908934,High,Buyer follow-up call with supplier; evaluate expedite shipping quote.
0.6939632335085947,Critical,Escalate: evaluate alternate sourcing / expedite fees; alert downstream planning to adjust schedule or safety stock.
0.34166111865073895,High,Buyer follow-up call with supplier; evaluate expedite shipping quote.
0.48303033499157155,High,Buyer follow-up call with supplier; evaluate expedite shipping quote.
0.6909801742392921,Critical,Escalate: evaluate alternate sourcing / expedite fees; alert downstream planning to adjust schedule or safety stock.
0.6012383435974686,Critical,Escalate: evaluate alternate sourcing / expedite fees; alert downstream planning to adjust schedule or safety stock.
0.6380587753806167,Critical,Escalate: evaluate alternate sourcing / expedite fees; alert downstream planning to adjust schedule or safety stock.
0.7654151280520529,Critical,Escalate: evaluate alternate sourcing / expedite fees; alert downstream planning to adjust schedule or safety stock.
0.3639316711056511,High,Buyer follow-up call with supplier; evaluate expedite shipping quote.
0.35525161656460447,High,Buyer follow-up call with supplier; evaluate expedite shipping quote.
0.6064518419194421,Critical,Escalate: evaluate alternate sourcing / expedite fees; alert downstream planning to adjust schedule or safety stock.
0.6533446749320085,Critical,Escalate: evaluate alternate sourcing / expedite fees; alert downstream planning to adjust schedule or safety stock.
0.490775162226376,High,Buyer follow-up call with supplier; evaluate expedite shipping quote.
0.6794730616588152,Critical,Escalate: evaluate alternate sourcing / expedite fees; alert downstream planning to adjust schedule or safety stock.
0.6221505691036671,Critical,Escalate: evaluate alternate sourcing / expedite fees; alert downstream planning to adjust schedule or safety stock.
0.3816049344555649,High,Buyer follow-up call with supplier; evaluate expedite shipping quote.
0.5484044179849179,High,Buyer follow-up call with supplier; evaluate expedite shipping quote.
0.4598569072769639,High,Buyer follow-up call with supplier; evaluate expedite shipping quote.
0.5055959982484335,High,Buyer follow-up call with supplier; evaluate expedite shipping quote.
0.6297700632227252,Critical,Escalate: evaluate alternate sourcing / expedite fees; alert downstream planning to adjust schedule or safety stock.
0.618507064007165,Critical,Escalate: evaluate alternate sourcing / expedite fees; alert downstream planning to adjust schedule or safety stock.
0.5657875014880164,High,Buyer follow-up call with supplier; evaluate expedite shipping quote.
0.6518496516197811,Critical,Escalate: evaluate alternate sourcing / expedite fees; alert downstream planning to adjust schedule or safety stock.
0.364971799352986,High,Buyer follow-up call with supplier; evaluate expedite shipping quote.
0.6458781938176748,Critical,Escalate: evaluate alternate sourcing / expedite fees; alert downstream planning to adjust schedule or safety stock.
0.6991885344282259,Critical,Escalate: evaluate alternate sourcing / expedite fees; alert downstream planning to adjust schedule or safety stock.
0.7506256103362546,Critical,Escalate: evaluate alternate sourcing / expedite fees; alert downstream planning to adjust schedule or safety stock.
0.6497230431839303,Critical,Escalate: evaluate alternate sourcing / expedite fees; alert downstream planning to adjust schedule or safety stock.
0.5600284546698189,High,Buyer follow-up call with supplier; evaluate expedite shipping quote.
0.6853706183683669,Critical,Escalate: evaluate alternate sourcing / expedite fees; alert downstream planning to adjust schedule or safety stock.
0.3676467886318427,High,Buyer follow-up call with supplier; evaluate expedite shipping quote.
0.6599945260800525,Critical,Escalate: evaluate alternate sourcing / expedite fees; alert downstream planning to adjust schedule or safety stock.
0.5438335114059419,High,Buyer follow-up call with supplier; evaluate expedite shipping quote.
0.46381081722579065,High,Buyer follow-up call with supplier; evaluate expedite shipping quote.
0.440516289998542,High,Buyer follow-up call with supplier; evaluate expedite shipping quote.
0.5268516300220396,High,Buyer follow-up call with supplier; evaluate expedite shipping quote.
0.5880691325801994,High,Buyer follow-up call with supplier; evaluate expedite shipping quote.
0.6443012122927619,Critical,Escalate: evaluate alternate sourcing / expedite fees; alert downstream planning to adjust schedule or safety stock.
0.3191555266375099,High,Buyer follow-up call with supplier; evaluate expedite shipping quote.
0.5068360928352865,High,Buyer follow-up call with supplier; evaluate expedite shipping quote.
0.6759518176044067,Critical,Escalate: evaluate alternate sourcing / expedite fees; alert downstream planning to adjust schedule or safety stock.
0.49974272931277763,High,Buyer follow-up call with supplier; evaluate expedite shipping quote.
0.3742147381966007,High,Buyer follow-up call with supplier; evaluate expedite shipping quote.
0.583056158051998,High,Buyer follow-up call with supplier; evaluate expedite shipping quote.
0.5658295067503839,High,Buyer follow-up call with supplier; evaluate expedite shipping quote.
0.7566007359891532,Critical,Escalate: evaluate alternate sourcing / expedite fees; alert downstream planning to adjust schedule or safety stock.
0.5164879923576249,High,Buyer follow-up call with supplier; evaluate expedite shipping quote.
0.7228135513347006,Critical,Escalate: evaluate alternate sourcing / expedite fees; alert downstream planning to adjust schedule or safety stock.
0.7545784224973543,Critical,Escalate: evaluate alternate sourcing / expedite fees; alert downstream planning to adjust schedule or safety stock.
0.5656298109816984,High,Buyer follow-up call with supplier; evaluate expedite shipping quote.
0.5354595248126628,High,Buyer follow-up call with supplier; evaluate expedite shipping quote.
0.6556955047054018,Critical,Escalate: evaluate alternate sourcing / expedite fees; alert downstream planning to adjust schedule or safety stock.
0.6038033799091292,Critical,Escalate: evaluate alternate sourcing / expedite fees; alert downstream planning to adjust schedule or safety stock.
0.6666470214155032,Critical,Escalate: evaluate alternate sourcing / expedite fees; alert downstream planning to adjust schedule or safety stock.
0.7372882493075162,Critical,Escalate: evaluate alternate sourcing / expedite fees; alert downstream planning to adjust schedule or safety stock.
0.554977844798763,High,Buyer follow-up call with supplier; evaluate expedite shipping quote.
0.6615783995783482,Critical,Escalate: evaluate alternate sourcing / expedite fees; alert downstream planning to adjust schedule or safety stock.
0.5237065580402976,High,Buyer follow-up call with supplier; evaluate expedite shipping quote.
0.5411113133334664,High,Buyer follow-up call with supplier; evaluate expedite shipping quote.
0.5547299877414497,High,Buyer follow-up call with supplier; evaluate expedite shipping quote.
0.3378757657834132,High,Buyer follow-up call with supplier; evaluate expedite shipping quote.
0.34970231864648843,High,Buyer follow-up call with supplier; evaluate expedite shipping quote.
0.7352495837782659,Critical,Escalate: evaluate alternate sourcing / expedite fees; alert downstream planning to adjust schedule or safety stock.
0.523171278638243,High,Buyer follow-up call with supplier; evaluate expedite shipping quote.
0.532525468122522,High,Buyer follow-up call with supplier; evaluate expedite shipping quote.
0.7408639478031043,Critical,Escalate: evaluate alternate sourcing / expedite fees; alert downstream planning to adjust schedule or safety stock.
0.6270578405320427,Critical,Escalate: evaluate alternate sourcing / expedite fees; alert downstream planning to adjust schedule or safety stock.
0.6175124779668267,Critical,Escalate: evaluate alternate sourcing / expedite fees; alert downstream planning to adjust schedule or safety stock.
0.7637998944451807,Critical,Escalate: evaluate alternate sourcing / expedite fees; alert downstream planning to adjust schedule or safety stock.
0.5141610589521577,High,Buyer follow-up call with supplier; evaluate expedite shipping quote.
0.5835373303205464,High,Buyer follow-up call with supplier; evaluate expedite shipping quote.
0.5433626327668655,High,Buyer follow-up call with supplier; evaluate expedite shipping quote.
0.7635106141443272,Critical,Escalate: evaluate alternate sourcing / expedite fees; alert downstream planning to adjust schedule or safety stock.
0.6818197305992473,Critical,Escalate: evaluate alternate sourcing / expedite fees; alert downstream planning to adjust schedule or safety stock.
0.6703304812597284,Critical,Escalate: evaluate alternate sourcing / expedite fees; alert downstream planning to adjust schedule or safety stock.
0.7632499594358223,Critical,Escalate: evaluate alternate sourcing / expedite fees; alert downstream planning to adjust schedule or safety stock.
0.4719794148260715,High,Buyer follow-up call with supplier; evaluate expedite shipping quote.
0.7567941649405944,Critical,Escalate: evaluate alternate sourcing / expedite fees; alert downstream planning to adjust schedule or safety stock.
0.6913383501409649,Critical,Escalate: evaluate alternate sourcing / expedite fees; alert downstream planning to adjust schedule or safety stock.
0.3659488437928203,High,Buyer follow-up call with supplier; evaluate expedite shipping quote.
0.6013805177543415,Critical,Escalate: evaluate alternate sourcing / expedite fees; alert downstream planning to adjust schedule or safety stock.
0.49507335393132784,High,Buyer follow-up call with supplier; evaluate expedite shipping quote.
0.6086380368902908,Critical,Escalate: evaluate alternate sourcing / expedite fees; alert downstream planning to adjust schedule or safety stock.
0.6523319570779591,Critical,Escalate: evaluate alternate sourcing / expedite fees; alert downstream planning to adjust schedule or safety stock.
0.6228214447322185,Critical,Escalate: evaluate alternate sourcing / expedite fees; alert downstream planning to adjust schedule or safety stock.
0.584819245902186,High,Buyer follow-up call with supplier; evaluate expedite shipping quote.
0.5092712933909556,High,Buyer follow-up call with supplier; evaluate expedite shipping quote.
0.6065332129885823,Critical,Escalate: evaluate alternate sourcing / expedite fees; alert downstream planning to adjust schedule or safety stock.
0.6238335705778589,Critical,Escalate: evaluate alternate sourcing / expedite fees; alert downstream planning to adjust schedule or safety stock.
0.5479962872957838,High,Buyer follow-up call with supplier; evaluate expedite shipping quote.
0.6033226705610708,Critical,Escalate: evaluate alternate sourcing / expedite fees; alert downstream planning to adjust schedule or safety stock.
0.4340318887209342,High,Buyer follow-up call with supplier; evaluate expedite shipping quote.
0.5947493433256749,High,Buyer follow-up call with supplier; evaluate expedite shipping quote.
0.5046431140672609,High,Buyer follow-up call with supplier; evaluate expedite shipping quote.
0.5936915860096679,High,Buyer follow-up call with supplier; evaluate expedite shipping quote.
0.6430868866590226,Critical,Escalate: evaluate alternate sourcing / expedite fees; alert downstream planning to adjust schedule or safety stock.
0.31780466501450305,High,Buyer follow-up call with supplier; evaluate expedite shipping quote.
0.7510182278087474,Critical,Escalate: evaluate alternate sourcing / expedite fees; alert downstream planning to adjust schedule or safety stock.
0.6518928688044339,Critical,Escalate: evaluate alternate sourcing / expedite fees; alert downstream planning to adjust schedule or safety stock.
0.5228833057152956,High,Buyer follow-up call with supplier; evaluate expedite shipping quote.
0.5447562792673852,High,Buyer follow-up call with supplier; evaluate expedite shipping quote.
0.692555083537681,Critical,Escalate: evaluate alternate sourcing / expedite fees; alert downstream planning to adjust schedule or safety stock.
0.3742853692290009,High,Buyer follow-up call with supplier; evaluate expedite shipping quote.
0.5876578377403924,High,Buyer follow-up call with supplier; evaluate expedite shipping quote.
0.651647503703369,Critical,Escalate: evaluate alternate sourcing / expedite fees; alert downstream planning to adjust schedule or safety stock.
0.5540123226067021,High,Buyer follow-up call with supplier; evaluate expedite shipping quote.
0.42607883528280255,High,Buyer follow-up call with supplier; evaluate expedite shipping quote.
0.49119706958326076,High,Buyer follow-up call with supplier; evaluate expedite shipping quote.
0.35710423497607235,High,Buyer follow-up call with supplier; evaluate expedite shipping quote.
0.7566479686132809,Critical,Escalate: evaluate alternate sourcing / expedite fees; alert downstream planning to adjust schedule or safety stock.
0.6496799153957207,Critical,Escalate: evaluate alternate sourcing / expedite fees; alert downstream planning to adjust schedule or safety stock.
0.6244933030522133,Critical,Escalate: evaluate alternate sourcing / expedite fees; alert downstream planning to adjust schedule or safety stock.
0.5854886157023275,High,Buyer follow-up call with supplier; evaluate expedite shipping quote.
0.6794730616588152,Critical,Escalate: evaluate alternate sourcing / expedite fees; alert downstream planning to adjust schedule or safety stock.
0.5279565602137867,High,Buyer follow-up call with supplier; evaluate expedite shipping quote.
0.4126411550477218,High,Buyer follow-up call with supplier; evaluate expedite shipping quote.
0.5622483711940213,High,Buyer follow-up call with supplier; evaluate expedite shipping quote.
0.718204893441265,Critical,Escalate: evaluate alternate sourcing / expedite fees; alert downstream planning to adjust schedule or safety stock.
0.6293396713190265,Critical,Escalate: evaluate alternate sourcing / expedite fees; alert downstream planning to adjust schedule or safety stock.
0.6140804731825328,Critical,Escalate: evaluate alternate sourcing / expedite fees; alert downstream planning to adjust schedule or safety stock.
0.7466857039471138,Critical,Escalate: evaluate alternate sourcing / expedite fees; alert downstream planning to adjust schedule or safety stock.
0.6794730616588152,Critical,Escalate: evaluate alternate sourcing / expedite fees; alert downstream planning to adjust schedule or safety stock.
0.5331978821040926,High,Buyer follow-up call with supplier; evaluate expedite shipping quote.
0.7600831336515281,Critical,Escalate: evaluate alternate sourcing / expedite fees; alert downstream planning to adjust schedule or safety stock.
0.6268328447561261,Critical,Escalate: evaluate alternate sourcing / expedite fees; alert downstream planning to adjust schedule or safety stock.
0.5966272907436042,High,Buyer follow-up call with supplier; evaluate expedite shipping quote.
0.6527702595978622,Critical,Escalate: evaluate alternate sourcing / expedite fees; alert downstream planning to adjust schedule or safety stock.
0.39000412349799546,High,Buyer follow-up call with supplier; evaluate expedite shipping quote.
0.6504669112259941,Critical,Escalate: evaluate alternate sourcing / expedite fees; alert downstream planning to adjust schedule or safety stock.
0.6193410237225382,Critical,Escalate: evaluate alternate sourcing / expedite fees; alert downstream planning to adjust schedule or safety stock.
0.7644202327241364,Critical,Escalate: evaluate alternate sourcing / expedite fees; alert downstream planning to adjust schedule or safety stock.
0.5996489741370197,High,Buyer follow-up call with supplier; evaluate expedite shipping quote.
0.7181552227912507,Critical,Escalate: evaluate alternate sourcing / expedite fees; alert downstream planning to adjust schedule or safety stock.
0.6287139567828297,Critical,Escalate: evaluate alternate sourcing / expedite fees; alert downstream planning to adjust schedule or safety stock.
0.5458448844081003,High,Buyer follow-up call with supplier; evaluate expedite shipping quote.
0.5594339472034142,High,Buyer follow-up call with supplier; evaluate expedite shipping quote.
0.46391485161393237,High,Buyer follow-up call with supplier; evaluate expedite shipping quote.
0.7306145607525777,Critical,Escalate: evaluate alternate sourcing / expedite fees; alert downstream planning to adjust schedule or safety stock.
0.6389661601522237,Critical,Escalate: evaluate alternate sourcing / expedite fees; alert downstream planning to adjust schedule or safety stock.
0.4969821549988117,High,Buyer follow-up call with supplier; evaluate expedite shipping quote.
0.5600297656475162,High,Buyer follow-up call with supplier; evaluate expedite shipping quote.
0.6055406409613432,Critical,Escalate: evaluate alternate sourcing / expedite fees; alert downstream planning to adjust schedule or safety stock.
0.6654322753509864,Critical,Escalate: evaluate alternate sourcing / expedite fees; alert downstream planning to adjust schedule or safety stock.
0.5710835887751025,High,Buyer follow-up call with supplier; evaluate expedite shipping quote.
0.670780449604553,Critical,Escalate: evaluate alternate sourcing / expedite fees; alert downstream planning to adjust schedule or safety stock.
0.7490068068792743,Critical,Escalate: evaluate alternate sourcing / expedite fees; alert downstream planning to adjust schedule or safety stock.
0.5920720562064368,High,Buyer follow-up call with supplier; evaluate expedite shipping quote.
0.7615953395355025,Critical,Escalate: evaluate alternate sourcing / expedite fees; alert downstream planning to adjust schedule or safety stock.
0.46321220784987566,High,Buyer follow-up call with supplier; evaluate expedite shipping quote.
0.6508192507038761,Critical,Escalate: evaluate alternate sourcing / expedite fees; alert downstream planning to adjust schedule or safety stock.
0.6676197184850248,Critical,Escalate: evaluate alternate sourcing / expedite fees; alert downstream planning to adjust schedule or safety stock.
0.6636323927674196,Critical,Escalate: evaluate alternate sourcing / expedite fees; alert downstream planning to adjust schedule or safety stock.
0.6832488339294637,Critical,Escalate: evaluate alternate sourcing / expedite fees; alert downstream planning to adjust schedule or safety stock.
0.6299828981056673,Critical,Escalate: evaluate alternate sourcing / expedite fees; alert downstream planning to adjust schedule or safety stock.
0.6019163206988423,Critical,Escalate: evaluate alternate sourcing / expedite fees; alert downstream planning to adjust schedule or safety stock.
0.5767477115465757,High,Buyer follow-up call with supplier; evaluate expedite shipping quote.
0.6401684823401247,Critical,Escalate: evaluate alternate sourcing / expedite fees; alert downstream planning to adjust schedule or safety stock.
0.3547503674224561,High,Buyer follow-up call with supplier; evaluate expedite shipping quote.
0.39866295029042825,High,Buyer follow-up call with supplier; evaluate expedite shipping quote.
0.5313711363829936,High,Buyer follow-up call with supplier; evaluate expedite shipping quote.
0.3998957461465641,High,Buyer follow-up call with supplier; evaluate expedite shipping quote.
0.7266652205186692,Critical,Escalate: evaluate alternate sourcing / expedite fees; alert downstream planning to adjust schedule or safety stock.
0.5862198119489911,High,Buyer follow-up call with supplier; evaluate expedite shipping quote.
0.7250428225445318,Critical,Escalate: evaluate alternate sourcing / expedite fees; alert downstream planning to adjust schedule or safety stock.
0.5230586697713325,High,Buyer follow-up call with supplier; evaluate expedite shipping quote.
0.49665978153799495,High,Buyer follow-up call with supplier; evaluate expedite shipping quote.
0.5466120708632072,High,Buyer follow-up call with supplier; evaluate expedite shipping quote.
0.3321224066183776,High,Buyer follow-up call with supplier; evaluate expedite shipping quote.
0.38320197369443465,High,Buyer follow-up call with supplier; evaluate expedite shipping quote.
0.6427725992961123,Critical,Escalate: evaluate alternate sourcing / expedite fees; alert downstream planning to adjust schedule or safety stock.
0.4704318631963017,High,Buyer follow-up call with supplier; evaluate expedite shipping quote.
0.633883305355658,Critical,Escalate: evaluate alternate sourcing / expedite fees; alert downstream planning to adjust schedule or safety stock.
0.4107084987541072,High,Buyer follow-up call with supplier; evaluate expedite shipping quote.
0.51370267973547,High,Buyer follow-up call with supplier; evaluate expedite shipping quote.
0.5599834116355495,High,Buyer follow-up call with supplier; evaluate expedite shipping quote.
0.30747622665569,High,Buyer follow-up call with supplier; evaluate expedite shipping quote.
0.5888216315892333,High,Buyer follow-up call with supplier; evaluate expedite shipping quote.
0.4166174573359985,High,Buyer follow-up call with supplier; evaluate expedite shipping quote.
0.5589186672209895,High,Buyer follow-up call with supplier; evaluate expedite shipping quote.
0.4945935322906196,High,Buyer follow-up call with supplier; evaluate expedite shipping quote.
0.5640409032301412,High,Buyer follow-up call with supplier; evaluate expedite shipping quote.
0.5538443565909057,High,Buyer follow-up call with supplier; evaluate expedite shipping quote.
0.44186652145425204,High,Buyer follow-up call with supplier; evaluate expedite shipping quote.
0.5118895784740254,High,Buyer follow-up call with supplier; evaluate expedite shipping quote.
0.3967335616952618,High,Buyer follow-up call with supplier; evaluate expedite shipping quote.
0.31874072027883316,High,Buyer follow-up call with supplier; evaluate expedite shipping quote.
0.4679313389310748,High,Buyer follow-up call with supplier; evaluate expedite shipping quote.
0.46970239564530436,High,Buyer follow-up call with supplier; evaluate expedite shipping quote.
0.6372616165345021,Critical,Escalate: evaluate alternate sourcing / expedite fees; alert downstream planning to adjust schedule or safety stock.
0.5178436220590057,High,Buyer follow-up call with supplier; evaluate expedite shipping quote.
0.7167706888383432,Critical,Escalate: evaluate alternate sourcing / expedite fees; alert downstream planning to adjust schedule or safety stock.
0.30958589064230124,High,Buyer follow-up call with supplier; evaluate expedite shipping quote.
0.47670641954150006,High,Buyer follow-up call with supplier; evaluate expedite shipping quote.
0.36957052594038553,High,Buyer follow-up call with supplier; evaluate expedite shipping quote.
